ts,temp,power_w,sm_mhz,throttle
1788093294.4913466,78,8.046,210,1
1788093294.5423105,78,8.046,210,1
1788093294.5929296,78,8.046,210,1
1788093294.6434345,78,8.046,210,1
1788093294.693585,78,8.046,210,1
1788093294.7441585,78,8.046,210,1
1788093294.7944267,78,8.046,210,1
1788093294.8449433,78,8.046,210,1
1788093294.8954835,78,8.046,210,1
1788093294.945747,78,8.046,210,1
1788093294.9962702,78,8.046,210,1
1788093295.0468285,78,8.046,210,1
1788093295.0972614,79,9.372,375,1
1788093295.1474664,79,9.372,375,1
1788093295.1980474,79,9.372,375,1
1788093295.2483091,79,9.372,375,1
1788093295.298875,79,9.372,375,1
1788093295.3490636,79,9.372,375,1
1788093295.399455,79,9.372,375,1
1788093295.4496868,79,9.372,375,1
1788093295.4999125,79,9.372,375,1
1788093295.5504222,79,9.372,375,1
1788093295.600657,89,20.209,1320,32
1788093295.6509848,89,20.209,1320,32
1788093295.7011983,89,20.209,1320,32
1788093295.7517264,89,20.209,1320,32
1788093295.8023858,89,20.209,1320,32
1788093295.8525717,89,20.209,1320,32
1788093295.9028585,89,20.209,1320,32
1788093295.9533863,89,20.209,1320,32
1788093296.0040667,89,20.209,1320,32
1788093296.054667,89,20.209,1320,32
1788093296.1050081,87,42.588,1297,32
1788093296.155266,87,42.588,1297,32
1788093296.2056432,87,42.588,1297,32
1788093296.2559624,87,42.588,1297,32
1788093296.3064256,87,42.588,1297,32
1788093296.3570967,87,42.588,1297,32
1788093296.4075675,87,42.588,1297,32
1788093296.458064,87,42.588,1297,32
1788093296.5085454,87,42.588,1297,32
1788093296.5591528,87,42.588,1297,32
1788093296.6098113,87,41.627,1297,32
1788093296.660037,87,41.627,1297,32
1788093296.7104998,87,41.627,1297,32
1788093296.7608953,87,41.627,1297,32
1788093296.8111908,87,41.627,1297,32
1788093296.8613825,87,41.627,1297,32
1788093296.911542,87,41.627,1297,32
1788093296.962119,87,41.627,1297,32
1788093297.0123205,87,41.627,1297,32
1788093297.0629885,87,41.627,1297,32
1788093297.1133049,87,40.951,1297,32
1788093297.1639662,87,40.951,1297,32
1788093297.2141762,87,40.951,1297,32
1788093297.2646859,87,40.951,1297,32
1788093297.314986,87,40.951,1297,32
1788093297.3653746,87,40.951,1297,32
1788093297.4159791,87,40.951,1297,32
1788093297.4661963,87,40.951,1297,32
1788093297.5167878,87,40.951,1297,32
1788093297.5673025,87,40.951,1297,32
1788093297.6177926,87,40.209,1290,32
1788093297.6679065,87,40.209,1290,32
1788093297.7182555,87,40.209,1290,32
1788093297.768664,87,40.209,1290,32
1788093297.8189983,87,40.209,1290,32
1788093297.869406,87,40.209,1290,32
1788093297.9197903,87,40.209,1290,32
1788093297.970346,87,40.209,1290,32
1788093298.020584,87,40.209,1290,32
1788093298.071213,87,40.209,1290,32
1788093298.1215966,87,38.93,1327,32
1788093298.1719513,87,38.93,1327,32
1788093298.222228,87,38.93,1327,32
1788093298.2728357,87,38.93,1327,32
1788093298.3230867,87,38.93,1327,32
1788093298.3734918,87,38.93,1327,32
1788093298.424114,87,38.93,1327,32
1788093298.4748545,87,38.93,1327,32
1788093298.525162,87,38.93,1327,32
1788093298.5753293,87,38.93,1327,32
1788093298.6256948,87,37.098,1387,32
1788093298.6762676,87,37.098,1387,32
1788093298.7269416,87,37.098,1387,32
1788093298.7774382,87,37.098,1387,32
1788093298.8280203,87,37.098,1387,32
1788093298.8819518,87,37.098,1387,32
1788093298.9324026,87,37.098,1387,32
1788093298.9828646,87,37.098,1387,32
1788093299.03334,87,37.098,1387,32
1788093299.0835967,87,37.076,1237,32
1788093299.1340606,87,37.076,1237,32
1788093299.1842875,87,37.076,1237,32
1788093299.2350154,87,37.076,1237,32
1788093299.2855759,87,37.076,1237,32
1788093299.3360965,87,37.076,1237,32
1788093299.3864818,87,37.076,1237,32
1788093299.4367225,87,37.076,1237,32
1788093299.4869883,87,37.076,1237,32
1788093299.5374057,87,37.076,1237,32
1788093299.5877497,87,38.469,1237,32
1788093299.6383262,87,38.469,1237,32
1788093299.6889422,87,38.469,1237,32
1788093299.7392297,87,38.469,1237,32
1788093299.789714,87,38.469,1237,32
1788093299.8401132,87,38.469,1237,32
1788093299.8903606,87,38.469,1237,32
1788093299.9409337,87,38.469,1237,32
1788093299.9915674,87,38.469,1237,32
1788093300.0421662,87,38.469,1237,32
1788093300.0926294,87,37.68,1237,32
1788093300.142892,87,37.68,1237,32
1788093300.1933453,87,37.68,1237,32
1788093300.2435265,87,37.68,1237,32
1788093300.2941992,87,37.68,1237,32
1788093300.3446994,87,37.68,1237,32
1788093300.3951714,87,37.68,1237,32
1788093300.445846,87,37.68,1237,32
1788093300.4965825,87,37.68,1237,32
1788093300.5468895,87,37.68,1237,32
1788093300.597497,87,37.582,1237,32
1788093300.6481392,87,37.582,1237,32
1788093300.6986337,87,37.582,1237,32
1788093300.7489662,87,37.582,1237,32
1788093300.799486,87,37.582,1237,32
1788093300.8500366,87,37.582,1237,32
1788093300.9004457,87,37.582,1237,32
1788093300.9509025,87,37.582,1237,32
1788093301.0012774,87,37.582,1237,32
1788093301.0520012,87,37.582,1237,32
1788093301.1024373,87,37.938,1237,32
1788093301.1530938,87,37.938,1237,32
1788093301.2034652,87,37.938,1237,32
1788093301.2539418,87,37.938,1237,32
1788093301.3041897,87,37.938,1237,32
1788093301.3547869,87,37.938,1237,32
1788093301.405105,87,37.938,1237,32
1788093301.455549,87,37.938,1237,32
1788093301.506167,87,37.938,1237,32
1788093301.556423,87,37.938,1237,32
1788093301.6070237,86,36.272,1642,32
1788093301.657713,86,36.272,1642,32
1788093301.7081869,86,36.272,1642,32
1788093301.7585065,86,36.272,1642,32
1788093301.8090124,86,36.272,1642,32
1788093301.8593333,86,36.272,1642,32
1788093301.9099624,86,36.272,1642,32
1788093301.9603045,86,36.272,1642,32
1788093302.0107405,86,36.272,1642,32
1788093302.060962,86,36.272,1642,32
1788093302.1114907,87,35.51,1237,32
1788093302.1620708,87,35.51,1237,32
1788093302.212506,87,35.51,1237,32
1788093302.2631,87,35.51,1237,32
1788093302.3135374,87,35.51,1237,32
1788093302.363883,87,35.51,1237,32
1788093302.4143236,87,35.51,1237,32
1788093302.4644725,87,35.51,1237,32
1788093302.5146883,87,35.51,1237,32
1788093302.5650344,87,35.51,1237,32
1788093302.6156511,87,35.389,1237,32
1788093302.666204,87,35.389,1237,32
1788093302.7167532,87,35.389,1237,32
1788093302.7671683,87,35.389,1237,32
1788093302.8179276,87,35.389,1237,32
1788093302.8683045,87,35.389,1237,32
1788093302.918779,87,35.389,1237,32
1788093302.9689908,87,35.389,1237,32
1788093303.0195456,87,35.389,1237,32
1788093303.07016,87,35.389,1237,32
1788093303.1203382,87,37.614,1237,32
1788093303.1708252,87,37.614,1237,32
1788093303.2211223,87,37.614,1237,32
1788093303.2716148,87,37.614,1237,32
1788093303.3219407,87,37.614,1237,32
1788093303.372199,87,37.614,1237,32
1788093303.42259,87,37.614,1237,32
1788093303.47304,87,37.614,1237,32
1788093303.52333,87,37.614,1237,32
1788093303.573634,87,37.614,1237,32
1788093303.6239707,87,37.314,1290,32
1788093303.6744602,87,37.314,1290,32
1788093303.725079,87,37.314,1290,32
1788093303.7756622,87,37.314,1290,32
1788093303.8259256,87,37.314,1290,32
1788093303.8765018,87,37.314,1290,32
1788093303.9270346,87,37.314,1290,32
1788093303.9771843,87,37.314,1290,32
1788093304.0274587,87,37.314,1290,32
1788093304.0778134,87,37.314,1290,32
1788093304.1283753,87,36.994,1237,32
1788093304.1787648,87,36.994,1237,32
1788093304.2289975,87,36.994,1237,32
1788093304.2793236,87,36.994,1237,32
1788093304.3297024,87,36.994,1237,32
1788093304.3803082,87,36.994,1237,32
1788093304.4309046,87,36.994,1237,32
1788093304.48126,87,36.994,1237,32
1788093304.531858,87,36.994,1237,32
1788093304.582493,87,36.979,1237,32
1788093304.6329186,87,36.979,1237,32
1788093304.6834953,87,36.979,1237,32
1788093304.7338872,87,36.979,1237,32
1788093304.7842386,87,36.979,1237,32
1788093304.8348558,87,36.979,1237,32
1788093304.8855593,87,36.979,1237,32
1788093304.9357204,87,36.979,1237,32
1788093304.985975,87,36.979,1237,32
1788093305.0362673,87,36.979,1237,32
1788093305.0868306,86,34.877,1620,1
1788093305.137489,86,34.877,1620,1
1788093305.187755,86,34.877,1620,1
1788093305.2382545,86,34.877,1620,1
1788093305.2888987,86,34.877,1620,1
1788093305.3390636,86,34.877,1620,1
1788093305.3892155,86,34.877,1620,1
1788093305.439642,86,34.877,1620,1
1788093305.4899065,86,34.877,1620,1
1788093305.5402691,86,34.877,1620,1
1788093305.590628,87,34.509,1237,32
1788093305.640956,87,34.509,1237,32
1788093305.691225,87,34.509,1237,32
1788093305.741835,87,34.509,1237,32
1788093305.792414,87,34.509,1237,32
1788093305.8430946,87,34.509,1237,32
1788093305.8937166,87,34.509,1237,32
1788093305.9443777,87,34.509,1237,32
1788093305.9946084,87,34.509,1237,32
1788093306.045258,87,34.509,1237,32
1788093306.095837,87,35.308,1237,32
1788093306.1460454,87,35.308,1237,32
1788093306.1965222,87,35.308,1237,32
1788093306.246947,87,35.308,1237,32
1788093306.297273,87,35.308,1237,32
1788093306.3474467,87,35.308,1237,32
1788093306.3977199,87,35.308,1237,32
1788093306.4481702,87,35.308,1237,32
1788093306.4985805,87,35.308,1237,32
1788093306.548981,87,35.308,1237,32
1788093306.5993695,87,37.964,1237,32
1788093306.6500165,87,37.964,1237,32
1788093306.700628,87,37.964,1237,32
1788093306.7512841,87,37.964,1237,32
1788093306.8014984,87,37.964,1237,32
1788093306.8517814,87,37.964,1237,32
1788093306.902135,87,37.964,1237,32
1788093306.9525056,87,37.964,1237,32
1788093307.0029275,87,37.964,1237,32
1788093307.0531259,87,37.964,1237,32
1788093307.1034188,87,38.133,1237,32
1788093307.1537619,87,38.133,1237,32
1788093307.2042117,87,38.133,1237,32
1788093307.2547688,87,38.133,1237,32
1788093307.3053591,87,38.133,1237,32
1788093307.3555822,87,38.133,1237,32
1788093307.4059885,87,38.133,1237,32
1788093307.4563172,87,38.133,1237,32
1788093307.5066552,87,38.133,1237,32
1788093307.557276,87,38.133,1237,32
1788093307.6078975,88,37.725,1237,32
1788093307.658172,88,37.725,1237,32
1788093307.7087266,88,37.725,1237,32
1788093307.7591517,88,37.725,1237,32
1788093307.8093553,88,37.725,1237,32
1788093307.8600063,88,37.725,1237,32
1788093307.9103072,88,37.725,1237,32
1788093307.9605367,88,37.725,1237,32
1788093308.0110655,88,37.725,1237,32
1788093308.061206,88,37.725,1237,32
1788093308.1116443,88,37.411,1237,32
1788093308.161896,88,37.411,1237,32
1788093308.2125297,88,37.411,1237,32
1788093308.2629786,88,37.411,1237,32
1788093308.3133025,88,37.411,1237,32
1788093308.3636403,88,37.411,1237,32
1788093308.4138749,88,37.411,1237,32
1788093308.4641788,88,37.411,1237,32
1788093308.514577,88,37.411,1237,32
1788093308.5649037,88,37.411,1237,32
1788093308.6153462,85,35.08,1237,32
1788093308.6657944,85,35.08,1237,32
1788093308.7160296,85,35.08,1237,32
1788093308.7665823,85,35.08,1237,32
1788093308.8169265,85,35.08,1237,32
1788093308.8675222,85,35.08,1237,32
1788093308.9179466,85,35.08,1237,32
1788093308.9686155,85,35.08,1237,32
1788093309.0191076,85,35.08,1237,32
1788093309.0694914,85,35.08,1237,32
1788093309.120096,87,35.307,1237,32
1788093309.170641,87,35.307,1237,32
1788093309.2213554,87,35.307,1237,32
1788093309.2718697,87,35.307,1237,32
1788093309.3225646,87,35.307,1237,32
1788093309.3730068,87,35.307,1237,32
1788093309.4237444,87,35.307,1237,32
1788093309.4740818,87,35.307,1237,32
1788093309.5245996,87,35.307,1237,32
1788093309.575116,87,35.307,1237,32
1788093309.6256757,88,37.263,1237,32
1788093309.6760287,88,37.263,1237,32
1788093309.7264912,88,37.263,1237,32
1788093309.7771955,88,37.263,1237,32
1788093309.8274324,88,37.263,1237,32
1788093309.8776858,88,37.263,1237,32
1788093309.928313,88,37.263,1237,32
1788093309.9788177,88,37.263,1237,32
1788093310.0294673,88,37.263,1237,32
1788093310.0797255,87,37.834,1237,32
1788093310.1302207,87,37.834,1237,32
1788093310.1810017,87,37.834,1237,32
1788093310.2312691,87,37.834,1237,32
1788093310.281848,87,37.834,1237,32
1788093310.3323867,87,37.834,1237,32
1788093310.3825607,87,37.834,1237,32
1788093310.432881,87,37.834,1237,32
1788093310.4835334,87,37.834,1237,32
1788093310.5339944,87,37.834,1237,32
1788093310.5842228,88,37.845,1237,32
1788093310.634721,88,37.845,1237,32
1788093310.684956,88,37.845,1237,32
1788093310.735463,88,37.845,1237,32
1788093310.7859712,88,37.845,1237,32
1788093310.836339,88,37.845,1237,32
1788093310.8866262,88,37.845,1237,32
1788093310.9368947,88,37.845,1237,32
1788093310.987297,88,37.845,1237,32
1788093311.0379167,88,37.845,1237,32
1788093311.0888069,88,37.741,1237,32
1788093311.1391914,88,37.741,1237,32
1788093311.189327,88,37.741,1237,32
1788093311.239928,88,37.741,1237,32
1788093311.2904809,88,37.741,1237,32
1788093311.340842,88,37.741,1237,32
1788093311.391221,88,37.741,1237,32
1788093311.4418728,88,37.741,1237,32
1788093311.4922547,88,37.741,1237,32
1788093311.5423982,88,37.741,1237,32
1788093311.5926373,88,37.832,1237,32
1788093311.6428251,88,37.832,1237,32
1788093311.6931777,88,37.832,1237,32
1788093311.7437363,88,37.832,1237,32
1788093311.7942407,88,37.832,1237,32
1788093311.8447459,88,37.832,1237,32
1788093311.8950982,88,37.832,1237,32
1788093311.9453256,88,37.832,1237,32
1788093311.9959188,88,37.832,1237,32
1788093312.046539,88,37.832,1237,32
1788093312.0972288,87,34.753,1237,32
1788093312.1476533,87,34.753,1237,32
1788093312.1979637,87,34.753,1237,32
1788093312.2486196,87,34.753,1237,32
1788093312.2990074,87,34.753,1237,32
1788093312.3493638,87,34.753,1237,32
1788093312.3998094,87,34.753,1237,32
1788093312.4502356,87,34.753,1237,32
1788093312.5006177,87,34.753,1237,32
1788093312.5512094,87,34.753,1237,32
1788093312.6015587,88,34.984,1237,32
1788093312.6519313,88,34.984,1237,32
1788093312.7022395,88,34.984,1237,32
1788093312.7528474,88,34.984,1237,32
1788093312.8031106,88,34.984,1237,32
1788093312.8533256,88,34.984,1237,32
1788093312.9039216,88,34.984,1237,32
1788093312.954568,88,34.984,1237,32
1788093313.0051434,88,34.984,1237,32
1788093313.0557375,88,34.984,1237,32
1788093313.1062942,88,38.144,1237,32
1788093313.1566987,88,38.144,1237,32
1788093313.2070107,88,38.144,1237,32
1788093313.2575946,88,38.144,1237,32
1788093313.3081427,88,38.144,1237,32
1788093313.358434,88,38.144,1237,32
1788093313.4088874,88,38.144,1237,32
1788093313.459497,88,38.144,1237,32
1788093313.509815,88,38.144,1237,32
1788093313.5601623,88,38.144,1237,32
1788093313.6105952,88,38.034,1237,32
1788093313.661072,88,38.034,1237,32
1788093313.711621,88,38.034,1237,32
1788093313.761893,88,38.034,1237,32
1788093313.8124027,88,38.034,1237,32
1788093313.862933,88,38.034,1237,32
1788093313.913417,88,38.034,1237,32
1788093313.9637969,88,38.034,1237,32
1788093314.0144682,88,38.034,1237,32
1788093314.0649953,88,38.034,1237,32
1788093314.1154473,88,37.998,1237,32
1788093314.1658154,88,37.998,1237,32
1788093314.2159607,88,37.998,1237,32
1788093314.2664397,88,37.998,1237,32
1788093314.3166678,88,37.998,1237,32
1788093314.3667867,88,37.998,1237,32
1788093314.4171717,88,37.998,1237,32
1788093314.4675384,88,37.998,1237,32
1788093314.5180273,88,37.998,1237,32
1788093314.568491,88,37.998,1237,32
1788093314.6187763,88,37.958,1237,32
1788093314.669374,88,37.958,1237,32
1788093314.7197733,88,37.958,1237,32
1788093314.7700505,88,37.958,1237,32
1788093314.8201969,88,37.958,1237,32
1788093314.870731,88,37.958,1237,32
1788093314.920882,88,37.958,1237,32
1788093314.9715347,88,37.958,1237,32
1788093315.022042,88,37.958,1237,32
1788093315.0725346,88,37.958,1237,32
1788093315.1231377,88,37.622,1237,32
1788093315.17375,88,37.622,1237,32
1788093315.2241669,88,37.622,1237,32
1788093315.2743478,88,37.622,1237,32
1788093315.3249822,88,37.622,1237,32
1788093315.375528,88,37.622,1237,32
1788093315.4260755,88,37.622,1237,32
1788093315.4765806,88,37.622,1237,32
1788093315.526747,88,37.622,1237,32
1788093315.577089,88,37.622,1237,32
1788093315.6277084,86,33.054,1237,32
1788093315.678178,86,33.054,1237,32
1788093315.728489,86,33.054,1237,32
1788093315.7787662,86,33.054,1237,32
1788093315.8290436,86,33.054,1237,32
1788093315.8794818,86,33.054,1237,32
1788093315.930005,86,33.054,1237,32
1788093315.980278,86,33.054,1237,32
1788093316.0307593,86,33.054,1237,32
1788093316.0812714,88,32.745,1237,32
1788093316.1316774,88,32.745,1237,32
1788093316.1823196,88,32.745,1237,32
1788093316.2326984,88,32.745,1237,32
1788093316.2832365,88,32.745,1237,32
1788093316.3336642,88,32.745,1237,32
1788093316.3838582,88,32.745,1237,32
1788093316.434472,88,32.745,1237,32
1788093316.4848661,88,32.745,1237,32
1788093316.53512,88,32.745,1237,32
1788093316.5856829,88,36.901,1237,32
1788093316.635862,88,36.901,1237,32
1788093316.6864638,88,36.901,1237,32
1788093316.736869,88,36.901,1237,32
1788093316.7871568,88,36.901,1237,32
1788093316.8373005,88,36.901,1237,32
1788093316.887437,88,36.901,1237,32
1788093316.9376895,88,36.901,1237,32
1788093316.9880407,88,36.901,1237,32
1788093317.0383668,88,36.901,1237,32
1788093317.088686,88,37.433,1237,32
1788093317.1392055,88,37.433,1237,32
1788093317.1893718,88,37.433,1237,32
1788093317.2395682,88,37.433,1237,32
1788093317.2902665,88,37.433,1237,32
1788093317.340786,88,37.433,1237,32
1788093317.3913238,88,37.433,1237,32
1788093317.4418766,88,37.433,1237,32
1788093317.4925797,88,37.433,1237,32
1788093317.5432358,88,37.433,1237,32
1788093317.5937989,88,37.984,1237,32
1788093317.6441393,88,37.984,1237,32
1788093317.6945424,88,37.984,1237,32
1788093317.744769,88,37.984,1237,32
1788093317.7950215,88,37.984,1237,32
1788093317.845399,88,37.984,1237,32
1788093317.896026,88,37.984,1237,32
1788093317.9466195,88,37.984,1237,32
1788093317.9970899,88,37.984,1237,32
1788093318.047631,88,37.984,1237,32
1788093318.098251,88,38.17,1237,32
1788093318.148709,88,38.17,1237,32
1788093318.1991014,88,38.17,1237,32
1788093318.249452,88,38.17,1237,32
1788093318.2999244,88,38.17,1237,32
1788093318.3505192,88,38.17,1237,32
1788093318.4010391,88,38.17,1237,32
1788093318.4512258,88,38.17,1237,32
1788093318.501587,88,38.17,1237,32
1788093318.5520384,88,38.17,1237,32
1788093318.6026921,88,37.961,1237,32
1788093318.6532478,88,37.961,1237,32
1788093318.7034106,88,37.961,1237,32
1788093318.7540493,88,37.961,1237,32
1788093318.80473,88,37.961,1237,32
1788093318.8550909,88,37.961,1237,32
1788093318.9052708,88,37.961,1237,32
1788093318.955907,88,37.961,1237,32
1788093319.0060434,88,37.961,1237,32
1788093319.0563414,88,37.961,1237,32
1788093319.106976,88,35.273,1237,32
1788093319.1575825,88,35.273,1237,32
1788093319.208208,88,35.273,1237,32
1788093319.2587566,88,35.273,1237,32
1788093319.308998,88,35.273,1237,32
1788093319.3592842,88,35.273,1237,32
1788093319.4094195,88,35.273,1237,32
1788093319.4596508,88,35.273,1237,32
1788093319.5099232,88,35.273,1237,32
1788093319.5602517,88,35.273,1237,32
1788093319.6104472,88,35.285,1237,32
1788093319.6606658,88,35.285,1237,32
1788093319.711065,88,35.285,1237,32
1788093319.7615383,88,35.285,1237,32
1788093319.811845,88,35.285,1237,32
1788093319.8623924,88,35.285,1237,32
1788093319.9129376,88,35.285,1237,32
1788093319.963268,88,35.285,1237,32
1788093320.0135195,88,35.285,1237,32
1788093320.0638082,88,35.285,1237,32
1788093320.1144972,88,38.03,1237,32
1788093320.1649072,88,38.03,1237,32
1788093320.2151103,88,38.03,1237,32
1788093320.2655947,88,38.03,1237,32
1788093320.3158917,88,38.03,1237,32
1788093320.366041,88,38.03,1237,32
1788093320.4162695,88,38.03,1237,32
1788093320.4666684,88,38.03,1237,32
1788093320.5169802,88,38.03,1237,32
1788093320.5675051,88,38.03,1237,32
1788093320.6180794,88,38.176,1237,32
1788093320.668664,88,38.176,1237,32
1788093320.719061,88,38.176,1237,32
1788093320.7693815,88,38.176,1237,32
1788093320.8200362,88,38.176,1237,32
1788093320.8706176,88,38.176,1237,32
1788093320.9212463,88,38.176,1237,32
1788093320.9717655,88,38.176,1237,32
1788093321.0221348,88,38.176,1237,32
1788093321.0724533,88,38.176,1237,32
1788093321.1231117,88,38.394,1237,32
1788093321.173669,88,38.394,1237,32
1788093321.224036,88,38.394,1237,32
1788093321.2742252,88,38.394,1237,32
1788093321.324453,88,38.394,1237,32
1788093321.3747735,88,38.394,1237,32
1788093321.425153,88,38.394,1237,32
1788093321.4758446,88,38.394,1237,32
1788093321.5264816,88,38.394,1237,32
1788093321.5769541,88,38.394,1237,32
1788093321.627222,88,38.298,1237,32
1788093321.677495,88,38.298,1237,32
1788093321.728019,88,38.298,1237,32
1788093321.7784367,88,38.298,1237,32
1788093321.8287714,88,38.298,1237,32
1788093321.8793461,88,38.298,1237,32
1788093321.9298806,88,38.298,1237,32
1788093321.980099,88,38.298,1237,32
1788093322.0305333,88,38.298,1237,32
1788093322.0806923,88,38.298,1237,32
1788093322.1312985,86,35.348,1237,32
1788093322.1818008,86,35.348,1237,32
1788093322.232365,86,35.348,1237,32
1788093322.2829096,86,35.348,1237,32
1788093322.3334353,86,35.348,1237,32
1788093322.3836415,86,35.348,1237,32
1788093322.4339292,86,35.348,1237,32
1788093322.4844544,86,35.348,1237,32
1788093322.5348241,86,35.348,1237,32
1788093322.58529,88,34.689,1237,32
1788093322.6355402,88,34.689,1237,32
1788093322.6861181,88,34.689,1237,32
1788093322.7366462,88,34.689,1237,32
1788093322.7870111,88,34.689,1237,32
1788093322.8373837,88,34.689,1237,32
1788093322.8878148,88,34.689,1237,32
1788093322.9384792,88,34.689,1237,32
1788093322.988867,88,34.689,1237,32
1788093323.039486,88,34.689,1237,32
1788093323.0897055,88,35.577,1237,32
1788093323.1399639,88,35.577,1237,32
1788093323.1904268,88,35.577,1237,32
1788093323.240644,88,35.577,1237,32
1788093323.2913468,88,35.577,1237,32
1788093323.3418155,88,35.577,1237,32
1788093323.3923059,88,35.577,1237,32
1788093323.4425514,88,35.577,1237,32
1788093323.493131,88,35.577,1237,32
1788093323.5436265,88,35.577,1237,32
1788093323.593921,88,38.215,1237,32
1788093323.6445603,88,38.215,1237,32
1788093323.695334,88,38.215,1237,32
1788093323.7454934,88,38.215,1237,32
1788093323.7957356,88,38.215,1237,32
1788093323.8462765,88,38.215,1237,32
1788093323.8968203,88,38.215,1237,32
1788093323.947129,88,38.215,1237,32
1788093323.9975219,88,38.215,1237,32
1788093324.0477226,88,38.215,1237,32
1788093324.0980265,88,38.416,1237,32
1788093324.1482837,88,38.416,1237,32
1788093324.1989303,88,38.416,1237,32
1788093324.249564,88,38.416,1237,32
1788093324.3001196,88,38.416,1237,32
1788093324.3503134,88,38.416,1237,32
1788093324.400803,88,38.416,1237,32
1788093324.451244,88,38.416,1237,32
1788093324.5018442,88,38.416,1237,32
1788093324.5524278,88,38.416,1237,32
1788093324.603104,88,38.256,1237,32
1788093324.6535046,88,38.256,1237,32
1788093324.703823,88,38.256,1237,32
1788093324.7542763,88,38.256,1237,32
1788093324.8049302,88,38.256,1237,32
1788093324.8553758,88,38.256,1237,32
1788093324.9059634,88,38.256,1237,32
1788093324.9560623,88,38.256,1237,32
1788093325.0063508,88,38.256,1237,32
1788093325.05694,88,38.256,1237,32
1788093325.107094,88,38.078,1237,32
1788093325.1573493,88,38.078,1237,32
1788093325.207773,88,38.078,1237,32
1788093325.2581882,88,38.078,1237,32
1788093325.3084075,88,38.078,1237,32
1788093325.3588128,88,38.078,1237,32
1788093325.4092038,88,38.078,1237,32
1788093325.459661,88,38.078,1237,32
1788093325.5101478,88,38.078,1237,32
1788093325.560682,88,38.078,1237,32
1788093325.610919,87,34.768,1237,32
1788093325.661532,87,34.768,1237,32
1788093325.7120564,87,34.768,1237,32
1788093325.762423,87,34.768,1237,32
1788093325.8130043,87,34.768,1237,32
1788093325.863198,87,34.768,1237,32
1788093325.9134998,87,34.768,1237,32
1788093325.9639785,87,34.768,1237,32
1788093326.0145555,87,34.768,1237,32
1788093326.064793,87,34.768,1237,32
1788093326.1150157,88,34.85,1237,32
1788093326.1657045,88,34.85,1237,32
1788093326.2162473,88,34.85,1237,32
1788093326.2664921,88,34.85,1237,32
1788093326.3170002,88,34.85,1237,32
1788093326.367199,88,34.85,1237,32
1788093326.4177835,88,34.85,1237,32
1788093326.4683142,88,34.85,1237,32
1788093326.5189066,88,34.85,1237,32
1788093326.569109,88,34.85,1237,32
1788093326.619402,88,38.123,1237,32
1788093326.669626,88,38.123,1237,32
1788093326.720059,88,38.123,1237,32
1788093326.77023,88,38.123,1237,32
1788093326.8206074,88,38.123,1237,32
1788093326.871265,88,38.123,1237,32
1788093326.9218104,88,38.123,1237,32
1788093326.9722693,88,38.123,1237,32
1788093327.0224402,88,38.123,1237,32
1788093327.072673,88,38.123,1237,32
1788093327.1232913,88,37.88,1237,32
1788093327.1738524,88,37.88,1237,32
1788093327.2243886,88,37.88,1237,32
1788093327.2748125,88,37.88,1237,32
1788093327.3251233,88,37.88,1237,32
1788093327.3756473,88,37.88,1237,32
1788093327.4261124,88,37.88,1237,32
1788093327.4767148,88,37.88,1237,32
1788093327.527017,88,37.88,1237,32
1788093327.5774739,88,37.88,1237,32
1788093327.6279588,88,37.3,1237,32
1788093327.678497,88,37.3,1237,32
1788093327.7290666,88,37.3,1237,32
1788093327.7793365,88,37.3,1237,32
1788093327.8297608,88,37.3,1237,32
1788093327.8804834,88,37.3,1237,32
1788093327.9306543,88,37.3,1237,32
1788093327.9810653,88,37.3,1237,32
1788093328.0330532,88,37.3,1237,32
1788093328.0834498,88,36.875,1237,32
1788093328.133999,88,36.875,1237,32
1788093328.1846435,88,36.875,1237,32
1788093328.2349045,88,36.875,1237,32
1788093328.285228,88,36.875,1237,32
1788093328.3355877,88,36.875,1237,32
1788093328.3862436,88,36.875,1237,32
1788093328.4368498,88,36.875,1237,32
1788093328.4873524,88,36.875,1237,32
1788093328.537909,88,36.875,1237,32
1788093328.5885272,88,36.618,1237,32
1788093328.6392677,88,36.618,1237,32
1788093328.689599,88,36.618,1237,32
1788093328.740079,88,36.618,1237,32
1788093328.7906027,88,36.618,1237,32
1788093328.8411977,88,36.618,1237,32
1788093328.8917375,88,36.618,1237,32
1788093328.9421136,88,36.618,1237,32
1788093328.992478,88,36.618,1237,32
1788093329.0428908,88,36.618,1237,32
1788093329.0936038,87,33.585,1237,32
1788093329.1440768,87,33.585,1237,32
1788093329.1943703,87,33.585,1237,32
1788093329.2449775,87,33.585,1237,32
1788093329.2957044,87,33.585,1237,32
1788093329.3460207,87,33.585,1237,32
1788093329.3965194,87,33.585,1237,32
1788093329.4470835,87,33.585,1237,32
1788093329.4976485,87,33.585,1237,32
1788093329.5479608,87,33.585,1237,32
1788093329.5986478,88,34.588,1237,32
1788093329.649302,88,34.588,1237,32
1788093329.6997988,88,34.588,1237,32
1788093329.7501225,88,34.588,1237,32
1788093329.8005798,88,34.588,1237,32
1788093329.8509085,88,34.588,1237,32
1788093329.9014919,88,34.588,1237,32
1788093329.9517453,88,34.588,1237,32
1788093330.0022354,88,34.588,1237,32
1788093330.0527878,88,34.588,1237,32
1788093330.1031883,88,38.022,1237,32
1788093330.1534014,88,38.022,1237,32
1788093330.2040596,88,38.022,1237,32
1788093330.2543771,88,38.022,1237,32
1788093330.3047822,88,38.022,1237,32
1788093330.3551326,88,38.022,1237,32
1788093330.4054892,88,38.022,1237,32
1788093330.4557197,88,38.022,1237,32
1788093330.5063405,88,38.022,1237,32
1788093330.5567634,88,38.022,1237,32
1788093330.6073105,89,37.998,1237,32
1788093330.6579607,89,37.998,1237,32
1788093330.7084134,89,37.998,1237,32
1788093330.7589486,89,37.998,1237,32
1788093330.8093336,89,37.998,1237,32
1788093330.859966,89,37.998,1237,32
1788093330.910524,89,37.998,1237,32
1788093330.9611568,89,37.998,1237,32
1788093331.0115116,89,37.998,1237,32
1788093331.061952,89,37.998,1237,32
1788093331.1126573,89,38.302,1237,32
1788093331.163415,89,38.302,1237,32
1788093331.213827,89,38.302,1237,32
1788093331.264327,89,38.302,1237,32
1788093331.3149998,89,38.302,1237,32
1788093331.3654583,89,38.302,1237,32
1788093331.4160967,89,38.302,1237,32
1788093331.470517,89,38.302,1237,32
1788093331.5210211,89,38.302,1237,32
1788093331.5714138,89,38.302,1237,32
1788093331.6218128,88,37.503,1237,32
1788093331.6723309,88,37.503,1237,32
1788093331.7229247,88,37.503,1237,32
1788093331.7735572,88,37.503,1237,32
1788093331.8238761,88,37.503,1237,32
1788093331.8740814,88,37.503,1237,32
1788093331.9270897,88,37.503,1237,32
1788093331.9777396,88,37.503,1237,32
1788093332.0283053,88,37.503,1237,32
1788093332.0789137,88,37.503,1237,32
1788093332.1291633,88,37.181,1237,32
1788093332.1794972,88,37.181,1237,32
1788093332.2297745,88,37.181,1237,32
1788093332.280076,88,37.181,1237,32
1788093332.3302174,88,37.181,1237,32
1788093332.3807862,88,37.181,1237,32
1788093332.431095,88,37.181,1237,32
1788093332.4816384,88,37.181,1237,32
1788093332.5321734,88,37.181,1237,32
1788093332.5826473,87,34.39,1237,32
1788093332.6328757,87,34.39,1237,32
1788093332.6830738,87,34.39,1237,32
1788093332.7333117,87,34.39,1237,32
1788093332.7837512,87,34.39,1237,32
1788093332.8344338,87,34.39,1237,32
1788093332.8851368,87,34.39,1237,32
1788093332.9353187,87,34.39,1237,32
1788093332.9856763,87,34.39,1237,32
1788093333.036031,87,34.39,1237,32
1788093333.0862014,88,34.821,1237,32
1788093333.13643,88,34.821,1237,32
1788093333.1866636,88,34.821,1237,32
1788093333.237049,88,34.821,1237,32
1788093333.287223,88,34.821,1237,32
1788093333.3375278,88,34.821,1237,32
1788093333.3878162,88,34.821,1237,32
1788093333.4383407,88,34.821,1237,32
1788093333.488654,88,34.821,1237,32
1788093333.539053,88,34.821,1237,32
1788093333.5895338,89,38.021,1237,32
1788093333.6398368,89,38.021,1237,32
1788093333.6904514,89,38.021,1237,32
1788093333.740882,89,38.021,1237,32
1788093333.791302,89,38.021,1237,32
1788093333.8419015,89,38.021,1237,32
1788093333.8924499,89,38.021,1237,32
1788093333.9429765,89,38.021,1237,32
1788093333.9934697,89,38.021,1237,32
1788093334.043875,89,38.021,1237,32
1788093334.0941348,89,38.07,1237,32
1788093334.1445045,89,38.07,1237,32
1788093334.1949277,89,38.07,1237,32
1788093334.245552,89,38.07,1237,32
1788093334.2959378,89,38.07,1237,32
1788093334.3464828,89,38.07,1237,32
1788093334.3970165,89,38.07,1237,32
1788093334.4477043,89,38.07,1237,32
1788093334.498197,89,38.07,1237,32
1788093334.5488498,89,38.07,1237,32
1788093334.5993252,89,38.165,1237,32
1788093334.6497593,89,38.165,1237,32
1788093334.7004185,89,38.165,1237,32
1788093334.7509289,89,38.165,1237,32
1788093334.801526,89,38.165,1237,32
1788093334.8517916,89,38.165,1237,32
1788093334.902494,89,38.165,1237,32
1788093334.9531093,89,38.165,1237,32
1788093335.0037577,89,38.165,1237,32
1788093335.0542355,89,38.165,1237,32
1788093335.1045046,89,38.386,1237,32
1788093335.1547027,89,38.386,1237,32
1788093335.2051425,89,38.386,1237,32
1788093335.2554338,89,38.386,1237,32
1788093335.3056939,89,38.386,1237,32
1788093335.3560438,89,38.386,1237,32
1788093335.4063487,89,38.386,1237,32
1788093335.4569733,89,38.386,1237,32
1788093335.507416,89,38.386,1237,32
1788093335.557886,89,38.386,1237,32
1788093335.6081293,89,37.548,1237,32
1788093335.6586092,89,37.548,1237,32
1788093335.7089558,89,37.548,1237,32
1788093335.7592576,89,37.548,1237,32
1788093335.8094254,89,37.548,1237,32
1788093335.859679,89,37.548,1237,32
1788093335.910108,89,37.548,1237,32
1788093335.9606295,89,37.548,1237,32
1788093336.0111778,89,37.548,1237,32
1788093336.061721,89,37.548,1237,32
1788093336.1120887,88,34.255,1237,32
1788093336.162517,88,34.255,1237,32
1788093336.213072,88,34.255,1237,32
1788093336.263373,88,34.255,1237,32
1788093336.3140013,88,34.255,1237,32
1788093336.3642476,88,34.255,1237,32
1788093336.4146595,88,34.255,1237,32
1788093336.4650652,88,34.255,1237,32
1788093336.515552,88,34.255,1237,32
1788093336.5661428,88,34.255,1237,32
1788093336.616691,88,34.206,1237,32
1788093336.666923,88,34.206,1237,32
1788093336.717342,88,34.206,1237,32
1788093336.767818,88,34.206,1237,32
1788093336.8180063,88,34.206,1237,32
1788093336.8684695,88,34.206,1237,32
1788093336.918881,88,34.206,1237,32
1788093336.9691756,88,34.206,1237,32
1788093337.0197809,88,34.206,1237,32
1788093337.07035,88,34.206,1237,32
1788093337.120534,89,38.169,1237,32
1788093337.1706996,89,38.169,1237,32
1788093337.2212546,89,38.169,1237,32
1788093337.2716193,89,38.169,1237,32
1788093337.3221745,89,38.169,1237,32
1788093337.3727105,89,38.169,1237,32
1788093337.4231057,89,38.169,1237,32
1788093337.4734502,89,38.169,1237,32
1788093337.5238109,89,38.169,1237,32
1788093337.574332,89,38.169,1237,32
1788093337.624916,88,37.989,1237,32
1788093337.6753073,88,37.989,1237,32
1788093337.7258742,88,37.989,1237,32
1788093337.7762141,88,37.989,1237,32
1788093337.8266728,88,37.989,1237,32
1788093337.8771157,88,37.989,1237,32
1788093337.9274056,88,37.989,1237,32
1788093337.9776523,88,37.989,1237,32
1788093338.027923,88,37.989,1237,32
1788093338.0782976,88,37.989,1237,32
1788093338.128614,89,37.583,1237,32
1788093338.1790118,89,37.583,1237,32
1788093338.2296069,89,37.583,1237,32
1788093338.2798502,89,37.583,1237,32
1788093338.3301792,89,37.583,1237,32
1788093338.380868,89,37.583,1237,32
1788093338.4312494,89,37.583,1237,32
1788093338.481836,89,37.583,1237,32
1788093338.5322077,89,37.583,1237,32
1788093338.5825377,89,37.583,1237,32
1788093338.6330085,89,37.762,1237,32
1788093338.6832435,89,37.762,1237,32
1788093338.7336721,89,37.762,1237,32
1788093338.784073,89,37.762,1237,32
1788093338.8345256,89,37.762,1237,32
1788093338.8849204,89,37.762,1237,32
1788093338.935637,89,37.762,1237,32
1788093338.985929,89,37.762,1237,32
1788093339.036143,89,37.762,1237,32
1788093339.0867918,87,36.005,1252,32
1788093339.1372344,87,36.005,1252,32
1788093339.1877491,87,36.005,1252,32
1788093339.238257,87,36.005,1252,32
1788093339.2886271,87,36.005,1252,32
1788093339.3388715,87,36.005,1252,32
1788093339.389379,87,36.005,1252,32
1788093339.4396842,87,36.005,1252,32
1788093339.490287,87,36.005,1252,32
1788093339.5405512,87,36.005,1252,32
1788093339.5912142,88,32.419,1237,32
1788093339.641807,88,32.419,1237,32
1788093339.6924264,88,32.419,1237,32
1788093339.7428997,88,32.419,1237,32
1788093339.7934043,88,32.419,1237,32
1788093339.8435986,88,32.419,1237,32
1788093339.894271,88,32.419,1237,32
1788093339.9446363,88,32.419,1237,32
1788093339.9950345,88,32.419,1237,32
1788093340.0456388,88,32.419,1237,32
1788093340.096091,88,31.965,1237,32
1788093340.146346,88,31.965,1237,32
1788093340.1969016,88,31.965,1237,32
1788093340.2473726,88,31.965,1237,32
1788093340.297605,88,31.965,1237,32
1788093340.347924,88,31.965,1237,32
1788093340.398246,88,31.965,1237,32
1788093340.4489684,88,31.965,1237,32
1788093340.499315,88,31.965,1237,32
1788093340.549546,88,31.965,1237,32
1788093340.6000102,88,36.655,1237,32
1788093340.6503782,88,36.655,1237,32
1788093340.7010376,88,36.655,1237,32
1788093340.7513063,88,36.655,1237,32
1788093340.8017561,88,36.655,1237,32
1788093340.852111,88,36.655,1237,32
1788093340.9024293,88,36.655,1237,32
1788093340.9530103,88,36.655,1237,32
1788093341.0034678,88,36.655,1237,32
1788093341.053613,88,36.655,1237,32
1788093341.1041586,88,37.105,1237,32
1788093341.154537,88,37.105,1237,32
1788093341.2052078,88,37.105,1237,32
1788093341.2556038,88,37.105,1237,32
1788093341.306146,88,37.105,1237,32
1788093341.3564923,88,37.105,1237,32
1788093341.4071689,88,37.105,1237,32
1788093341.4573233,88,37.105,1237,32
1788093341.5075824,88,37.105,1237,32
1788093341.5581496,88,37.105,1237,32
1788093341.6087813,89,37.628,1237,32
1788093341.6593585,89,37.628,1237,32
1788093341.7097175,89,37.628,1237,32
1788093341.7598755,89,37.628,1237,32
1788093341.8104534,89,37.628,1237,32
1788093341.8606741,89,37.628,1237,32
1788093341.9112275,89,37.628,1237,32
1788093341.962092,89,37.628,1237,32
1788093342.0125868,89,37.628,1237,32
1788093342.063189,89,37.628,1237,32
1788093342.1133537,89,38.06,1237,32
1788093342.1638029,89,38.06,1237,32
1788093342.2144883,89,38.06,1237,32
1788093342.2652123,89,38.06,1237,32
1788093342.315445,89,38.06,1237,32
1788093342.3658679,89,38.06,1237,32
1788093342.4163127,89,38.06,1237,32
1788093342.466973,89,38.06,1237,32
1788093342.5173702,89,38.06,1237,32
1788093342.5675154,89,38.06,1237,32
1788093342.617921,89,37.656,1237,32
1788093342.6684186,89,37.656,1237,32
1788093342.7189748,89,37.656,1237,32
1788093342.7694707,89,37.656,1237,32
1788093342.8197992,89,37.656,1237,32
1788093342.8702202,89,37.656,1237,32
1788093342.9207475,89,37.656,1237,32
1788093342.9710865,89,37.656,1237,32
1788093343.0214097,89,37.656,1237,32
1788093343.0717595,89,37.656,1237,32
1788093343.122372,88,34.816,1237,32
1788093343.172787,88,34.816,1237,32
1788093343.223038,88,34.816,1237,32
1788093343.27342,88,34.816,1237,32
1788093343.323939,88,34.816,1237,32
1788093343.3744793,88,34.816,1237,32
1788093343.425122,88,34.816,1237,32
1788093343.4753149,88,34.816,1237,32
1788093343.5258808,88,34.816,1237,32
1788093343.576294,88,34.816,1237,32
1788093343.6268406,89,34.798,1237,32
1788093343.6774168,89,34.798,1237,32
1788093343.7278807,89,34.798,1237,32
1788093343.77809,89,34.798,1237,32
1788093343.8284864,89,34.798,1237,32
1788093343.8791006,89,34.798,1237,32
1788093343.9294486,89,34.798,1237,32
1788093343.9798532,89,34.798,1237,32
1788093344.0301752,89,34.798,1237,32
1788093344.0808523,89,34.798,1237,32
1788093344.1312778,89,38.164,1237,32
1788093344.1819258,89,38.164,1237,32
1788093344.2323241,89,38.164,1237,32
1788093344.282654,89,38.164,1237,32
1788093344.3331356,89,38.164,1237,32
1788093344.3833394,89,38.164,1237,32
1788093344.4341161,89,38.164,1237,32
1788093344.4846156,89,38.164,1237,32
1788093344.5350869,89,38.164,1237,32
1788093344.5857396,89,38.211,1237,32
1788093344.6358669,89,38.211,1237,32
1788093344.6864467,89,38.211,1237,32
1788093344.736728,89,38.211,1237,32
1788093344.7869716,89,38.211,1237,32
1788093344.8375754,89,38.211,1237,32
1788093344.8881474,89,38.211,1237,32
1788093344.9383934,89,38.211,1237,32
1788093344.9888866,89,38.211,1237,32
1788093345.0392072,89,38.211,1237,32
1788093345.089856,89,38.487,1237,32
1788093345.1401749,89,38.487,1237,32
1788093345.190652,89,38.487,1237,32
1788093345.2413094,89,38.487,1237,32
1788093345.2918754,89,38.487,1237,32
1788093345.3423347,89,38.487,1237,32
1788093345.3924928,89,38.487,1237,32
1788093345.4429069,89,38.487,1237,32
1788093345.4932504,89,38.487,1237,32
1788093345.5437465,89,38.487,1237,32
1788093345.594306,89,38.557,1237,32
1788093345.64465,89,38.557,1237,32
1788093345.6949904,89,38.557,1237,32
1788093345.7455094,89,38.557,1237,32
1788093345.795703,89,38.557,1237,32
1788093345.8461819,89,38.557,1237,32
1788093345.896441,89,38.557,1237,32
1788093345.946825,89,38.557,1237,32
1788093345.997195,89,38.557,1237,32
1788093346.0473235,89,38.557,1237,32
1788093346.0976164,87,35.074,1237,32
1788093346.1478946,87,35.074,1237,32
1788093346.1982956,87,35.074,1237,32
1788093346.2487879,87,35.074,1237,32
1788093346.299183,87,35.074,1237,32
1788093346.3494375,87,35.074,1237,32
1788093346.3998566,87,35.074,1237,32
1788093346.4501476,87,35.074,1237,32
1788093346.500713,87,35.074,1237,32
1788093346.5511544,87,35.074,1237,32
1788093346.601314,88,34.606,1237,32
1788093346.6516066,88,34.606,1237,32
1788093346.7021604,88,34.606,1237,32
1788093346.7525046,88,34.606,1237,32
1788093346.80279,88,34.606,1237,32
1788093346.853075,88,34.606,1237,32
1788093346.9035196,88,34.606,1237,32
1788093346.9538422,88,34.606,1237,32
1788093347.0044007,88,34.606,1237,32
1788093347.0549703,88,34.606,1237,32
1788093347.105204,89,35.864,1237,32
1788093347.1558352,89,35.864,1237,32
1788093347.2060766,89,35.864,1237,32
1788093347.256461,89,35.864,1237,32
1788093347.3070703,89,35.864,1237,32
1788093347.357462,89,35.864,1237,32
1788093347.407947,89,35.864,1237,32
1788093347.4584553,89,35.864,1237,32
1788093347.5086274,89,35.864,1237,32
1788093347.558958,89,35.864,1237,32
1788093347.6096175,89,38.248,1237,32
1788093347.6602497,89,38.248,1237,32
1788093347.710618,89,38.248,1237,32
1788093347.760921,89,38.248,1237,32
1788093347.8114758,89,38.248,1237,32
1788093347.8616974,89,38.248,1237,32
1788093347.9121094,89,38.248,1237,32
1788093347.9627204,89,38.248,1237,32
1788093348.0131414,89,38.248,1237,32
1788093348.0637841,89,38.248,1237,32
1788093348.1145175,89,38.484,1237,32
1788093348.164713,89,38.484,1237,32
1788093348.2151065,89,38.484,1237,32
1788093348.2654731,89,38.484,1237,32
1788093348.3157868,89,38.484,1237,32
1788093348.3663712,89,38.484,1237,32
1788093348.4168217,89,38.484,1237,32
1788093348.467429,89,38.484,1237,32
1788093348.5178778,89,38.484,1237,32
1788093348.5683844,89,38.484,1237,32
1788093348.618878,89,38.298,1237,32
1788093348.6690483,89,38.298,1237,32
1788093348.719283,89,38.298,1237,32
1788093348.769757,89,38.298,1237,32
1788093348.8201315,89,38.298,1237,32
1788093348.8707707,89,38.298,1237,32
1788093348.921404,89,38.298,1237,32
1788093348.9717193,89,38.298,1237,32
1788093349.0221918,89,38.298,1237,32
1788093349.0724645,89,38.298,1237,32
1788093349.1229737,89,38.126,1237,32
1788093349.1732023,89,38.126,1237,32
1788093349.2236245,89,38.126,1237,32
1788093349.2742162,89,38.126,1237,32
1788093349.3245432,89,38.126,1237,32
1788093349.3747702,89,38.126,1237,32
1788093349.4250233,89,38.126,1237,32
1788093349.475395,89,38.126,1237,32
1788093349.525562,89,38.126,1237,32
1788093349.575726,89,38.126,1237,32
1788093349.6261,87,34.766,1237,32
1788093349.6767223,87,34.766,1237,32
1788093349.72693,87,34.766,1237,32
1788093349.7775314,87,34.766,1237,32
1788093349.8281078,87,34.766,1237,32
1788093349.878338,87,34.766,1237,32
1788093349.928733,87,34.766,1237,32
1788093349.9789298,87,34.766,1237,32
1788093350.0293882,87,34.766,1237,32
1788093350.0798595,87,34.766,1237,32
1788093350.1304774,89,34.878,1237,32
1788093350.181195,89,34.878,1237,32
1788093350.2318308,89,34.878,1237,32
1788093350.2820125,89,34.878,1237,32
1788093350.3325534,89,34.878,1237,32
1788093350.3828492,89,34.878,1237,32
1788093350.433095,89,34.878,1237,32
1788093350.4833665,89,34.878,1237,32
1788093350.5340228,89,34.878,1237,32
1788093350.5841966,89,38.256,1237,32
1788093350.634658,89,38.256,1237,32
1788093350.6851547,89,38.256,1237,32
1788093350.7355642,89,38.256,1237,32
1788093350.7861989,89,38.256,1237,32
1788093350.8365583,89,38.256,1237,32
1788093350.887101,89,38.256,1237,32
1788093350.9373918,89,38.256,1237,32
1788093350.9876711,89,38.256,1237,32
1788093351.037928,89,38.256,1237,32
1788093351.0884814,89,38.169,1237,32
1788093351.1387165,89,38.169,1237,32
1788093351.1890793,89,38.169,1237,32
1788093351.2396388,89,38.169,1237,32
1788093351.2900486,89,38.169,1237,32
1788093351.3405027,89,38.169,1237,32
1788093351.3909538,89,38.169,1237,32
1788093351.441482,89,38.169,1237,32
1788093351.4918582,89,38.169,1237,32
1788093351.5425265,89,38.169,1237,32
1788093351.5930128,88,37.22,1237,32
1788093351.6434667,88,37.22,1237,32
1788093351.6938164,88,37.22,1237,32
1788093351.7441568,88,37.22,1237,32
1788093351.7943957,88,37.22,1237,32
1788093351.84457,88,37.22,1237,32
1788093351.894975,88,37.22,1237,32
1788093351.94565,88,37.22,1237,32
1788093351.9958425,88,37.22,1237,32
1788093352.0464242,88,37.22,1237,32
1788093352.0967007,89,36.741,1237,32
1788093352.1471076,89,36.741,1237,32
1788093352.1978374,89,36.741,1237,32
1788093352.2482944,89,36.741,1237,32
1788093352.2988243,89,36.741,1237,32
1788093352.3493001,89,36.741,1237,32
1788093352.3998332,89,36.741,1237,32
1788093352.4502969,89,36.741,1237,32
1788093352.5004518,89,36.741,1237,32
1788093352.5509624,89,36.741,1237,32
1788093352.601404,89,36.965,1237,32
1788093352.6517978,89,36.965,1237,32
1788093352.702336,89,36.965,1237,32
1788093352.7530353,89,36.965,1237,32
1788093352.803387,89,36.965,1237,32
1788093352.8536098,89,36.965,1237,32
1788093352.9041352,89,36.965,1237,32
1788093352.9546678,89,36.965,1237,32
1788093353.0053434,89,36.965,1237,32
1788093353.0560281,89,36.965,1237,32
1788093353.1064334,87,33.495,1237,32
1788093353.1567159,87,33.495,1237,32
1788093353.2073312,87,33.495,1237,32
1788093353.2578642,87,33.495,1237,32
1788093353.3084273,87,33.495,1237,32
1788093353.358655,87,33.495,1237,32
1788093353.4088361,87,33.495,1237,32
1788093353.459104,87,33.495,1237,32
1788093353.5097303,87,33.495,1237,32
1788093353.5603364,87,33.495,1237,32
1788093353.6108088,89,33.885,1237,32
1788093353.661106,89,33.885,1237,32
1788093353.7120366,89,33.885,1237,32
1788093353.7622852,89,33.885,1237,32
1788093353.8125422,89,33.885,1237,32
1788093353.863118,89,33.885,1237,32
1788093353.9136722,89,33.885,1237,32
1788093353.9638689,89,33.885,1237,32
1788093354.0143313,89,33.885,1237,32
1788093354.0647788,89,33.885,1237,32
1788093354.115253,89,38.053,1237,32
1788093354.1656222,89,38.053,1237,32
1788093354.2160492,89,38.053,1237,32
1788093354.2666206,89,38.053,1237,32
1788093354.3168283,89,38.053,1237,32
1788093354.3672671,89,38.053,1237,32
1788093354.4176085,89,38.053,1237,32
1788093354.4680152,89,38.053,1237,32
1788093354.5183995,89,38.053,1237,32
1788093354.568865,89,38.053,1237,32
1788093354.6194632,89,38.303,1237,32
1788093354.6697118,89,38.303,1237,32
1788093354.720245,89,38.303,1237,32
1788093354.7707126,89,38.303,1237,32
1788093354.821125,89,38.303,1237,32
1788093354.8716443,89,38.303,1237,32
1788093354.922179,89,38.303,1237,32
1788093354.9728136,89,38.303,1237,32
1788093355.0231342,89,38.303,1237,32
1788093355.0734348,89,38.303,1237,32
1788093355.1241295,89,38.598,1237,32
1788093355.17437,89,38.598,1237,32
1788093355.2249646,89,38.598,1237,32
1788093355.2754462,89,38.598,1237,32
1788093355.3259778,89,38.598,1237,32
1788093355.3764384,89,38.598,1237,32
1788093355.4270062,89,38.598,1237,32
1788093355.4772267,89,38.598,1237,32
1788093355.5277417,89,38.598,1237,32
1788093355.5781546,89,38.598,1237,32
1788093355.6284564,89,38.374,1140,32
1788093355.6787188,89,38.374,1140,32
1788093355.7293632,89,38.374,1140,32
1788093355.779787,89,38.374,1140,32
1788093355.8300915,89,38.374,1140,32
1788093355.8804646,89,38.374,1140,32
1788093355.9305966,89,38.374,1140,32
1788093355.9809515,89,38.374,1140,32
1788093356.0315435,89,38.374,1140,32
1788093356.0821056,89,38.374,1140,32
1788093356.1322303,88,36.427,1020,32
1788093356.1826236,88,36.427,1020,32
1788093356.2332106,88,36.427,1020,32
1788093356.2836242,88,36.427,1020,32
1788093356.333825,88,36.427,1020,32
1788093356.3840923,88,36.427,1020,32
1788093356.4345932,88,36.427,1020,32
1788093356.4847667,88,36.427,1020,32
1788093356.5349925,88,36.427,1020,32
1788093356.5851636,88,33.324,1237,32
1788093356.6354706,88,33.324,1237,32
1788093356.6858928,88,33.324,1237,32
1788093356.7364905,88,33.324,1237,32
1788093356.7869956,88,33.324,1237,32
1788093356.8374527,88,33.324,1237,32
1788093356.8879254,88,33.324,1237,32
1788093356.9384658,88,33.324,1237,32
1788093356.9889996,88,33.324,1237,32
1788093357.0393744,88,33.324,1237,32
1788093357.0897639,89,34.466,1237,32
1788093357.1399276,89,34.466,1237,32
1788093357.190572,89,34.466,1237,32
1788093357.2409697,89,34.466,1237,32
1788093357.2915325,89,34.466,1237,32
1788093357.3416646,89,34.466,1237,32
1788093357.3922987,89,34.466,1237,32
1788093357.4426346,89,34.466,1237,32
1788093357.4930327,89,34.466,1237,32
1788093357.5433674,89,34.466,1237,32
1788093357.5938718,89,37.635,1237,32
1788093357.6443846,89,37.635,1237,32
1788093357.695014,89,37.635,1237,32
1788093357.7452931,89,37.635,1237,32
1788093357.7956991,89,37.635,1237,32
1788093357.8463533,89,37.635,1237,32
1788093357.8967478,89,37.635,1237,32
1788093357.947147,89,37.635,1237,32
1788093357.9976416,89,37.635,1237,32
1788093358.0482402,89,37.635,1237,32
1788093358.0985165,89,37.716,1237,32
1788093358.1492116,89,37.716,1237,32
1788093358.1998441,89,37.716,1237,32
1788093358.2501786,89,37.716,1237,32
1788093358.300769,89,37.716,1237,32
1788093358.3512685,89,37.716,1237,32
1788093358.4014478,89,37.716,1237,32
1788093358.452123,89,37.716,1237,32
1788093358.5022733,89,37.716,1237,32
1788093358.552444,89,37.716,1237,32
1788093358.6026945,89,37.757,1237,32
1788093358.6532888,89,37.757,1237,32
1788093358.7037623,89,37.757,1237,32
1788093358.7543035,89,37.757,1237,32
1788093358.8044925,89,37.757,1237,32
1788093358.855024,89,37.757,1237,32
1788093358.9054074,89,37.757,1237,32
1788093358.9559202,89,37.757,1237,32
1788093359.0067163,89,37.757,1237,32
1788093359.0572662,89,37.757,1237,32
1788093359.107819,89,37.822,1237,32
1788093359.158253,89,37.822,1237,32
1788093359.2084813,89,37.822,1237,32
1788093359.2590957,89,37.822,1237,32
1788093359.309413,89,37.822,1237,32
1788093359.3599105,89,37.822,1237,32
1788093359.4105222,89,37.822,1237,32
1788093359.4610016,89,37.822,1237,32
1788093359.5113983,89,37.822,1237,32
1788093359.561922,89,37.822,1237,32
1788093359.612128,89,37.673,1237,32
1788093359.6625836,89,37.673,1237,32
1788093359.7130363,89,37.673,1237,32
1788093359.7634985,89,37.673,1237,32
1788093359.8139448,89,37.673,1237,32
1788093359.864352,89,37.673,1237,32
1788093359.9145339,89,37.673,1237,32
1788093359.965038,89,37.673,1237,32
1788093360.0152743,89,37.673,1237,32
1788093360.0656564,89,37.673,1237,32
1788093360.1159098,88,34.503,1237,32
1788093360.1661434,88,34.503,1237,32
1788093360.2166626,88,34.503,1237,32
1788093360.2673507,88,34.503,1237,32
1788093360.3178961,88,34.503,1237,32
1788093360.3682642,88,34.503,1237,32
1788093360.4188128,88,34.503,1237,32
1788093360.4695048,88,34.503,1237,32
1788093360.5198727,88,34.503,1237,32
1788093360.5704708,88,34.503,1237,32
1788093360.6209,89,34.597,1237,32
1788093360.6711345,89,34.597,1237,32
1788093360.7215126,89,34.597,1237,32
1788093360.7717612,89,34.597,1237,32
1788093360.8221943,89,34.597,1237,32
1788093360.872671,89,34.597,1237,32
1788093360.923048,89,34.597,1237,32
1788093360.9735444,89,34.597,1237,32
1788093361.0240612,89,34.597,1237,32
1788093361.0746992,89,34.597,1237,32
1788093361.1250305,89,37.759,1162,32
1788093361.1754463,89,37.759,1162,32
1788093361.2259636,89,37.759,1162,32
1788093361.2764738,89,37.759,1162,32
1788093361.3271594,89,37.759,1162,32
1788093361.3774908,89,37.759,1162,32
1788093361.4276426,89,37.759,1162,32
1788093361.4782543,89,37.759,1162,32
1788093361.5285125,89,37.759,1162,32
1788093361.5789585,89,37.759,1162,32
1788093361.6293323,88,36.205,1012,32
1788093361.6797962,88,36.205,1012,32
1788093361.7303452,88,36.205,1012,32
1788093361.7807882,88,36.205,1012,32
1788093361.8313954,88,36.205,1012,32
1788093361.8818376,88,36.205,1012,32
1788093361.93229,88,36.205,1012,32
1788093361.9829926,88,36.205,1012,32
1788093362.0334682,88,36.205,1012,32
1788093362.0840948,88,36.205,1012,32
1788093362.13449,89,35.528,1237,32
1788093362.1847064,89,35.528,1237,32
1788093362.2355466,89,35.528,1237,32
1788093362.2860162,89,35.528,1237,32
1788093362.3361592,89,35.528,1237,32
1788093362.3864136,89,35.528,1237,32
1788093362.4371,89,35.528,1237,32
1788093362.4876819,89,35.528,1237,32
1788093362.5379438,89,35.528,1237,32
1788093362.5885308,89,37.267,1222,32
1788093362.6389868,89,37.267,1222,32
1788093362.6894023,89,37.267,1222,32
1788093362.7397985,89,37.267,1222,32
1788093362.7901404,89,37.267,1222,32
1788093362.8403766,89,37.267,1222,32
1788093362.8908587,89,37.267,1222,32
1788093362.9412334,89,37.267,1222,32
1788093362.9917624,89,37.267,1222,32
1788093363.0424058,89,37.267,1222,32
1788093363.0929642,88,35.699,1080,32
1788093363.1435642,88,35.699,1080,32
1788093363.1942234,88,35.699,1080,32
1788093363.2445455,88,35.699,1080,32
1788093363.2948823,88,35.699,1080,32
1788093363.3452127,88,35.699,1080,32
1788093363.3954487,88,35.699,1080,32
1788093363.4460752,88,35.699,1080,32
1788093363.4962444,88,35.699,1080,32
1788093363.5466185,88,35.699,1080,32
1788093363.5969617,87,30.722,1237,32
1788093363.647573,87,30.722,1237,32
1788093363.6981647,87,30.722,1237,32
1788093363.7487152,87,30.722,1237,32
1788093363.7989688,87,30.722,1237,32
1788093363.8493187,87,30.722,1237,32
1788093363.8995204,87,30.722,1237,32
1788093363.9499211,87,30.722,1237,32
1788093364.0005035,87,30.722,1237,32
1788093364.050755,87,30.722,1237,32
1788093364.1013672,88,31.133,1237,32
1788093364.1518683,88,31.133,1237,32
1788093364.2021744,88,31.133,1237,32
1788093364.2526894,88,31.133,1237,32
1788093364.3033776,88,31.133,1237,32
1788093364.3540514,88,31.133,1237,32
1788093364.4046524,88,31.133,1237,32
1788093364.4551468,88,31.133,1237,32
1788093364.5057106,88,31.133,1237,32
1788093364.556344,88,31.133,1237,32
1788093364.6065032,89,36.772,1237,32
1788093364.6568756,89,36.772,1237,32
1788093364.7071633,89,36.772,1237,32
1788093364.7573714,89,36.772,1237,32
1788093364.8077257,89,36.772,1237,32
1788093364.858017,89,36.772,1237,32
1788093364.9086573,89,36.772,1237,32
1788093364.9588232,89,36.772,1237,32
1788093365.0094342,89,36.772,1237,32
1788093365.0600257,89,36.772,1237,32
1788093365.1105754,89,37.164,1237,32
1788093365.1610892,89,37.164,1237,32
1788093365.2116146,89,37.164,1237,32
1788093365.2622294,89,37.164,1237,32
1788093365.312595,89,37.164,1237,32
1788093365.3630774,89,37.164,1237,32
1788093365.4136057,89,37.164,1237,32
1788093365.4641087,89,37.164,1237,32
1788093365.5142794,89,37.164,1237,32
1788093365.564546,89,37.164,1237,32
1788093365.6147652,89,37.824,1237,32
1788093365.6651285,89,37.824,1237,32
1788093365.7159953,89,37.824,1237,32
1788093365.7664196,89,37.824,1237,32
1788093365.8166025,89,37.824,1237,32
1788093365.8669698,89,37.824,1237,32
1788093365.9173253,89,37.824,1237,32
1788093365.9678378,89,37.824,1237,32
1788093366.0180223,89,37.824,1237,32
1788093366.0686402,89,37.824,1237,32
1788093366.119096,88,37.194,1110,32
1788093366.1696675,88,37.194,1110,32
1788093366.2199035,88,37.194,1110,32
1788093366.2704482,88,37.194,1110,32
1788093366.3210466,88,37.194,1110,32
1788093366.371355,88,37.194,1110,32
1788093366.4219906,88,37.194,1110,32
1788093366.4723,88,37.194,1110,32
1788093366.523088,88,37.194,1110,32
1788093366.5741434,88,37.194,1110,32
1788093366.6246638,89,36.444,1200,32
1788093366.6750925,89,36.444,1200,32
1788093366.7253523,89,36.444,1200,32
1788093366.7757657,89,36.444,1200,32
1788093366.8263059,89,36.444,1200,32
1788093366.8767464,89,36.444,1200,32
1788093366.9271083,89,36.444,1200,32
1788093366.9773207,89,36.444,1200,32
1788093367.0278387,89,36.444,1200,32
1788093367.0781205,89,36.444,1200,32
1788093367.1285846,88,33.122,1237,32
1788093367.1788833,88,33.122,1237,32
1788093367.229243,88,33.122,1237,32
1788093367.2798119,88,33.122,1237,32
1788093367.3302152,88,33.122,1237,32
1788093367.3805156,88,33.122,1237,32
1788093367.431269,88,33.122,1237,32
1788093367.4816287,88,33.122,1237,32
1788093367.5320034,88,33.122,1237,32
1788093367.5824478,88,33.122,1237,32
1788093367.6328168,89,34.356,1237,32
1788093367.683461,89,34.356,1237,32
1788093367.7340329,89,34.356,1237,32
1788093367.7844124,89,34.356,1237,32
1788093367.8349879,89,34.356,1237,32
1788093367.8855846,89,34.356,1237,32
1788093367.936242,89,34.356,1237,32
1788093367.986624,89,34.356,1237,32
1788093368.036867,89,34.356,1237,32
1788093368.087431,89,38.209,1237,32
1788093368.1380427,89,38.209,1237,32
1788093368.1882443,89,38.209,1237,32
1788093368.238652,89,38.209,1237,32
1788093368.2891688,89,38.209,1237,32
1788093368.3395324,89,38.209,1237,32
1788093368.3901289,89,38.209,1237,32
1788093368.4406354,89,38.209,1237,32
1788093368.4910636,89,38.209,1237,32
1788093368.5413623,89,38.209,1237,32
1788093368.591882,88,37.603,1110,32
1788093368.6420822,88,37.603,1110,32
1788093368.692563,88,37.603,1110,32
1788093368.7427866,88,37.603,1110,32
1788093368.7930694,88,37.603,1110,32
1788093368.8436265,88,37.603,1110,32
1788093368.8941562,88,37.603,1110,32
1788093368.9445865,88,37.603,1110,32
1788093368.9953148,88,37.603,1110,32
1788093369.0460045,88,37.603,1110,32
1788093369.0964162,88,36.132,1095,32
1788093369.1466568,88,36.132,1095,32
1788093369.19724,88,36.132,1095,32
1788093369.2474244,88,36.132,1095,32
1788093369.2980545,88,36.132,1095,32
1788093369.3482704,88,36.132,1095,32
1788093369.398745,88,36.132,1095,32
1788093369.4493597,88,36.132,1095,32
1788093369.4998019,88,36.132,1095,32
1788093369.5503478,88,36.132,1095,32
1788093369.6009777,88,35.291,1207,32
1788093369.6514328,88,35.291,1207,32
1788093369.7020812,88,35.291,1207,32
1788093369.7525165,88,35.291,1207,32
1788093369.8027697,88,35.291,1207,32
1788093369.8530612,88,35.291,1207,32
1788093369.903646,88,35.291,1207,32
1788093369.9541366,88,35.291,1207,32
1788093370.0045726,88,35.291,1207,32
1788093370.055135,88,35.291,1207,32
1788093370.105547,88,35.227,1237,32
1788093370.1558223,88,35.227,1237,32
1788093370.2064216,88,35.227,1237,32
1788093370.2570798,88,35.227,1237,32
1788093370.3073888,88,35.227,1237,32
1788093370.3576245,88,35.227,1237,32
1788093370.4079018,88,35.227,1237,32
1788093370.4584558,88,35.227,1237,32
1788093370.5089505,88,35.227,1237,32
1788093370.5593607,88,35.227,1237,32
1788093370.60968,88,33.568,1237,32
1788093370.6602232,88,33.568,1237,32
1788093370.7106059,88,33.568,1237,32
1788093370.760817,88,33.568,1237,32
1788093370.811348,88,33.568,1237,32
1788093370.8618522,88,33.568,1237,32
1788093370.913263,88,33.568,1237,32
1788093370.9634478,88,33.568,1237,32
1788093371.0139217,88,33.568,1237,32
1788093371.0641325,88,33.568,1237,32
1788093371.1147165,89,34.629,1237,32
1788093371.1654942,89,34.629,1237,32
1788093371.2161276,89,34.629,1237,32
1788093371.2665262,89,34.629,1237,32
1788093371.3172126,89,34.629,1237,32
1788093371.3675823,89,34.629,1237,32
1788093371.4178605,89,34.629,1237,32
1788093371.4683414,89,34.629,1237,32
1788093371.5185688,89,34.629,1237,32
1788093371.5689313,89,34.629,1237,32
1788093371.619238,89,38.17,1237,32
1788093371.6694195,89,38.17,1237,32
1788093371.7197218,89,38.17,1237,32
1788093371.7700596,89,38.17,1237,32
1788093371.8204396,89,38.17,1237,32
1788093371.870699,89,38.17,1237,32
1788093371.920999,89,38.17,1237,32
1788093371.971249,89,38.17,1237,32
1788093372.0217245,89,38.17,1237,32
1788093372.0722153,89,38.17,1237,32
1788093372.1228464,88,37.529,577,32
1788093372.1732454,88,37.529,577,32
1788093372.2235,88,37.529,577,32
1788093372.2737904,88,37.529,577,32
1788093372.3239772,88,37.529,577,32
1788093372.3742352,88,37.529,577,32
1788093372.42471,88,37.529,577,32
1788093372.4752936,88,37.529,577,32
1788093372.525548,88,37.529,577,32
1788093372.5758717,88,37.529,577,32
1788093372.6265001,88,35.206,1110,32
1788093372.6770847,88,35.206,1110,32
1788093372.727425,88,35.206,1110,32
1788093372.7778637,88,35.206,1110,32
1788093372.8283978,88,35.206,1110,32
1788093372.8788278,88,35.206,1110,32
1788093372.9289627,88,35.206,1110,32
1788093372.9795132,88,35.206,1110,32
1788093373.0297348,88,35.206,1110,32
1788093373.0803306,88,35.206,1110,32
1788093373.1308746,88,34.086,1215,32
1788093373.1813855,88,34.086,1215,32
1788093373.2318792,88,34.086,1215,32
1788093373.2823834,88,34.086,1215,32
1788093373.332795,88,34.086,1215,32
1788093373.3831248,88,34.086,1215,32
1788093373.4333906,88,34.086,1215,32
1788093373.483945,88,34.086,1215,32
1788093373.5344818,88,34.086,1215,32
1788093373.585013,88,34.086,1215,32
1788093373.6353626,88,35.315,1237,32
1788093373.6856248,88,35.315,1237,32
1788093373.7361925,88,35.315,1237,32
1788093373.786844,88,35.315,1237,32
1788093373.8373811,88,35.315,1237,32
1788093373.8876803,88,35.315,1237,32
1788093373.9382334,88,35.315,1237,32
1788093373.988913,88,35.315,1237,32
1788093374.039431,88,35.315,1237,32
1788093374.089651,88,33.248,1237,32
1788093374.1400635,88,33.248,1237,32
1788093374.1903334,88,33.248,1237,32
1788093374.2408988,88,33.248,1237,32
1788093374.2912884,88,33.248,1237,32
1788093374.3418643,88,33.248,1237,32
1788093374.392414,88,33.248,1237,32
1788093374.4429514,88,33.248,1237,32
1788093374.4935331,88,33.248,1237,32
1788093374.543896,88,33.248,1237,32
1788093374.59419,89,34.539,1237,32
1788093374.6447556,89,34.539,1237,32
1788093374.695019,89,34.539,1237,32
1788093374.7453313,89,34.539,1237,32
1788093374.7957506,89,34.539,1237,32
1788093374.846301,89,34.539,1237,32
1788093374.8966432,89,34.539,1237,32
1788093374.9474158,89,34.539,1237,32
1788093374.99763,89,34.539,1237,32
1788093375.0479636,89,34.539,1237,32
1788093375.0983837,89,37.989,1237,32
1788093375.1486576,89,37.989,1237,32
1788093375.1988554,89,37.989,1237,32
1788093375.2494035,89,37.989,1237,32
1788093375.299902,89,37.989,1237,32
1788093375.3503282,89,37.989,1237,32
1788093375.4007766,89,37.989,1237,32
1788093375.4509792,89,37.989,1237,32
1788093375.5013773,89,37.989,1237,32
1788093375.551838,89,37.989,1237,32
1788093375.6023235,89,36.91,1237,32
1788093375.6528904,89,36.91,1237,32
1788093375.7032125,89,36.91,1237,32
1788093375.75372,89,36.91,1237,32
1788093375.8042352,89,36.91,1237,32
1788093375.8550465,89,36.91,1237,32
1788093375.905378,89,36.91,1237,32
1788093375.9557083,89,36.91,1237,32
1788093376.0060115,89,36.91,1237,32
1788093376.0564063,89,36.91,1237,32
1788093376.1066482,89,36.517,1237,32
1788093376.1570802,89,36.517,1237,32
1788093376.2073653,89,36.517,1237,32
1788093376.2575488,89,36.517,1237,32
1788093376.3080506,89,36.517,1237,32
1788093376.3585415,89,36.517,1237,32
1788093376.4089575,89,36.517,1237,32
1788093376.4595747,89,36.517,1237,32
1788093376.510083,89,36.517,1237,32
1788093376.5607154,89,36.517,1237,32
1788093376.6112192,89,36.333,1237,32
1788093376.6618462,89,36.333,1237,32
1788093376.7122881,89,36.333,1237,32
1788093376.762966,89,36.333,1237,32
1788093376.8133395,89,36.333,1237,32
1788093376.8638453,89,36.333,1237,32
1788093376.9144077,89,36.333,1237,32
1788093376.9650457,89,36.333,1237,32
1788093377.0156012,89,36.333,1237,32
1788093377.065739,89,36.333,1237,32
1788093377.1160073,89,36.334,1237,32
1788093377.1667044,89,36.334,1237,32
1788093377.21713,89,36.334,1237,32
1788093377.2673528,89,36.334,1237,32
1788093377.3177705,89,36.334,1237,32
1788093377.3680289,89,36.334,1237,32
1788093377.4185612,89,36.334,1237,32
1788093377.4690826,89,36.334,1237,32
1788093377.5195959,89,36.334,1237,32
1788093377.5700262,89,36.334,1237,32
1788093377.620541,88,32.473,1237,32
1788093377.671056,88,32.473,1237,32
1788093377.7214863,88,32.473,1237,32
1788093377.7721574,88,32.473,1237,32
1788093377.8225067,88,32.473,1237,32
1788093377.8729453,88,32.473,1237,32
1788093377.9237711,88,32.473,1237,32
1788093377.97408,88,32.473,1237,32
1788093378.0245204,88,32.473,1237,32
1788093378.0748942,88,32.473,1237,32
1788093378.125274,89,32.716,1237,32
1788093378.1757076,89,32.716,1237,32
1788093378.2260609,89,32.716,1237,32
1788093378.2763228,89,32.716,1237,32
1788093378.327163,89,32.716,1237,32
1788093378.3776598,89,32.716,1237,32
1788093378.4280453,89,32.716,1237,32
1788093378.4783826,89,32.716,1237,32
1788093378.528603,89,32.716,1237,32
1788093378.5791366,89,32.716,1237,32
1788093378.6293914,89,37.011,1237,32
1788093378.6801984,89,37.011,1237,32
1788093378.7307656,89,37.011,1237,32
1788093378.7813146,89,37.011,1237,32
1788093378.831621,89,37.011,1237,32
1788093378.8819728,89,37.011,1237,32
1788093378.9322007,89,37.011,1237,32
1788093378.9827905,89,37.011,1237,32
1788093379.033291,89,37.011,1237,32
1788093379.0839016,89,37.011,1237,32
1788093379.1343822,89,37.237,1237,32
1788093379.1850526,89,37.237,1237,32
1788093379.2356453,89,37.237,1237,32
1788093379.2858758,89,37.237,1237,32
1788093379.336231,89,37.237,1237,32
1788093379.386627,89,37.237,1237,32
1788093379.4372137,89,37.237,1237,32
1788093379.487648,89,37.237,1237,32
1788093379.538271,89,37.237,1237,32
1788093379.5889065,88,36.547,765,32
1788093379.6392267,88,36.547,765,32
1788093379.689656,88,36.547,765,32
1788093379.7402732,88,36.547,765,32
1788093379.7905197,88,36.547,765,32
1788093379.8408403,88,36.547,765,32
1788093379.8914046,88,36.547,765,32
1788093379.9418175,88,36.547,765,32
1788093379.99207,88,36.547,765,32
1788093380.0427,88,36.547,765,32
1788093380.0928626,88,34.972,1132,32
1788093380.1431713,88,34.972,1132,32
1788093380.193664,88,34.972,1132,32
1788093380.2441714,88,34.972,1132,32
1788093380.2946506,88,34.972,1132,32
1788093380.3448727,88,34.972,1132,32
1788093380.395054,88,34.972,1132,32
1788093380.4454694,88,34.972,1132,32
1788093380.4957173,88,34.972,1132,32
1788093380.546117,88,34.972,1132,32
1788093380.5966973,88,34.417,1095,32
1788093380.6472614,88,34.417,1095,32
1788093380.6976132,88,34.417,1095,32
1788093380.7478578,88,34.417,1095,32
1788093380.7981095,88,34.417,1095,32
1788093380.8485875,88,34.417,1095,32
1788093380.89893,88,34.417,1095,32
1788093380.9492846,88,34.417,1095,32
1788093380.999813,88,34.417,1095,32
1788093381.0503225,88,34.417,1095,32
1788093381.100518,87,32.84,1237,32
1788093381.150866,87,32.84,1237,32
1788093381.2013748,87,32.84,1237,32
1788093381.2518532,87,32.84,1237,32
1788093381.3023517,87,32.84,1237,32
1788093381.3527904,87,32.84,1237,32
1788093381.402979,87,32.84,1237,32
1788093381.4531717,87,32.84,1237,32
1788093381.5035112,87,32.84,1237,32
1788093381.5540693,87,32.84,1237,32
1788093381.60463,89,34.348,1237,32
1788093381.6551292,89,34.348,1237,32
1788093381.7052975,89,34.348,1237,32
1788093381.7555428,89,34.348,1237,32
1788093381.80598,89,34.348,1237,32
1788093381.8563042,89,34.348,1237,32
1788093381.9067001,89,34.348,1237,32
1788093381.957118,89,34.348,1237,32
1788093382.0072148,89,34.348,1237,32
1788093382.0576773,89,34.348,1237,32
1788093382.1079006,89,38.357,1237,32
1788093382.1584709,89,38.357,1237,32
1788093382.2090292,89,38.357,1237,32
1788093382.259734,89,38.357,1237,32
1788093382.310115,89,38.357,1237,32
1788093382.3604796,89,38.357,1237,32
1788093382.4110453,89,38.357,1237,32
1788093382.4615464,89,38.357,1237,32
1788093382.5119038,89,38.357,1237,32
1788093382.5621762,89,38.357,1237,32
1788093382.6126523,88,37.104,855,32
1788093382.6632702,88,37.104,855,32
1788093382.7137868,88,37.104,855,32
1788093382.7639995,88,37.104,855,32
1788093382.8143337,88,37.104,855,32
1788093382.8648,88,37.104,855,32
1788093382.915443,88,37.104,855,32
1788093382.9658353,88,37.104,855,32
1788093383.0161889,88,37.104,855,32
1788093383.0667644,88,37.104,855,32
1788093383.1172974,89,36.219,1237,32
1788093383.1675909,89,36.219,1237,32
1788093383.2178998,89,36.219,1237,32
1788093383.2684429,89,36.219,1237,32
1788093383.318837,89,36.219,1237,32
1788093383.3692398,89,36.219,1237,32
1788093383.4195504,89,36.219,1237,32
1788093383.4700375,89,36.219,1237,32
1788093383.5206065,89,36.219,1237,32
1788093383.570945,89,36.219,1237,32
1788093383.6213849,89,36.695,1237,32
1788093383.6715474,89,36.695,1237,32
1788093383.7223377,89,36.695,1237,32
1788093383.7728965,89,36.695,1237,32
1788093383.8234076,89,36.695,1237,32
1788093383.8739345,89,36.695,1237,32
1788093383.9243534,89,36.695,1237,32
1788093383.9747846,89,36.695,1237,32
1788093384.0253553,89,36.695,1237,32
1788093384.0757515,89,36.695,1237,32
1788093384.1260016,88,36.841,742,32
1788093384.1761913,88,36.841,742,32
1788093384.2265182,88,36.841,742,32
1788093384.2768714,88,36.841,742,32
1788093384.3274324,88,36.841,742,32
1788093384.377862,88,36.841,742,32
1788093384.4284549,88,36.841,742,32
1788093384.478805,88,36.841,742,32
1788093384.5292938,88,36.841,742,32
1788093384.579821,88,36.841,742,32
1788093384.6300688,86,32.215,1237,32
1788093384.680365,86,32.215,1237,32
1788093384.7306628,86,32.215,1237,32
1788093384.781232,86,32.215,1237,32
1788093384.8319128,86,32.215,1237,32
1788093384.8824348,86,32.215,1237,32
1788093384.933059,86,32.215,1237,32
1788093384.983751,86,32.215,1237,32
1788093385.0341258,86,32.215,1237,32
1788093385.084435,86,32.215,1237,32
1788093385.1349428,89,32.812,1237,32
1788093385.1851802,89,32.812,1237,32
1788093385.235758,89,32.812,1237,32
1788093385.2859912,89,32.812,1237,32
1788093385.3363745,89,32.812,1237,32
1788093385.386846,89,32.812,1237,32
1788093385.4371517,89,32.812,1237,32
1788093385.4875264,89,32.812,1237,32
1788093385.5377684,89,32.812,1237,32
1788093385.588412,89,37.618,1237,32
1788093385.638696,89,37.618,1237,32
1788093385.689118,89,37.618,1237,32
1788093385.7397213,89,37.618,1237,32
1788093385.7900138,89,37.618,1237,32
1788093385.840328,89,37.618,1237,32
1788093385.8908124,89,37.618,1237,32
1788093385.9411163,89,37.618,1237,32
1788093385.9914315,89,37.618,1237,32
1788093386.0419362,89,37.618,1237,32
1788093386.0921278,89,38.179,345,32
1788093386.1425898,89,38.179,345,32
1788093386.1928911,89,38.179,345,32
1788093386.2431583,89,38.179,345,32
1788093386.2935607,89,38.179,345,32
1788093386.3440561,89,38.179,345,32
1788093386.3943825,89,38.179,345,32
1788093386.4448016,89,38.179,345,32
1788093386.495162,89,38.179,345,32
1788093386.5453987,89,38.179,345,32
1788093386.595685,88,35.512,1237,32
1788093386.646123,88,35.512,1237,32
1788093386.6967933,88,35.512,1237,32
1788093386.7470024,88,35.512,1237,32
1788093386.797297,88,35.512,1237,32
1788093386.8478985,88,35.512,1237,32
1788093386.8985198,88,35.512,1237,32
1788093386.9489,88,35.512,1237,32
1788093386.9995754,88,35.512,1237,32
1788093387.04992,88,35.512,1237,32
1788093387.100444,89,35.401,1237,32
1788093387.1507387,89,35.401,1237,32
1788093387.2011147,89,35.401,1237,32
1788093387.251516,89,35.401,1237,32
1788093387.301682,89,35.401,1237,32
1788093387.3519201,89,35.401,1237,32
1788093387.4025912,89,35.401,1237,32
1788093387.4530923,89,35.401,1237,32
1788093387.5035915,89,35.401,1237,32
1788093387.5539677,89,35.401,1237,32
1788093387.6041431,89,37.433,1222,32
1788093387.654768,89,37.433,1222,32
1788093387.7049522,89,37.433,1222,32
1788093387.755411,89,37.433,1222,32
1788093387.8058286,89,37.433,1222,32
1788093387.8563468,89,37.433,1222,32
1788093387.906638,89,37.433,1222,32
1788093387.9571147,89,37.433,1222,32
1788093388.0076416,89,37.433,1222,32
1788093388.0579915,89,37.433,1222,32
1788093388.1083827,86,32.913,1237,32
1788093388.1589675,86,32.913,1237,32
1788093388.2095683,86,32.913,1237,32
1788093388.259972,86,32.913,1237,32
1788093388.310119,86,32.913,1237,32
1788093388.3605654,86,32.913,1237,32
1788093388.4111004,86,32.913,1237,32
1788093388.4614425,86,32.913,1237,32
1788093388.5119526,86,32.913,1237,32
1788093388.5621266,86,32.913,1237,32
1788093388.6125546,88,32.38,1237,32
1788093388.6631267,88,32.38,1237,32
1788093388.7136617,88,32.38,1237,32
1788093388.7641323,88,32.38,1237,32
1788093388.8146343,88,32.38,1237,32
1788093388.86528,88,32.38,1237,32
1788093388.9155915,88,32.38,1237,32
1788093388.9660604,88,32.38,1237,32
1788093389.0166082,88,32.38,1237,32
1788093389.066753,88,32.38,1237,32
1788093389.1170971,89,34.843,1237,32
1788093389.167577,89,34.843,1237,32
1788093389.2179546,89,34.843,1237,32
1788093389.2682679,89,34.843,1237,32
1788093389.3184943,89,34.843,1237,32
1788093389.369062,89,34.843,1237,32
1788093389.419534,89,34.843,1237,32
1788093389.4699194,89,34.843,1237,32
1788093389.5205097,89,34.843,1237,32
1788093389.5710409,89,34.843,1237,32
1788093389.6213582,89,37.506,1237,32
1788093389.671952,89,37.506,1237,32
1788093389.7222724,89,37.506,1237,32
1788093389.772847,89,37.506,1237,32
1788093389.8231955,89,37.506,1237,32
1788093389.8736854,89,37.506,1237,32
1788093389.923857,89,37.506,1237,32
1788093389.9744833,89,37.506,1237,32
1788093390.024626,89,37.506,1237,32
1788093390.075247,89,37.506,1237,32
1788093390.1259274,89,37.885,967,32
1788093390.1763911,89,37.885,967,32
1788093390.2268004,89,37.885,967,32
1788093390.2774737,89,37.885,967,32
1788093390.327726,89,37.885,967,32
1788093390.3782637,89,37.885,967,32
1788093390.428742,89,37.885,967,32
1788093390.479213,89,37.885,967,32
1788093390.5297892,89,37.885,967,32
1788093390.580429,89,37.885,967,32
1788093390.6307652,88,36.058,1162,32
1788093390.6810915,88,36.058,1162,32
1788093390.7314613,88,36.058,1162,32
1788093390.781953,88,36.058,1162,32
1788093390.83216,88,36.058,1162,32
1788093390.8827999,88,36.058,1162,32
1788093390.9333644,88,36.058,1162,32
1788093390.9838507,88,36.058,1162,32
1788093391.0344112,88,36.058,1162,32
1788093391.0849392,88,36.058,1162,32
1788093391.1353705,88,34.205,997,32
1788093391.1859508,88,34.205,997,32
1788093391.2363377,88,34.205,997,32
1788093391.286612,88,34.205,997,32
1788093391.3372617,88,34.205,997,32
1788093391.3876884,88,34.205,997,32
1788093391.437904,88,34.205,997,32
1788093391.488041,88,34.205,997,32
1788093391.5381792,88,34.205,997,32
1788093391.5887256,86,32.313,1237,32
1788093391.63894,86,32.313,1237,32
1788093391.6894178,86,32.313,1237,32
1788093391.740064,86,32.313,1237,32
1788093391.7902079,86,32.313,1237,32
1788093391.8406208,86,32.313,1237,32
1788093391.8911653,86,32.313,1237,32
1788093391.9414208,86,32.313,1237,32
1788093391.991648,86,32.313,1237,32
1788093392.0419462,86,32.313,1237,32
1788093392.0922217,89,33.378,1237,32
1788093392.142388,89,33.378,1237,32
1788093392.1929374,89,33.378,1237,32
1788093392.2432532,89,33.378,1237,32
1788093392.2936995,89,33.378,1237,32
1788093392.3440862,89,33.378,1237,32
1788093392.3944874,89,33.378,1237,32
1788093392.4449024,89,33.378,1237,32
1788093392.495389,89,33.378,1237,32
1788093392.5456662,89,33.378,1237,32
1788093392.5962691,89,35.301,1237,32
1788093392.6465633,89,35.301,1237,32
1788093392.6971376,89,35.301,1237,32
1788093392.747559,89,35.301,1237,32
1788093392.798097,89,35.301,1237,32
1788093392.8483093,89,35.301,1237,32
1788093392.8989189,89,35.301,1237,32
1788093392.949453,89,35.301,1237,32
1788093392.9998646,89,35.301,1237,32
1788093393.0501175,89,35.301,1237,32
1788093393.1005683,89,38.152,1237,32
1788093393.1511827,89,38.152,1237,32
1788093393.201692,89,38.152,1237,32
1788093393.2523592,89,38.152,1237,32
1788093393.3029883,89,38.152,1237,32
1788093393.3532593,89,38.152,1237,32
1788093393.40347,89,38.152,1237,32
1788093393.453905,89,38.152,1237,32
1788093393.5044997,89,38.152,1237,32
1788093393.554956,89,38.152,1237,32
1788093393.6052902,89,37.653,1087,32
1788093393.6558206,89,37.653,1087,32
1788093393.7061155,89,37.653,1087,32
1788093393.7562327,89,37.653,1087,32
1788093393.8067946,89,37.653,1087,32
1788093393.857336,89,37.653,1087,32
1788093393.9080007,89,37.653,1087,32
1788093393.958606,89,37.653,1087,32
1788093394.009095,89,37.653,1087,32
1788093394.05967,89,37.653,1087,32
1788093394.1102931,89,36.344,1095,32
1788093394.1604838,89,36.344,1095,32
1788093394.2111592,89,36.344,1095,32
1788093394.2615712,89,36.344,1095,32
1788093394.3121254,89,36.344,1095,32
1788093394.3626494,89,36.344,1095,32
1788093394.413038,89,36.344,1095,32
1788093394.4634824,89,36.344,1095,32
1788093394.514128,89,36.344,1095,32
1788093394.5645616,89,36.344,1095,32
1788093394.6148603,88,35.614,1237,32
1788093394.6654618,88,35.614,1237,32
1788093394.7160475,88,35.614,1237,32
1788093394.7664688,88,35.614,1237,32
1788093394.8168378,88,35.614,1237,32
1788093394.8671675,88,35.614,1237,32
1788093394.9174333,88,35.614,1237,32
1788093394.967589,88,35.614,1237,32
1788093395.0177526,88,35.614,1237,32
1788093395.0684063,88,35.614,1237,32
1788093395.1189935,87,32.442,1237,32
1788093395.1691353,87,32.442,1237,32
1788093395.219656,87,32.442,1237,32
1788093395.270106,87,32.442,1237,32
1788093395.3208644,87,32.442,1237,32
1788093395.3714504,87,32.442,1237,32
1788093395.4219942,87,32.442,1237,32
1788093395.472458,87,32.442,1237,32
1788093395.5229113,87,32.442,1237,32
1788093395.5734591,87,32.442,1237,32
1788093395.6238678,89,33.447,1237,32
1788093395.6743479,89,33.447,1237,32
1788093395.7251854,89,33.447,1237,32
1788093395.7756093,89,33.447,1237,32
1788093395.82617,89,33.447,1237,32
1788093395.876502,89,33.447,1237,32
1788093395.9267433,89,33.447,1237,32
1788093395.9769862,89,33.447,1237,32
1788093396.0274405,89,33.447,1237,32
1788093396.078018,89,33.447,1237,32
1788093396.1285708,88,35.5,727,32
1788093396.1791248,88,35.5,727,32
1788093396.2293482,88,35.5,727,32
1788093396.279882,88,35.5,727,32
1788093396.330278,88,35.5,727,32
1788093396.3804123,88,35.5,727,32
1788093396.4305995,88,35.5,727,32
1788093396.4809356,88,35.5,727,32
1788093396.5313463,88,35.5,727,32
1788093396.581737,88,35.5,727,32
1788093396.6321802,88,36.125,1110,32
1788093396.682692,88,36.125,1110,32
1788093396.7330306,88,36.125,1110,32
1788093396.783236,88,36.125,1110,32
1788093396.8338952,88,36.125,1110,32
1788093396.884101,88,36.125,1110,32
1788093396.9344947,88,36.125,1110,32
1788093396.9850311,88,36.125,1110,32
1788093397.035424,88,36.125,1110,32
1788093397.0861125,88,36.125,1110,32
1788093397.1364698,88,35.246,1207,32
1788093397.1870997,88,35.246,1207,32
1788093397.2376285,88,35.246,1207,32
1788093397.2878954,88,35.246,1207,32
1788093397.338113,88,35.246,1207,32
1788093397.388435,88,35.246,1207,32
1788093397.4387846,88,35.246,1207,32
1788093397.4893382,88,35.246,1207,32
1788093397.5398498,88,35.246,1207,32
1788093397.5900688,89,36.116,1095,32
1788093397.6404736,89,36.116,1095,32
1788093397.6910188,89,36.116,1095,32
1788093397.7414324,89,36.116,1095,32
1788093397.79179,89,36.116,1095,32
1788093397.84214,89,36.116,1095,32
1788093397.892557,89,36.116,1095,32
1788093397.9430041,89,36.116,1095,32
1788093397.9934006,89,36.116,1095,32
1788093398.0438576,89,36.116,1095,32
1788093398.0944068,89,35.939,1237,32
1788093398.1448894,89,35.939,1237,32
1788093398.1951742,89,35.939,1237,32
1788093398.2455301,89,35.939,1237,32
1788093398.2959666,89,35.939,1237,32
1788093398.3463237,89,35.939,1237,32
1788093398.3967452,89,35.939,1237,32
1788093398.447059,89,35.939,1237,32
1788093398.497204,89,35.939,1237,32
1788093398.5474446,89,35.939,1237,32
1788093398.597722,87,33.144,1237,32
1788093398.6482484,87,33.144,1237,32
1788093398.6984863,87,33.144,1237,32
1788093398.7489612,87,33.144,1237,32
1788093398.7992406,87,33.144,1237,32
1788093398.849567,87,33.144,1237,32
1788093398.8999937,87,33.144,1237,32
1788093398.9505973,87,33.144,1237,32
1788093399.0007803,87,33.144,1237,32
1788093399.051347,87,33.144,1237,32
1788093399.1018894,89,33.978,1237,32
1788093399.1523669,89,33.978,1237,32
1788093399.2026272,89,33.978,1237,32
1788093399.2534869,89,33.978,1237,32
1788093399.3037207,89,33.978,1237,32
1788093399.354033,89,33.978,1237,32
1788093399.4045897,89,33.978,1237,32
1788093399.45489,89,33.978,1237,32
1788093399.5050259,89,33.978,1237,32
1788093399.555337,89,33.978,1237,32
1788093399.6058478,89,36.412,1237,32
1788093399.6562731,89,36.412,1237,32
1788093399.7091808,89,36.412,1237,32
1788093399.759699,89,36.412,1237,32
1788093399.8103328,89,36.412,1237,32
1788093399.860723,89,36.412,1237,32
1788093399.9111516,89,36.412,1237,32
1788093399.9613585,89,36.412,1237,32
1788093400.0115519,89,36.412,1237,32
1788093400.0619695,89,36.412,1237,32
1788093400.1122096,89,37.126,1237,32
1788093400.1627948,89,37.126,1237,32
1788093400.213292,89,37.126,1237,32
1788093400.2638264,89,37.126,1237,32
1788093400.3142517,89,37.126,1237,32
1788093400.3645625,89,37.126,1237,32
1788093400.41506,89,37.126,1237,32
1788093400.4655073,89,37.126,1237,32
1788093400.5156639,89,37.126,1237,32
1788093400.565907,89,37.126,1237,32
1788093400.6160996,89,37.037,1237,32
1788093400.6666572,89,37.037,1237,32
1788093400.717397,89,37.037,1237,32
1788093400.767961,89,37.037,1237,32
1788093400.818157,89,37.037,1237,32
1788093400.868369,89,37.037,1237,32
1788093400.9187317,89,37.037,1237,32
1788093400.9689298,89,37.037,1237,32
1788093401.019127,89,37.037,1237,32
1788093401.0694196,89,37.037,1237,32
1788093401.1200995,89,37.199,1237,32
1788093401.170738,89,37.199,1237,32
1788093401.2209475,89,37.199,1237,32
1788093401.2712438,89,37.199,1237,32
1788093401.3214946,89,37.199,1237,32
1788093401.3719769,89,37.199,1237,32
1788093401.4222264,89,37.199,1237,32
1788093401.472489,89,37.199,1237,32
1788093401.52282,89,37.199,1237,32
1788093401.572989,89,37.199,1237,32
1788093401.623413,88,36.721,577,32
1788093401.673974,88,36.721,577,32
1788093401.7242613,88,36.721,577,32
1788093401.7746437,88,36.721,577,32
1788093401.8252828,88,36.721,577,32
1788093401.875835,88,36.721,577,32
1788093401.9262283,88,36.721,577,32
1788093401.9768384,88,36.721,577,32
1788093402.027089,88,36.721,577,32
1788093402.0777595,88,36.721,577,32
1788093402.1282997,86,33.218,1237,32
1788093402.1789672,86,33.218,1237,32
1788093402.2296095,86,33.218,1237,32
1788093402.2800195,86,33.218,1237,32
1788093402.3302982,86,33.218,1237,32
1788093402.3809087,86,33.218,1237,32
1788093402.43132,86,33.218,1237,32
1788093402.4819648,86,33.218,1237,32
1788093402.532526,86,33.218,1237,32
1788093402.5832248,86,33.218,1237,32
1788093402.6335697,89,32.225,1237,32
1788093402.6842196,89,32.225,1237,32
1788093402.734314,89,32.225,1237,32
1788093402.7847762,89,32.225,1237,32
1788093402.8351283,89,32.225,1237,32
1788093402.885539,89,32.225,1237,32
1788093402.935861,89,32.225,1237,32
1788093402.986225,89,32.225,1237,32
1788093403.0365796,89,32.225,1237,32
1788093403.0872865,89,32.225,1237,32
1788093403.1376011,89,35.046,1215,32
1788093403.187859,89,35.046,1215,32
1788093403.2384546,89,35.046,1215,32
1788093403.2890966,89,35.046,1215,32
1788093403.339767,89,35.046,1215,32
1788093403.3903453,89,35.046,1215,32
1788093403.4409406,89,35.046,1215,32
1788093403.4911497,89,35.046,1215,32
1788093403.5414762,89,35.046,1215,32
1788093403.5920691,88,37.143,1125,32
1788093403.6426394,88,37.143,1125,32
1788093403.693192,88,37.143,1125,32
1788093403.7435315,88,37.143,1125,32
1788093403.7940378,88,37.143,1125,32
1788093403.8445916,88,37.143,1125,32
1788093403.8950474,88,37.143,1125,32
1788093403.945423,88,37.143,1125,32
1788093403.9955516,88,37.143,1125,32
1788093404.0460823,88,37.143,1125,32
1788093404.0966306,88,35.41,1222,32
1788093404.1468537,88,35.41,1222,32
1788093404.19712,88,35.41,1222,32
1788093404.2473023,88,35.41,1222,32
1788093404.29775,88,35.41,1222,32
1788093404.3483653,88,35.41,1222,32
1788093404.3988585,88,35.41,1222,32
1788093404.449262,88,35.41,1222,32
1788093404.4996486,88,35.41,1222,32
1788093404.5500224,88,35.41,1222,32
1788093404.6004236,88,34.783,1200,32
1788093404.650841,88,34.783,1200,32
1788093404.7010763,88,34.783,1200,32
1788093404.7515554,88,34.783,1200,32
1788093404.8018486,88,34.783,1200,32
1788093404.8522453,88,34.783,1200,32
1788093404.9025462,88,34.783,1200,32
1788093404.9527664,88,34.783,1200,32
1788093405.0029535,88,34.783,1200,32
1788093405.0532937,88,34.783,1200,32
1788093405.1039457,88,34.836,1192,32
1788093405.1543233,88,34.836,1192,32
1788093405.2046852,88,34.836,1192,32
1788093405.2552826,88,34.836,1192,32
1788093405.305428,88,34.836,1192,32
1788093405.355829,88,34.836,1192,32
1788093405.4064586,88,34.836,1192,32
1788093405.456992,88,34.836,1192,32
1788093405.5073204,88,34.836,1192,32
1788093405.55802,88,34.836,1192,32
1788093405.608665,86,33.181,1237,32
1788093405.6589508,86,33.181,1237,32
1788093405.7094824,86,33.181,1237,32
1788093405.760048,86,33.181,1237,32
1788093405.8104663,86,33.181,1237,32
1788093405.8610194,86,33.181,1237,32
1788093405.9116163,86,33.181,1237,32
1788093405.9621189,86,33.181,1237,32
1788093406.0123405,86,33.181,1237,32
1788093406.0627148,86,33.181,1237,32
1788093406.113074,89,32.713,1237,32
1788093406.1635394,89,32.713,1237,32
1788093406.2138178,89,32.713,1237,32
1788093406.2641702,89,32.713,1237,32
1788093406.3144445,89,32.713,1237,32
1788093406.3649254,89,32.713,1237,32
1788093406.4153068,89,32.713,1237,32
1788093406.4658113,89,32.713,1237,32
1788093406.5162375,89,32.713,1237,32
1788093406.5667634,89,32.713,1237,32
1788093406.617252,89,34.371,1237,32
1788093406.6675308,89,34.371,1237,32
1788093406.7180393,89,34.371,1237,32
1788093406.768844,89,34.371,1237,32
1788093406.819153,89,34.371,1237,32
1788093406.8693752,89,34.371,1237,32
1788093406.9195905,89,34.371,1237,32
1788093406.969921,89,34.371,1237,32
1788093407.020246,89,34.371,1237,32
1788093407.0708463,89,34.371,1237,32
1788093407.121539,89,38.043,1237,32
1788093407.1719837,89,38.043,1237,32
1788093407.2223308,89,38.043,1237,32
1788093407.2725377,89,38.043,1237,32
1788093407.3231971,89,38.043,1237,32
1788093407.3735101,89,38.043,1237,32
1788093407.423883,89,38.043,1237,32
1788093407.4748373,89,38.043,1237,32
1788093407.5253806,89,38.043,1237,32
1788093407.5758355,89,38.043,1237,32
1788093407.6261663,88,35.322,952,32
1788093407.6763217,88,35.322,952,32
1788093407.7269115,88,35.322,952,32
1788093407.7774677,88,35.322,952,32
1788093407.8275971,88,35.322,952,32
1788093407.8778837,88,35.322,952,32
1788093407.9282014,88,35.322,952,32
1788093407.97851,88,35.322,952,32
1788093408.0291052,88,35.322,952,32
1788093408.0793366,88,35.322,952,32
1788093408.1300747,89,34.199,1237,32
1788093408.1802783,89,34.199,1237,32
1788093408.2306263,89,34.199,1237,32
1788093408.2811213,89,34.199,1237,32
1788093408.331695,89,34.199,1237,32
1788093408.3819008,89,34.199,1237,32
1788093408.4323437,89,34.199,1237,32
1788093408.482706,89,34.199,1237,32
1788093408.5331118,89,34.199,1237,32
1788093408.5834203,89,34.199,1237,32
1788093408.6337657,89,35.949,1222,32
1788093408.68431,89,35.949,1222,32
1788093408.7349045,89,35.949,1222,32
1788093408.7853663,89,35.949,1222,32
1788093408.8356404,89,35.949,1222,32
1788093408.8860037,89,35.949,1222,32
1788093408.9364598,89,35.949,1222,32
1788093408.9869316,89,35.949,1222,32
1788093409.0375998,89,35.949,1222,32
1788093409.087997,89,35.949,1222,32
1788093409.13838,87,37.348,1237,32
1788093409.1886432,87,37.348,1237,32
1788093409.239212,87,37.348,1237,32
1788093409.2895417,87,37.348,1237,32
1788093409.339905,87,37.348,1237,32
1788093409.3905478,87,37.348,1237,32
1788093409.4411683,87,37.348,1237,32
1788093409.491865,87,37.348,1237,32
1788093409.5421283,87,37.348,1237,32
1788093409.592296,89,34.626,1237,32
1788093409.6425774,89,34.626,1237,32
1788093409.6932354,89,34.626,1237,32
1788093409.743452,89,34.626,1237,32
1788093409.7938364,89,34.626,1237,32
1788093409.8440783,89,34.626,1237,32
1788093409.8945959,89,34.626,1237,32
1788093409.945206,89,34.626,1237,32
1788093409.9957395,89,34.626,1237,32
1788093410.0459783,89,34.626,1237,32
1788093410.0963223,88,34.674,487,32
1788093410.1466146,88,34.674,487,32
1788093410.1971574,88,34.674,487,32
1788093410.2474642,88,34.674,487,32
1788093410.297847,88,34.674,487,32
1788093410.3483925,88,34.674,487,32
1788093410.3989112,88,34.674,487,32
1788093410.4492493,88,34.674,487,32
1788093410.4997377,88,34.674,487,32
1788093410.550386,88,34.674,487,32
1788093410.6005907,88,35.857,1132,32
1788093410.6509304,88,35.857,1132,32
1788093410.7013,88,35.857,1132,32
1788093410.7515228,88,35.857,1132,32
1788093410.8020973,88,35.857,1132,32
1788093410.8527186,88,35.857,1132,32
1788093410.903363,88,35.857,1132,32
1788093410.953856,88,35.857,1132,32
1788093411.0042253,88,35.857,1132,32
1788093411.054584,88,35.857,1132,32
1788093411.1048784,88,34.395,1042,32
1788093411.1553466,88,34.395,1042,32
1788093411.2058687,88,34.395,1042,32
1788093411.2561176,88,34.395,1042,32
1788093411.3065755,88,34.395,1042,32
1788093411.3568163,88,34.395,1042,32
1788093411.4074802,88,34.395,1042,32
1788093411.458091,88,34.395,1042,32
1788093411.508565,88,34.395,1042,32
1788093411.5588222,88,34.395,1042,32
1788093411.6096187,88,35.272,1192,32
1788093411.6600337,88,35.272,1192,32
1788093411.7104523,88,35.272,1192,32
1788093411.761048,88,35.272,1192,32
1788093411.8112445,88,35.272,1192,32
1788093411.8617587,88,35.272,1192,32
1788093411.912011,88,35.272,1192,32
1788093411.9626107,88,35.272,1192,32
1788093412.0130951,88,35.272,1192,32
1788093412.0636802,88,35.272,1192,32
1788093412.11396,88,34.966,1237,32
1788093412.1647172,88,34.966,1237,32
1788093412.214987,88,34.966,1237,32
1788093412.2654572,88,34.966,1237,32
1788093412.3160017,88,34.966,1237,32
1788093412.366216,88,34.966,1237,32
1788093412.4169033,88,34.966,1237,32
1788093412.4671419,88,34.966,1237,32
1788093412.5174866,88,34.966,1237,32
1788093412.5679712,88,34.966,1237,32
1788093412.6182487,88,34.744,1080,32
1788093412.668824,88,34.744,1080,32
1788093412.7191546,88,34.744,1080,32
1788093412.7693594,88,34.744,1080,32
1788093412.819828,88,34.744,1080,32
1788093412.870083,88,34.744,1080,32
1788093412.9203253,88,34.744,1080,32
1788093412.9708357,88,34.744,1080,32
1788093413.0214999,88,34.744,1080,32
1788093413.0720391,88,34.744,1080,32
1788093413.1222422,88,31.544,1237,32
1788093413.1727777,88,31.544,1237,32
1788093413.2230692,88,31.544,1237,32
1788093413.2732987,88,31.544,1237,32
1788093413.3238456,88,31.544,1237,32
1788093413.3740873,88,31.544,1237,32
1788093413.4243426,88,31.544,1237,32
1788093413.474808,88,31.544,1237,32
1788093413.5251014,88,31.544,1237,32
1788093413.5754235,88,31.544,1237,32
1788093413.625714,89,32.785,1237,32
1788093413.6762354,89,32.785,1237,32
1788093413.7269185,89,32.785,1237,32
1788093413.7771401,89,32.785,1237,32
1788093413.82753,89,32.785,1237,32
1788093413.8778868,89,32.785,1237,32
1788093413.928503,89,32.785,1237,32
1788093413.9788513,89,32.785,1237,32
1788093414.029,89,32.785,1237,32
1788093414.079152,89,32.785,1237,32
1788093414.129752,89,38.119,1237,32
1788093414.1799657,89,38.119,1237,32
1788093414.230228,89,38.119,1237,32
1788093414.2805724,89,38.119,1237,32
1788093414.3308682,89,38.119,1237,32
1788093414.381485,89,38.119,1237,32
1788093414.431896,89,38.119,1237,32
1788093414.482325,89,38.119,1237,32
1788093414.532946,89,38.119,1237,32
1788093414.5834541,89,38.119,1237,32
1788093414.6337957,88,37.431,937,32
1788093414.6844926,88,37.431,937,32
1788093414.7350428,88,37.431,937,32
1788093414.7851937,88,37.431,937,32
1788093414.8355818,88,37.431,937,32
1788093414.8859265,88,37.431,937,32
1788093414.9364364,88,37.431,937,32
1788093414.9869828,88,37.431,937,32
1788093415.0375733,88,37.431,937,32
1788093415.087857,88,37.431,937,32
1788093415.13817,88,35.395,1147,32
1788093415.1883183,88,35.395,1147,32
1788093415.2387688,88,35.395,1147,32
1788093415.289132,88,35.395,1147,32
1788093415.339854,88,35.395,1147,32
1788093415.3904412,88,35.395,1147,32
1788093415.4407034,88,35.395,1147,32
1788093415.4915621,88,35.395,1147,32
1788093415.5418923,88,35.395,1147,32
1788093415.592103,89,35.019,1192,32
1788093415.6427095,89,35.019,1192,32
1788093415.6933408,89,35.019,1192,32
1788093415.7435026,89,35.019,1192,32
1788093415.7939513,89,35.019,1192,32
1788093415.844329,89,35.019,1192,32
1788093415.8946927,89,35.019,1192,32
1788093415.944986,89,35.019,1192,32
1788093415.9956214,89,35.019,1192,32
1788093416.0458257,89,35.019,1192,32
1788093416.0961375,89,36.858,1207,32
1788093416.146555,89,36.858,1207,32
1788093416.1969602,89,36.858,1207,32
1788093416.2472587,89,36.858,1207,32
1788093416.2976632,89,36.858,1207,32
1788093416.3482575,89,36.858,1207,32
1788093416.3985317,89,36.858,1207,32
1788093416.4492323,89,36.858,1207,32
1788093416.4995818,89,36.858,1207,32
1788093416.5500329,89,36.858,1207,32
1788093416.6006649,88,34.538,1237,32
1788093416.6512375,88,34.538,1237,32
1788093416.7024238,88,34.538,1237,32
1788093416.7711434,88,34.538,1237,32
1788093416.8222091,88,34.538,1237,32
1788093416.8727198,88,34.538,1237,32
1788093416.923181,88,34.538,1237,32
1788093416.973737,88,34.538,1237,32
1788093417.0240803,88,34.538,1237,32
1788093417.0746257,88,34.538,1237,32
1788093417.1251075,88,32.77,1237,32
1788093417.183048,88,32.77,1237,32
1788093417.2337632,88,32.77,1237,32
1788093417.2841556,88,32.77,1237,32
1788093417.3347986,88,32.77,1237,32
1788093417.385174,88,32.77,1237,32
1788093417.4356914,88,32.77,1237,32
1788093417.4862773,88,32.77,1237,32
1788093417.5368547,88,32.77,1237,32
1788093417.5873334,88,32.77,1237,32
1788093417.6378849,89,35.754,1237,32
1788093417.6882923,89,35.754,1237,32
1788093417.7387874,89,35.754,1237,32
1788093417.789373,89,35.754,1237,32
1788093417.839619,89,35.754,1237,32
1788093417.8899367,89,35.754,1237,32
1788093417.9402251,89,35.754,1237,32
1788093417.9904408,89,35.754,1237,32
1788093418.040931,89,35.754,1237,32
1788093418.0911458,89,35.754,1237,32
1788093418.1412828,88,36.632,982,32
1788093418.1915708,88,36.632,982,32
1788093418.2418914,88,36.632,982,32
1788093418.2922828,88,36.632,982,32
1788093418.3427234,88,36.632,982,32
1788093418.3930116,88,36.632,982,32
1788093418.4431984,88,36.632,982,32
1788093418.493809,88,36.632,982,32
1788093418.5443766,88,36.632,982,32
1788093418.5950136,89,36.33,1237,32
1788093418.6455512,89,36.33,1237,32
1788093418.6961346,89,36.33,1237,32
1788093418.7463367,89,36.33,1237,32
1788093418.7969618,89,36.33,1237,32
1788093418.847121,89,36.33,1237,32
1788093418.8975506,89,36.33,1237,32
1788093418.9477868,89,36.33,1237,32
1788093418.9981608,89,36.33,1237,32
1788093419.0486548,89,36.33,1237,32
1788093419.0993168,89,36.569,1237,32
1788093419.1500664,89,36.569,1237,32
1788093419.2003665,89,36.569,1237,32
1788093419.251025,89,36.569,1237,32
1788093419.3015258,89,36.569,1237,32
1788093419.3521116,89,36.569,1237,32
1788093419.4026403,89,36.569,1237,32
1788093419.45282,89,36.569,1237,32
1788093419.5030453,89,36.569,1237,32
1788093419.5533116,89,36.569,1237,32
1788093419.6039832,89,36.927,1125,32
1788093419.6541858,89,36.927,1125,32
1788093419.7045414,89,36.927,1125,32
1788093419.7551913,89,36.927,1125,32
1788093419.8053923,89,36.927,1125,32
1788093419.8556361,89,36.927,1125,32
1788093419.9064884,89,36.927,1125,32
1788093419.9568138,89,36.927,1125,32
1788093420.0070329,89,36.927,1125,32
1788093420.057376,89,36.927,1125,32
1788093420.107547,88,33.468,1237,32
1788093420.1579368,88,33.468,1237,32
1788093420.2083564,88,33.468,1237,32
1788093420.2590556,88,33.468,1237,32
1788093420.309509,88,33.468,1237,32
1788093420.3598533,88,33.468,1237,32
1788093420.4101503,88,33.468,1237,32
1788093420.460633,88,33.468,1237,32
1788093420.5112846,88,33.468,1237,32
1788093420.5616956,88,33.468,1237,32
1788093420.6120732,89,34.205,1237,32
1788093420.6630528,89,34.205,1237,32
1788093420.71342,89,34.205,1237,32
1788093420.764034,89,34.205,1237,32
1788093420.8145442,89,34.205,1237,32
1788093420.8651397,89,34.205,1237,32
1788093420.9155319,89,34.205,1237,32
1788093420.9660654,89,34.205,1237,32
1788093421.0165207,89,34.205,1237,32
1788093421.0667918,89,34.205,1237,32
1788093421.1169908,88,37.16,750,32
1788093421.1676044,88,37.16,750,32
1788093421.2182395,88,37.16,750,32
1788093421.268822,88,37.16,750,32
1788093421.3193722,88,37.16,750,32
1788093421.369897,88,37.16,750,32
1788093421.420223,88,37.16,750,32
1788093421.4708061,88,37.16,750,32
1788093421.5210874,88,37.16,750,32
1788093421.5716243,88,37.16,750,32
1788093421.6223047,88,35.025,1200,32
1788093421.6726522,88,35.025,1200,32
1788093421.7233405,88,35.025,1200,32
1788093421.7740045,88,35.025,1200,32
1788093421.8242404,88,35.025,1200,32
1788093421.8750265,88,35.025,1200,32
1788093421.9254277,88,35.025,1200,32
1788093421.9760938,88,35.025,1200,32
1788093422.0263004,88,35.025,1200,32
1788093422.0764885,88,35.025,1200,32
1788093422.12683,88,34.013,1095,32
1788093422.177598,88,34.013,1095,32
1788093422.2279148,88,34.013,1095,32
1788093422.2782564,88,34.013,1095,32
1788093422.3288693,88,34.013,1095,32
1788093422.3791187,88,34.013,1095,32
1788093422.429555,88,34.013,1095,32
1788093422.4798663,88,34.013,1095,32
1788093422.530093,88,34.013,1095,32
1788093422.5806518,88,34.013,1095,32
1788093422.6310518,88,35.68,1222,32
1788093422.6813772,88,35.68,1222,32
1788093422.7316923,88,35.68,1222,32
1788093422.7821455,88,35.68,1222,32
1788093422.832565,88,35.68,1222,32
1788093422.8830273,88,35.68,1222,32
1788093422.9332843,88,35.68,1222,32
1788093422.983708,88,35.68,1222,32
1788093423.0342076,88,35.68,1222,32
1788093423.084687,88,35.68,1222,32
1788093423.1350455,88,35.734,1117,32
1788093423.1852539,88,35.734,1117,32
1788093423.235505,88,35.734,1117,32
1788093423.2858305,88,35.734,1117,32
1788093423.3363771,88,35.734,1117,32
1788093423.3867772,88,35.734,1117,32
1788093423.4371119,88,35.734,1117,32
1788093423.4873042,88,35.734,1117,32
1788093423.5379765,88,35.734,1117,32
1788093423.5882428,88,35.734,1117,32
1788093423.6387658,87,31.411,1237,32
1788093423.689122,87,31.411,1237,32
1788093423.739606,87,31.411,1237,32
1788093423.7898762,87,31.411,1237,32
1788093423.8404121,87,31.411,1237,32
1788093423.8906806,87,31.411,1237,32
1788093423.940946,87,31.411,1237,32
1788093423.9915695,87,31.411,1237,32
1788093424.0418606,87,31.411,1237,32
1788093424.0924835,87,31.411,1237,32
1788093424.1428509,88,31.661,1237,32
1788093424.1933494,88,31.661,1237,32
1788093424.2437544,88,31.661,1237,32
1788093424.2941706,88,31.661,1237,32
1788093424.3444107,88,31.661,1237,32
1788093424.394608,88,31.661,1237,32
1788093424.4450061,88,31.661,1237,32
1788093424.4954066,88,31.661,1237,32
1788093424.545632,88,31.661,1237,32
1788093424.5960608,89,35.317,1237,32
1788093424.6463962,89,35.317,1237,32
1788093424.6968858,89,35.317,1237,32
1788093424.7471027,89,35.317,1237,32
1788093424.7973256,89,35.317,1237,32
1788093424.8478143,89,35.317,1237,32
1788093424.8985386,89,35.317,1237,32
1788093424.9491577,89,35.317,1237,32
1788093424.9994788,89,35.317,1237,32
1788093425.0498374,89,35.317,1237,32
1788093425.1001174,89,36.825,1237,32
1788093425.1504169,89,36.825,1237,32
1788093425.2009525,89,36.825,1237,32
1788093425.2514925,89,36.825,1237,32
1788093425.3020918,89,36.825,1237,32
1788093425.3526642,89,36.825,1237,32
1788093425.4032085,89,36.825,1237,32
1788093425.453836,89,36.825,1237,32
1788093425.5044572,89,36.825,1237,32
1788093425.5547123,89,36.825,1237,32
1788093425.6051204,89,37.512,1095,32
1788093425.6556237,89,37.512,1095,32
1788093425.7059586,89,37.512,1095,32
1788093425.756621,89,37.512,1095,32
1788093425.806994,89,37.512,1095,32
1788093425.8573463,89,37.512,1095,32
1788093425.907701,89,37.512,1095,32
1788093425.957907,89,37.512,1095,32
1788093426.0081778,89,37.512,1095,32
1788093426.0584686,89,37.512,1095,32
1788093426.109209,89,36.936,1065,32
1788093426.1598616,89,36.936,1065,32
1788093426.2103314,89,36.936,1065,32
1788093426.260816,89,36.936,1065,32
1788093426.311092,89,36.936,1065,32
1788093426.3616397,89,36.936,1065,32
1788093426.4119346,89,36.936,1065,32
1788093426.4624283,89,36.936,1065,32
1788093426.5128672,89,36.936,1065,32
1788093426.563463,89,36.936,1065,32
1788093426.6140814,89,35.945,1162,32
1788093426.664656,89,35.945,1162,32
1788093426.7148585,89,35.945,1162,32
1788093426.765489,89,35.945,1162,32
1788093426.8158593,89,35.945,1162,32
1788093426.8665006,89,35.945,1162,32
1788093426.9170456,89,35.945,1162,32
1788093426.9674587,89,35.945,1162,32
1788093427.0180283,89,35.945,1162,32
1788093427.0684385,89,35.945,1162,32
1788093427.1190183,87,32.842,1237,32
1788093427.1696303,87,32.842,1237,32
1788093427.2201328,87,32.842,1237,32
1788093427.2705739,87,32.842,1237,32
1788093427.3210082,87,32.842,1237,32
1788093427.3716252,87,32.842,1237,32
1788093427.4220645,87,32.842,1237,32
1788093427.472499,87,32.842,1237,32
1788093427.5227828,87,32.842,1237,32
1788093427.5735483,87,32.842,1237,32
1788093427.6237638,89,33.846,1237,32
1788093427.6740136,89,33.846,1237,32
1788093427.724601,89,33.846,1237,32
1788093427.7749813,89,33.846,1237,32
1788093427.8251894,89,33.846,1237,32
1788093427.875642,89,33.846,1237,32
1788093427.9259305,89,33.846,1237,32
1788093427.9763455,89,33.846,1237,32
1788093428.0265527,89,33.846,1237,32
1788093428.0770469,89,33.846,1237,32
1788093428.1274736,89,36.259,1237,32
1788093428.1777995,89,36.259,1237,32
1788093428.228331,89,36.259,1237,32
1788093428.2786233,89,36.259,1237,32
1788093428.329166,89,36.259,1237,32
1788093428.3796837,89,36.259,1237,32
1788093428.429998,89,36.259,1237,32
1788093428.4806237,89,36.259,1237,32
1788093428.531222,89,36.259,1237,32
1788093428.5814404,89,36.259,1237,32
1788093428.6319969,88,37.635,810,32
1788093428.6821928,88,37.635,810,32
1788093428.732801,88,37.635,810,32
1788093428.7833397,88,37.635,810,32
1788093428.83388,88,37.635,810,32
1788093428.884078,88,37.635,810,32
1788093428.9346461,88,37.635,810,32
1788093428.9853575,88,37.635,810,32
1788093429.0357528,88,37.635,810,32
1788093429.0859418,88,37.635,810,32
1788093429.1365511,88,35.376,1237,32
1788093429.1867712,88,35.376,1237,32
1788093429.2372897,88,35.376,1237,32
1788093429.287682,88,35.376,1237,32
1788093429.338086,88,35.376,1237,32
1788093429.3883483,88,35.376,1237,32
1788093429.4389975,88,35.376,1237,32
1788093429.489342,88,35.376,1237,32
1788093429.5398316,88,35.376,1237,32
1788093429.589998,88,35.376,1237,32
1788093429.6405287,89,34.158,1140,32
1788093429.690741,89,34.158,1140,32
1788093429.7410657,89,34.158,1140,32
1788093429.7913764,89,34.158,1140,32
1788093429.8417563,89,34.158,1140,32
1788093429.892417,89,34.158,1140,32
1788093429.9429736,89,34.158,1140,32
1788093429.993659,89,34.158,1140,32
1788093430.044297,89,34.158,1140,32
1788093430.094934,89,35.896,1237,32
1788093430.1452923,89,35.896,1237,32
1788093430.1956398,89,35.896,1237,32
1788093430.2462156,89,35.896,1237,32
1788093430.296577,89,35.896,1237,32
1788093430.3468084,89,35.896,1237,32
1788093430.3974392,89,35.896,1237,32
1788093430.4477553,89,35.896,1237,32
1788093430.498191,89,35.896,1237,32
1788093430.5488245,89,35.896,1237,32
1788093430.599489,86,33.527,1215,1
1788093430.650047,86,33.527,1215,1
1788093430.7006326,86,33.527,1215,1
1788093430.7511392,86,33.527,1215,1
1788093430.801523,86,33.527,1215,1
1788093430.8520772,86,33.527,1215,1
1788093430.9027057,86,33.527,1215,1
1788093430.9531827,86,33.527,1215,1
1788093431.003755,86,33.527,1215,1
1788093431.0543644,86,33.527,1215,1
1788093431.1045907,89,33.404,1237,32
1788093431.155359,89,33.404,1237,32
1788093431.2061322,89,33.404,1237,32
1788093431.2563672,89,33.404,1237,32
1788093431.3068283,89,33.404,1237,32
1788093431.3571515,89,33.404,1237,32
1788093431.4076786,89,33.404,1237,32
1788093431.4579868,89,33.404,1237,32
1788093431.5083382,89,33.404,1237,32
1788093431.559018,89,33.404,1237,32
1788093431.6096838,89,35.574,1237,32
1788093431.6603553,89,35.574,1237,32
1788093431.7106996,89,35.574,1237,32
1788093431.7614663,89,35.574,1237,32
1788093431.8118231,89,35.574,1237,32
1788093431.8621323,89,35.574,1237,32
1788093431.9126763,89,35.574,1237,32
1788093431.9629118,89,35.574,1237,32
1788093432.013249,89,35.574,1237,32
1788093432.0638885,89,35.574,1237,32
1788093432.1145148,88,36.817,802,32
1788093432.1650562,88,36.817,802,32
1788093432.2155435,88,36.817,802,32
1788093432.266154,88,36.817,802,32
1788093432.3165758,88,36.817,802,32
1788093432.366982,88,36.817,802,32
1788093432.4174213,88,36.817,802,32
1788093432.468089,88,36.817,802,32
1788093432.5184433,88,36.817,802,32
1788093432.568741,88,36.817,802,32
1788093432.6191127,89,35.355,1155,32
1788093432.6699681,89,35.355,1155,32
1788093432.720342,89,35.355,1155,32
1788093432.7706323,89,35.355,1155,32
1788093432.820851,89,35.355,1155,32
1788093432.8712254,89,35.355,1155,32
1788093432.9216092,89,35.355,1155,32
1788093432.9720438,89,35.355,1155,32
1788093433.0222747,89,35.355,1155,32
1788093433.0729392,89,35.355,1155,32
1788093433.1234038,89,35.648,1237,32
1788093433.173586,89,35.648,1237,32
1788093433.224149,89,35.648,1237,32
1788093433.2746224,89,35.648,1237,32
1788093433.3252015,89,35.648,1237,32
1788093433.3758001,89,35.648,1237,32
1788093433.426049,89,35.648,1237,32
1788093433.476346,89,35.648,1237,32
1788093433.5266209,89,35.648,1237,32
1788093433.577137,89,35.648,1237,32
1788093433.6274939,89,36.311,1117,32
1788093433.678174,89,36.311,1117,32
1788093433.7288566,89,36.311,1117,32
1788093433.7792134,89,36.311,1117,32
1788093433.8296826,89,36.311,1117,32
1788093433.8799284,89,36.311,1117,32
1788093433.9301152,89,36.311,1117,32
1788093433.980404,89,36.311,1117,32
1788093434.0308614,89,36.311,1117,32
1788093434.0815458,89,36.311,1117,32
1788093434.1318789,86,33.765,1237,32
1788093434.182258,86,33.765,1237,32
1788093434.2327633,86,33.765,1237,32
1788093434.2828753,86,33.765,1237,32
1788093434.3334746,86,33.765,1237,32
1788093434.3836842,86,33.765,1237,32
1788093434.4342217,86,33.765,1237,32
1788093434.4846284,86,33.765,1237,32
1788093434.534816,86,33.765,1237,32
1788093434.5850396,86,33.765,1237,32
1788093434.6352396,89,34.24,1237,32
1788093434.685857,89,34.24,1237,32
1788093434.736319,89,34.24,1237,32
1788093434.7867177,89,34.24,1237,32
1788093434.837043,89,34.24,1237,32
1788093434.887551,89,34.24,1237,32
1788093434.9378486,89,34.24,1237,32
1788093434.988149,89,34.24,1237,32
1788093435.0385132,89,34.24,1237,32
1788093435.0890422,89,34.24,1237,32
1788093435.1394837,89,35.639,1237,32
1788093435.1896138,89,35.639,1237,32
1788093435.2399552,89,35.639,1237,32
1788093435.2902977,89,35.639,1237,32
1788093435.3408046,89,35.639,1237,32
1788093435.3912852,89,35.639,1237,32
1788093435.4414983,89,35.639,1237,32
1788093435.4918697,89,35.639,1237,32
1788093435.5424879,89,35.639,1237,32
1788093435.5931559,89,35.639,1237,32
1788093435.6434865,88,35.981,675,32
1788093435.6937394,88,35.981,675,32
1788093435.7443612,88,35.981,675,32
1788093435.795,88,35.981,675,32
1788093435.8454885,88,35.981,675,32
1788093435.8959444,88,35.981,675,32
1788093435.946327,88,35.981,675,32
1788093435.9966702,88,35.981,675,32
1788093436.0473075,88,35.981,675,32
1788093436.097694,88,34.251,1237,32
1788093436.1484404,88,34.251,1237,32
1788093436.1990051,88,34.251,1237,32
1788093436.2494597,88,34.251,1237,32
1788093436.29994,88,34.251,1237,32
1788093436.3505535,88,34.251,1237,32
1788093436.401101,88,34.251,1237,32
1788093436.4513526,88,34.251,1237,32
1788093436.5017707,88,34.251,1237,32
1788093436.552164,88,34.251,1237,32
1788093436.60231,88,34.27,1125,32
1788093436.6530652,88,34.27,1125,32
1788093436.7039251,88,34.27,1125,32
1788093436.7545152,88,34.27,1125,32
1788093436.8047724,88,34.27,1125,32
1788093436.8553998,88,34.27,1125,32
1788093436.905698,88,34.27,1125,32
1788093436.956259,88,34.27,1125,32
1788093437.0065885,88,34.27,1125,32
1788093437.057167,88,34.27,1125,32
1788093437.1075172,88,35.273,1170,32
1788093437.1579967,88,35.273,1170,32
1788093437.208388,88,35.273,1170,32
1788093437.2591598,88,35.273,1170,32
1788093437.309308,88,35.273,1170,32
1788093437.3597708,88,35.273,1170,32
1788093437.4100065,88,35.273,1170,32
1788093437.4602165,88,35.273,1170,32
1788093437.5104284,88,35.273,1170,32
1788093437.560555,88,35.273,1170,32
1788093437.6109052,87,35.365,1237,32
1788093437.6615777,87,35.365,1237,32
1788093437.7121816,87,35.365,1237,32
1788093437.7624233,87,35.365,1237,32
1788093437.8125956,87,35.365,1237,32
1788093437.8628354,87,35.365,1237,32
1788093437.9134796,87,35.365,1237,32
1788093437.9638069,87,35.365,1237,32
1788093438.0139503,87,35.365,1237,32
1788093438.0644627,87,35.365,1237,32
1788093438.1146402,89,33.578,1237,32
1788093438.1649752,89,33.578,1237,32
1788093438.215332,89,33.578,1237,32
1788093438.2658272,89,33.578,1237,32
1788093438.3161297,89,33.578,1237,32
1788093438.3665066,89,33.578,1237,32
1788093438.4170122,89,33.578,1237,32
1788093438.467489,89,33.578,1237,32
1788093438.5179417,89,33.578,1237,32
1788093438.5683959,89,33.578,1237,32
1788093438.6189976,89,34.655,1237,32
1788093438.6693008,89,34.655,1237,32
1788093438.7195303,89,34.655,1237,32
1788093438.7696822,89,34.655,1237,32
1788093438.8200376,89,34.655,1237,32
1788093438.8702104,89,34.655,1237,32
1788093438.9207253,89,34.655,1237,32
1788093438.9713922,89,34.655,1237,32
1788093439.0216925,89,34.655,1237,32
1788093439.072164,89,34.655,1237,32
1788093439.1228344,88,35.982,1132,32
1788093439.173048,88,35.982,1132,32
1788093439.2234108,88,35.982,1132,32
1788093439.2736192,88,35.982,1132,32
1788093439.3241606,88,35.982,1132,32
1788093439.3747346,88,35.982,1132,32
1788093439.424888,88,35.982,1132,32
1788093439.4750936,88,35.982,1132,32
1788093439.52538,88,35.982,1132,32
1788093439.5758579,88,35.982,1132,32
1788093439.6264353,89,34.933,1237,32
1788093439.6767552,89,34.933,1237,32
1788093439.7273767,89,34.933,1237,32
1788093439.777638,89,34.933,1237,32
1788093439.8281634,89,34.933,1237,32
1788093439.8787117,89,34.933,1237,32
1788093439.9291294,89,34.933,1237,32
1788093439.979658,89,34.933,1237,32
1788093440.0301244,89,34.933,1237,32
1788093440.0804224,89,34.933,1237,32
1788093440.1307847,89,36.565,1237,32
1788093440.1810057,89,36.565,1237,32
1788093440.231268,89,36.565,1237,32
1788093440.281886,89,36.565,1237,32
1788093440.3322256,89,36.565,1237,32
1788093440.3824313,89,36.565,1237,32
1788093440.432919,89,36.565,1237,32
1788093440.4834433,89,36.565,1237,32
1788093440.533741,89,36.565,1237,32
1788093440.5843933,89,36.565,1237,32
1788093440.6349947,88,35.183,1050,32
1788093440.6853313,88,35.183,1050,32
1788093440.7359283,88,35.183,1050,32
1788093440.7865784,88,35.183,1050,32
1788093440.8372388,88,35.183,1050,32
1788093440.8878303,88,35.183,1050,32
1788093440.9382179,88,35.183,1050,32
1788093440.9884353,88,35.183,1050,32
1788093441.0388522,88,35.183,1050,32
1788093441.089348,88,35.183,1050,32
1788093441.1395414,89,34.494,1237,32
1788093441.1897714,89,34.494,1237,32
1788093441.2401078,89,34.494,1237,32
1788093441.290817,89,34.494,1237,32
1788093441.3413212,89,34.494,1237,32
1788093441.3914587,89,34.494,1237,32
1788093441.441981,89,34.494,1237,32
1788093441.4925225,89,34.494,1237,32
1788093441.5430086,89,34.494,1237,32
1788093441.5935462,89,34.494,1237,32
1788093441.6439247,88,32.837,1237,32
1788093441.6946573,88,32.837,1237,32
1788093441.7451277,88,32.837,1237,32
1788093441.795587,88,32.837,1237,32
1788093441.8458323,88,32.837,1237,32
1788093441.8961685,88,32.837,1237,32
1788093441.9464686,88,32.837,1237,32
1788093441.9966702,88,32.837,1237,32
1788093442.0470881,88,32.837,1237,32
1788093442.0972433,89,34.183,1237,32
1788093442.1474507,89,34.183,1237,32
1788093442.1982696,89,34.183,1237,32
1788093442.2485085,89,34.183,1237,32
1788093442.2988853,89,34.183,1237,32
1788093442.3490133,89,34.183,1237,32
1788093442.3996263,89,34.183,1237,32
1788093442.450015,89,34.183,1237,32
1788093442.5003948,89,34.183,1237,32
1788093442.5508354,89,34.183,1237,32
1788093442.6013908,89,38.102,780,32
1788093442.651551,89,38.102,780,32
1788093442.7018063,89,38.102,780,32
1788093442.751991,89,38.102,780,32
1788093442.8026564,89,38.102,780,32
1788093442.8529048,89,38.102,780,32
1788093442.9036283,89,38.102,780,32
1788093442.9539716,89,38.102,780,32
1788093443.004465,89,38.102,780,32
1788093443.0549726,89,38.102,780,32
1788093443.1056428,88,35.673,1162,32
1788093443.1560185,88,35.673,1162,32
1788093443.2065933,88,35.673,1162,32
1788093443.2568247,88,35.673,1162,32
1788093443.3073027,88,35.673,1162,32
1788093443.357869,88,35.673,1162,32
1788093443.40837,88,35.673,1162,32
1788093443.458823,88,35.673,1162,32
1788093443.509295,88,35.673,1162,32
1788093443.5599391,88,35.673,1162,32
1788093443.6105,88,34.262,1102,32
1788093443.6609452,88,34.262,1102,32
1788093443.711109,88,34.262,1102,32
1788093443.761631,88,34.262,1102,32
1788093443.8122108,88,34.262,1102,32
1788093443.8626337,88,34.262,1102,32
1788093443.9129858,88,34.262,1102,32
1788093443.9634576,88,34.262,1102,32
1788093444.0140343,88,34.262,1102,32
1788093444.0644968,88,34.262,1102,32
1788093444.1150248,88,35.128,1065,32
1788093444.1653059,88,35.128,1065,32
1788093444.2160249,88,35.128,1065,32
1788093444.2664685,88,35.128,1065,32
1788093444.3167365,88,35.128,1065,32
1788093444.3670905,88,35.128,1065,32
1788093444.4176633,88,35.128,1065,32
1788093444.4681463,88,35.128,1065,32
1788093444.5185373,88,35.128,1065,32
1788093444.5691187,88,35.128,1065,32
1788093444.6198103,88,35.617,1222,32
1788093444.6701398,88,35.617,1222,32
1788093444.7203813,88,35.617,1222,32
1788093444.770869,88,35.617,1222,32
1788093444.8211403,88,35.617,1222,32
1788093444.871441,88,35.617,1222,32
1788093444.9217412,88,35.617,1222,32
1788093444.9720469,88,35.617,1222,32
1788093445.0224574,88,35.617,1222,32
1788093445.073071,88,35.617,1222,32
1788093445.123226,88,32.902,1237,32
1788093445.1737974,88,32.902,1237,32
1788093445.2244754,88,32.902,1237,32
1788093445.2747035,88,32.902,1237,32
1788093445.3251443,88,32.902,1237,32
1788093445.3754497,88,32.902,1237,32
1788093445.4260838,88,32.902,1237,32
1788093445.4764626,88,32.902,1237,32
1788093445.5270078,88,32.902,1237,32
1788093445.5773547,88,32.902,1237,32
1788093445.6276042,89,34.172,1237,32
1788093445.6778452,89,34.172,1237,32
1788093445.728061,89,34.172,1237,32
1788093445.7785962,89,34.172,1237,32
1788093445.8290076,89,34.172,1237,32
1788093445.8792632,89,34.172,1237,32
1788093445.9298036,89,34.172,1237,32
1788093445.980006,89,34.172,1237,32
1788093446.030175,89,34.172,1237,32
1788093446.080384,89,34.172,1237,32
1788093446.1309445,88,37.738,1087,32
1788093446.1815288,88,37.738,1087,32
1788093446.2318275,88,37.738,1087,32
1788093446.282609,88,37.738,1087,32
1788093446.3329816,88,37.738,1087,32
1788093446.3835468,88,37.738,1087,32
1788093446.4342184,88,37.738,1087,32
1788093446.4844546,88,37.738,1087,32
1788093446.5349357,88,37.738,1087,32
1788093446.5853744,88,37.738,1087,32
1788093446.6358325,88,35.442,1237,32
1788093446.6861403,88,35.442,1237,32
1788093446.736363,88,35.442,1237,32
1788093446.7870815,88,35.442,1237,32
1788093446.837483,88,35.442,1237,32
1788093446.887712,88,35.442,1237,32
1788093446.9380314,88,35.442,1237,32
1788093446.9885097,88,35.442,1237,32
1788093447.038753,88,35.442,1237,32
1788093447.0893316,88,35.442,1237,32
1788093447.139707,89,35.262,1237,32
1788093447.1900423,89,35.262,1237,32
1788093447.240405,89,35.262,1237,32
1788093447.2906163,89,35.262,1237,32
1788093447.341,89,35.262,1237,32
1788093447.3914304,89,35.262,1237,32
1788093447.441692,89,35.262,1237,32
1788093447.492092,89,35.262,1237,32
1788093447.5426884,89,35.262,1237,32
1788093447.5931973,89,35.262,1237,32
1788093447.6436956,89,36.801,1237,32
1788093447.694052,89,36.801,1237,32
1788093447.7446628,89,36.801,1237,32
1788093447.7949555,89,36.801,1237,32
1788093447.8458538,89,36.801,1237,32
1788093447.8964758,89,36.801,1237,32
1788093447.946692,89,36.801,1237,32
1788093447.9972687,89,36.801,1237,32
1788093448.0475457,89,36.801,1237,32
1788093448.0977352,89,36.161,1170,32
1788093448.1479821,89,36.161,1170,32
1788093448.198162,89,36.161,1170,32
1788093448.248513,89,36.161,1170,32
1788093448.2986822,89,36.161,1170,32
1788093448.3492165,89,36.161,1170,32
1788093448.3996654,89,36.161,1170,32
1788093448.4502697,89,36.161,1170,32
1788093448.5005772,89,36.161,1170,32
1788093448.5511441,89,36.161,1170,32
1788093448.6017957,87,32.352,1237,32
1788093448.6523025,87,32.352,1237,32
1788093448.7026012,87,32.352,1237,32
1788093448.752858,87,32.352,1237,32
1788093448.8032627,87,32.352,1237,32
1788093448.8534853,87,32.352,1237,32
1788093448.903915,87,32.352,1237,32
1788093448.9542108,87,32.352,1237,32
1788093449.0044136,87,32.352,1237,32
1788093449.0550222,87,32.352,1237,32
1788093449.1055195,89,32.865,1237,32
1788093449.1561291,89,32.865,1237,32
1788093449.2067173,89,32.865,1237,32
1788093449.2571845,89,32.865,1237,32
1788093449.3077824,89,32.865,1237,32
1788093449.3582354,89,32.865,1237,32
1788093449.4084036,89,32.865,1237,32
1788093449.4586282,89,32.865,1237,32
1788093449.5090635,89,32.865,1237,32
1788093449.5593772,89,32.865,1237,32
1788093449.609765,89,36.73,1237,32
1788093449.6603148,89,36.73,1237,32
1788093449.7105582,89,36.73,1237,32
1788093449.7608354,89,36.73,1237,32
1788093449.8115225,89,36.73,1237,32
1788093449.8618996,89,36.73,1237,32
1788093449.9123178,89,36.73,1237,32
1788093449.9626153,89,36.73,1237,32
1788093450.01326,89,36.73,1237,32
1788093450.06344,89,36.73,1237,32
1788093450.113921,88,36.817,1057,32
1788093450.164555,88,36.817,1057,32
1788093450.2149801,88,36.817,1057,32
1788093450.2655668,88,36.817,1057,32
1788093450.315674,88,36.817,1057,32
1788093450.3660626,88,36.817,1057,32
1788093450.4165478,88,36.817,1057,32
1788093450.4666595,88,36.817,1057,32
1788093450.5172794,88,36.817,1057,32
1788093450.5678384,88,36.817,1057,32
1788093450.6183147,88,35.302,1237,32
1788093450.6686857,88,35.302,1237,32
1788093450.7189717,88,35.302,1237,32
1788093450.7696958,88,35.302,1237,32
1788093450.820299,88,35.302,1237,32
1788093450.8705935,88,35.302,1237,32
1788093450.921038,88,35.302,1237,32
1788093450.9712346,88,35.302,1237,32
1788093451.0215857,88,35.302,1237,32
1788093451.0718968,88,35.302,1237,32
1788093451.1222732,89,35.382,1237,32
1788093451.1728837,89,35.382,1237,32
1788093451.223121,89,35.382,1237,32
1788093451.2733455,89,35.382,1237,32
1788093451.3238497,89,35.382,1237,32
1788093451.3744645,89,35.382,1237,32
1788093451.424703,89,35.382,1237,32
1788093451.4749942,89,35.382,1237,32
1788093451.5253155,89,35.382,1237,32
1788093451.5759974,89,35.382,1237,32
1788093451.6265876,89,37.405,1237,32
1788093451.6772563,89,37.405,1237,32
1788093451.727573,89,37.405,1237,32
1788093451.7780788,89,37.405,1237,32
1788093451.828452,89,37.405,1237,32
1788093451.8787699,89,37.405,1237,32
1788093451.929458,89,37.405,1237,32
1788093451.979708,89,37.405,1237,32
1788093452.0304143,89,37.405,1237,32
1788093452.0808673,89,37.405,1237,32
1788093452.1314797,88,34.731,1237,32
1788093452.1821027,88,34.731,1237,32
1788093452.2327008,88,34.731,1237,32
1788093452.283312,88,34.731,1237,32
1788093452.3337197,88,34.731,1237,32
1788093452.3839371,88,34.731,1237,32
1788093452.434688,88,34.731,1237,32
1788093452.4852803,88,34.731,1237,32
1788093452.5357933,88,34.731,1237,32
1788093452.586168,88,34.731,1237,32
1788093452.6365876,89,34.873,1237,32
1788093452.686941,89,34.873,1237,32
1788093452.7374945,89,34.873,1237,32
1788093452.7877052,89,34.873,1237,32
1788093452.8383234,89,34.873,1237,32
1788093452.8885632,89,34.873,1237,32
1788093452.9389982,89,34.873,1237,32
1788093452.9897187,89,34.873,1237,32
1788093453.0400257,89,34.873,1237,32
1788093453.0906432,89,34.873,1237,32
1788093453.1409678,88,36.989,652,32
1788093453.1917562,88,36.989,652,32
1788093453.2421212,88,36.989,652,32
1788093453.292667,88,36.989,652,32
1788093453.3428266,88,36.989,652,32
1788093453.3934674,88,36.989,652,32
1788093453.443877,88,36.989,652,32
1788093453.4942102,88,36.989,652,32
1788093453.5443692,88,36.989,652,32
1788093453.5946693,88,36.989,652,32
1788093453.6450522,88,35.218,1207,32
1788093453.6953208,88,35.218,1207,32
1788093453.7457619,88,35.218,1207,32
1788093453.7961264,88,35.218,1207,32
1788093453.8467107,88,35.218,1207,32
1788093453.8972301,88,35.218,1207,32
1788093453.9478228,88,35.218,1207,32
1788093453.9979775,88,35.218,1207,32
1788093454.0486076,88,35.218,1207,32
1788093454.0989864,89,35.005,1237,32
1788093454.1497476,89,35.005,1237,32
1788093454.2000966,89,35.005,1237,32
1788093454.250574,89,35.005,1237,32
1788093454.3009531,89,35.005,1237,32
1788093454.3512516,89,35.005,1237,32
1788093454.4016836,89,35.005,1237,32
1788093454.4519267,89,35.005,1237,32
1788093454.5023468,89,35.005,1237,32
1788093454.5526004,89,35.005,1237,32
1788093454.602735,89,35.782,1237,32
1788093454.6530194,89,35.782,1237,32
1788093454.7035234,89,35.782,1237,32
1788093454.753698,89,35.782,1237,32
1788093454.8042245,89,35.782,1237,32
1788093454.8545802,89,35.782,1237,32
1788093454.904869,89,35.782,1237,32
1788093454.9551811,89,35.782,1237,32
1788093455.0054424,89,35.782,1237,32
1788093455.0557098,89,35.782,1237,32
1788093455.106343,89,35.648,1237,32
1788093455.1564896,89,35.648,1237,32
1788093455.207066,89,35.648,1237,32
1788093455.257216,89,35.648,1237,32
1788093455.3075466,89,35.648,1237,32
1788093455.358324,89,35.648,1237,32
1788093455.408713,89,35.648,1237,32
1788093455.459186,89,35.648,1237,32
1788093455.5095274,89,35.648,1237,32
1788093455.5596728,89,35.648,1237,32
1788093455.6103027,86,32.635,1237,32
1788093455.6607118,86,32.635,1237,32
1788093455.7112694,86,32.635,1237,32
1788093455.761503,86,32.635,1237,32
1788093455.8119617,86,32.635,1237,32
1788093455.862482,86,32.635,1237,32
1788093455.9128156,86,32.635,1237,32
1788093455.9630282,86,32.635,1237,32
1788093456.013221,86,32.635,1237,32
1788093456.0637586,86,32.635,1237,32
1788093456.114133,89,32.953,1237,32
1788093456.1645405,89,32.953,1237,32
1788093456.2148466,89,32.953,1237,32
1788093456.2654502,89,32.953,1237,32
1788093456.3157015,89,32.953,1237,32
1788093456.3663337,89,32.953,1237,32
1788093456.416792,89,32.953,1237,32
1788093456.4669752,89,32.953,1237,32
1788093456.5175798,89,32.953,1237,32
1788093456.5681217,89,32.953,1237,32
1788093456.6183012,89,35.357,1237,32
1788093456.6685283,89,35.357,1237,32
1788093456.718766,89,35.357,1237,32
1788093456.7693872,89,35.357,1237,32
1788093456.819728,89,35.357,1237,32
1788093456.8703578,89,35.357,1237,32
1788093456.9208727,89,35.357,1237,32
1788093456.9710388,89,35.357,1237,32
1788093457.021566,89,35.357,1237,32
1788093457.0723324,89,35.357,1237,32
1788093457.1253033,88,36.554,1237,32
1788093457.176941,88,36.554,1237,32
1788093457.235322,88,36.554,1237,32
1788093457.2889798,88,36.554,1237,32
1788093457.3394701,88,36.554,1237,32
1788093457.4028854,88,36.554,1237,32
1788093457.4574544,88,36.554,1237,32
1788093457.5077114,88,36.554,1237,32
1788093457.558235,88,36.554,1237,32
1788093457.6085234,88,32.942,1237,32
1788093457.6591077,88,32.942,1237,32
1788093457.7094321,88,32.942,1237,32
1788093457.7597895,88,32.942,1237,32
1788093457.8105297,88,32.942,1237,32
1788093457.8608036,88,32.942,1237,32
1788093457.9109857,88,32.942,1237,32
1788093457.9611936,88,32.942,1237,32
1788093458.0115242,88,32.942,1237,32
1788093458.0620136,88,32.942,1237,32
1788093458.1122382,89,33.066,1237,32
1788093458.1627183,89,33.066,1237,32
1788093458.2130127,89,33.066,1237,32
1788093458.2632349,89,33.066,1237,32
1788093458.3135052,89,33.066,1237,32
1788093458.3638651,89,33.066,1237,32
1788093458.4142413,89,33.066,1237,32
1788093458.464824,89,33.066,1237,32
1788093458.5152576,89,33.066,1237,32
1788093458.5656347,89,33.066,1237,32
1788093458.615929,89,36.07,1237,32
1788093458.6665003,89,36.07,1237,32
1788093458.7169678,89,36.07,1237,32
1788093458.7671723,89,36.07,1237,32
1788093458.8176942,89,36.07,1237,32
1788093458.867933,89,36.07,1237,32
1788093458.9183106,89,36.07,1237,32
1788093458.968667,89,36.07,1237,32
1788093459.0190158,89,36.07,1237,32
1788093459.0704486,89,36.07,1237,32
1788093459.130081,89,36.972,1237,32
1788093459.184558,89,36.972,1237,32
1788093459.2347422,89,36.972,1237,32
1788093459.2851892,89,36.972,1237,32
1788093459.3356595,89,36.972,1237,32
1788093459.3860962,89,36.972,1237,32
1788093459.436338,89,36.972,1237,32
1788093459.486721,89,36.972,1237,32
1788093459.5370083,89,36.972,1237,32
1788093459.5873303,89,36.972,1237,32
1788093459.6375418,86,30.892,1237,32
1788093459.6881769,86,30.892,1237,32
1788093459.738612,86,30.892,1237,32
1788093459.7889152,86,30.892,1237,32
1788093459.8394005,86,30.892,1237,32
1788093459.88991,86,30.892,1237,32
1788093459.9404356,86,30.892,1237,32
1788093459.990785,86,30.892,1237,32
1788093460.0413249,86,30.892,1237,32
1788093460.0918112,86,30.892,1237,32
1788093460.1421058,88,30.263,1237,32
1788093460.1925488,88,30.263,1237,32
1788093460.2431867,88,30.263,1237,32
1788093460.2938373,88,30.263,1237,32
1788093460.3442998,88,30.263,1237,32
1788093460.3948832,88,30.263,1237,32
1788093460.445522,88,30.263,1237,32
1788093460.4962358,88,30.263,1237,32
1788093460.5467815,88,30.263,1237,32
1788093460.5970445,88,33.99,1237,32
1788093460.647284,88,33.99,1237,32
1788093460.6978357,88,33.99,1237,32
1788093460.7481875,88,33.99,1237,32
1788093460.7987797,88,33.99,1237,32
1788093460.8494282,88,33.99,1237,32
1788093460.9000993,88,33.99,1237,32
1788093460.950524,88,33.99,1237,32
1788093461.0008466,88,33.99,1237,32
1788093461.0514324,88,33.99,1237,32
1788093461.1016505,88,35.519,1237,32
1788093461.1521008,88,35.519,1237,32
1788093461.205424,88,35.519,1237,32
1788093461.2559648,88,35.519,1237,32
1788093461.306337,88,35.519,1237,32
1788093461.3569458,88,35.519,1237,32
1788093461.4072433,88,35.519,1237,32
1788093461.4577308,88,35.519,1237,32
1788093461.5081077,88,35.519,1237,32
1788093461.5586863,88,35.519,1237,32
1788093461.6088629,89,35.324,1237,32
1788093461.6591585,89,35.324,1237,32
1788093461.709756,89,35.324,1237,32
1788093461.7603545,89,35.324,1237,32
1788093461.8108702,89,35.324,1237,32
1788093461.8612788,89,35.324,1237,32
1788093461.9118257,89,35.324,1237,32
1788093461.9621637,89,35.324,1237,32
1788093462.0125434,89,35.324,1237,32
1788093462.0628557,89,35.324,1237,32
1788093462.1131842,89,36.357,772,32
1788093462.163645,89,36.357,772,32
1788093462.2139807,89,36.357,772,32
1788093462.2643487,89,36.357,772,32
1788093462.3150218,89,36.357,772,32
1788093462.3652241,89,36.357,772,32
1788093462.4157584,89,36.357,772,32
1788093462.4664683,89,36.357,772,32
1788093462.517004,89,36.357,772,32
1788093462.5675154,89,36.357,772,32
1788093462.6177473,88,35.098,1185,32
1788093462.6682184,88,35.098,1185,32
1788093462.7185395,88,35.098,1185,32
1788093462.768819,88,35.098,1185,32
1788093462.8191233,88,35.098,1185,32
1788093462.8697515,88,35.098,1185,32
1788093462.920295,88,35.098,1185,32
1788093462.9708478,88,35.098,1185,32
1788093463.0213082,88,35.098,1185,32
1788093463.071574,88,35.098,1185,32
1788093463.1220455,88,34.556,1207,32
1788093463.1726897,88,34.556,1207,32
1788093463.223206,88,34.556,1207,32
1788093463.27384,88,34.556,1207,32
1788093463.3241265,88,34.556,1207,32
1788093463.374464,88,34.556,1207,32
1788093463.4250326,88,34.556,1207,32
1788093463.4757092,88,34.556,1207,32
1788093463.5261617,88,34.556,1207,32
1788093463.5764694,88,34.556,1207,32
1788093463.626863,88,33.295,1237,32
1788093463.6770425,88,33.295,1237,32
1788093463.727481,88,33.295,1237,32
1788093463.7778182,88,33.295,1237,32
1788093463.8283873,88,33.295,1237,32
1788093463.878798,88,33.295,1237,32
1788093463.929185,88,33.295,1237,32
1788093463.9795718,88,33.295,1237,32
1788093464.0297215,88,33.295,1237,32
1788093464.0801468,88,33.295,1237,32
1788093464.1304128,89,33.952,1237,32
1788093464.1810215,89,33.952,1237,32
1788093464.2312663,89,33.952,1237,32
1788093464.281538,89,33.952,1237,32
1788093464.3321266,89,33.952,1237,32
1788093464.3823283,89,33.952,1237,32
1788093464.4325979,89,33.952,1237,32
1788093464.4827347,89,33.952,1237,32
1788093464.5333953,89,33.952,1237,32
1788093464.583631,89,33.952,1237,32
1788093464.633923,89,37.39,1155,32
1788093464.684462,89,37.39,1155,32
1788093464.7349534,89,37.39,1155,32
1788093464.7856224,89,37.39,1155,32
1788093464.8357737,89,37.39,1155,32
1788093464.8862877,89,37.39,1155,32
1788093464.9368443,89,37.39,1155,32
1788093464.9874852,89,37.39,1155,32
1788093465.037912,89,37.39,1155,32
1788093465.0881124,89,37.39,1155,32
1788093465.1387672,89,36.712,1170,32
1788093465.1892948,89,36.712,1170,32
1788093465.239691,89,36.712,1170,32
1788093465.2902293,89,36.712,1170,32
1788093465.3405602,89,36.712,1170,32
1788093465.3912861,89,36.712,1170,32
1788093465.4416485,89,36.712,1170,32
1788093465.4920454,89,36.712,1170,32
1788093465.5424309,89,36.712,1170,32
1788093465.5925589,89,36.712,1170,32
1788093465.643157,89,35.906,1140,32
1788093465.6935356,89,35.906,1140,32
1788093465.743737,89,35.906,1140,32
1788093465.7943323,89,35.906,1140,32
1788093465.844563,89,35.906,1140,32
1788093465.8950312,89,35.906,1140,32
1788093465.945364,89,35.906,1140,32
1788093465.9958122,89,35.906,1140,32
1788093466.0463302,89,35.906,1140,32
1788093466.0969665,89,35.906,1140,32
1788093466.1472962,89,35.602,1095,32
1788093466.197704,89,35.602,1095,32
1788093466.2479002,89,35.602,1095,32
1788093466.2981327,89,35.602,1095,32
1788093466.348316,89,35.602,1095,32
1788093466.3985803,89,35.602,1095,32
1788093466.4491484,89,35.602,1095,32
1788093466.4995239,89,35.602,1095,32
1788093466.5496826,89,35.602,1095,32
1788093466.6001353,89,35.731,1237,32
1788093466.6503403,89,35.731,1237,32
1788093466.7010484,89,35.731,1237,32
1788093466.7516875,89,35.731,1237,32
1788093466.801901,89,35.731,1237,32
1788093466.8521357,89,35.731,1237,32
1788093466.9027777,89,35.731,1237,32
1788093466.9532516,89,35.731,1237,32
1788093467.0039861,89,35.731,1237,32
1788093467.054525,89,35.731,1237,32
1788093467.1051426,89,32.978,1237,32
1788093467.155651,89,32.978,1237,32
1788093467.2060125,89,32.978,1237,32
1788093467.25647,89,32.978,1237,32
1788093467.3068109,89,32.978,1237,32
1788093467.357437,89,32.978,1237,32
1788093467.4080424,89,32.978,1237,32
1788093467.4584742,89,32.978,1237,32
1788093467.5087628,89,32.978,1237,32
1788093467.5590127,89,32.978,1237,32
1788093467.6093094,89,34.545,1192,32
1788093467.6597784,89,34.545,1192,32
1788093467.7102592,89,34.545,1192,32
1788093467.7607553,89,34.545,1192,32
1788093467.8112538,89,34.545,1192,32
1788093467.8617983,89,34.545,1192,32
1788093467.9121866,89,34.545,1192,32
1788093467.9628005,89,34.545,1192,32
1788093468.0132923,89,34.545,1192,32
1788093468.0636578,89,34.545,1192,32
1788093468.1138341,89,37.316,1140,32
1788093468.1643164,89,37.316,1140,32
1788093468.2145107,89,37.316,1140,32
1788093468.2649608,89,37.316,1140,32
1788093468.3152072,89,37.316,1140,32
1788093468.3656547,89,37.316,1140,32
1788093468.4162607,89,37.316,1140,32
1788093468.4664242,89,37.316,1140,32
1788093468.5171003,89,37.316,1140,32
1788093468.5674617,89,37.316,1140,32
1788093468.6180341,89,35.898,1102,32
1788093468.6684654,89,35.898,1102,32
1788093468.7188036,89,35.898,1102,32
1788093468.7692153,89,35.898,1102,32
1788093468.819701,89,35.898,1102,32
1788093468.8701599,89,35.898,1102,32
1788093468.920623,89,35.898,1102,32
1788093468.9712207,89,35.898,1102,32
1788093469.0215433,89,35.898,1102,32
1788093469.0719473,89,35.898,1102,32
1788093469.1224031,88,35.677,1170,32
1788093469.172996,88,35.677,1170,32
1788093469.223423,88,35.677,1170,32
1788093469.2737708,88,35.677,1170,32
1788093469.3239744,88,35.677,1170,32
1788093469.37425,88,35.677,1170,32
1788093469.4249406,88,35.677,1170,32
1788093469.4752061,88,35.677,1170,32
1788093469.5255616,88,35.677,1170,32
1788093469.5759835,88,35.677,1170,32
1788093469.6263576,89,35.706,1207,32
1788093469.676939,89,35.706,1207,32
1788093469.72763,89,35.706,1207,32
1788093469.7780755,89,35.706,1207,32
1788093469.8286812,89,35.706,1207,32
1788093469.8792853,89,35.706,1207,32
1788093469.9298778,89,35.706,1207,32
1788093469.9800982,89,35.706,1207,32
1788093470.0303097,89,35.706,1207,32
1788093470.0806887,89,35.706,1207,32
1788093470.1309135,87,35.727,1237,32
1788093470.181321,87,35.727,1237,32
1788093470.2315147,87,35.727,1237,32
1788093470.2818282,87,35.727,1237,32
1788093470.3321786,87,35.727,1237,32
1788093470.3824675,87,35.727,1237,32
1788093470.432966,87,35.727,1237,32
1788093470.48351,87,35.727,1237,32
1788093470.5338166,87,35.727,1237,32
1788093470.5842311,87,35.727,1237,32
1788093470.6350603,88,32.441,1237,32
1788093470.685707,88,32.441,1237,32
1788093470.7362244,88,32.441,1237,32
1788093470.7866497,88,32.441,1237,32
1788093470.836873,88,32.441,1237,32
1788093470.8874116,88,32.441,1237,32
1788093470.937679,88,32.441,1237,32
1788093470.9881158,88,32.441,1237,32
1788093471.0386517,88,32.441,1237,32
1788093471.0893092,88,32.441,1237,32
1788093471.1398003,89,33.254,622,32
1788093471.1902533,89,33.254,622,32
1788093471.240497,89,33.254,622,32
1788093471.2907553,89,33.254,622,32
1788093471.3411324,89,33.254,622,32
1788093471.3913133,89,33.254,622,32
1788093471.441927,89,33.254,622,32
1788093471.4923358,89,33.254,622,32
1788093471.543018,89,33.254,622,32
1788093471.593385,89,33.254,622,32
1788093471.6435554,88,35.449,1230,32
1788093471.6938608,88,35.449,1230,32
1788093471.7442904,88,35.449,1230,32
1788093471.7946327,88,35.449,1230,32
1788093471.8452833,88,35.449,1230,32
1788093471.8957708,88,35.449,1230,32
1788093471.9464586,88,35.449,1230,32
1788093471.9967885,88,35.449,1230,32
1788093472.0471392,88,35.449,1230,32
1788093472.0976393,88,35.449,1230,32
1788093472.1478133,88,34.308,1147,32
1788093472.1984413,88,34.308,1147,32
1788093472.2488666,88,34.308,1147,32
1788093472.299051,88,34.308,1147,32
1788093472.3498056,88,34.308,1147,32
1788093472.4003577,88,34.308,1147,32
1788093472.4505854,88,34.308,1147,32
1788093472.5009103,88,34.308,1147,32
1788093472.5513623,88,34.308,1147,32
1788093472.6016614,88,34.851,1237,32
1788093472.6522489,88,34.851,1237,32
1788093472.7026782,88,34.851,1237,32
1788093472.7530034,88,34.851,1237,32
1788093472.803353,88,34.851,1237,32
1788093472.8535912,88,34.851,1237,32
1788093472.9039972,88,34.851,1237,32
1788093472.9544294,88,34.851,1237,32
1788093473.0047727,88,34.851,1237,32
1788093473.0550995,88,34.851,1237,32
1788093473.105668,88,34.929,1162,32
1788093473.156431,88,34.929,1162,32
1788093473.206813,88,34.929,1162,32
1788093473.2570202,88,34.929,1162,32
1788093473.307557,88,34.929,1162,32
1788093473.357822,88,34.929,1162,32
1788093473.408252,88,34.929,1162,32
1788093473.4583998,88,34.929,1162,32
1788093473.5088685,88,34.929,1162,32
1788093473.5595639,88,34.929,1162,32
1788093473.609933,88,35.406,1237,32
1788093473.6601658,88,35.406,1237,32
1788093473.7106173,88,35.406,1237,32
1788093473.7608426,88,35.406,1237,32
1788093473.8110254,88,35.406,1237,32
1788093473.8614047,88,35.406,1237,32
1788093473.91179,88,35.406,1237,32
1788093473.9619977,88,35.406,1237,32
1788093474.01225,88,35.406,1237,32
1788093474.06293,88,35.406,1237,32
1788093474.1135764,88,31.728,1237,32
1788093474.1638134,88,31.728,1237,32
1788093474.2143335,88,31.728,1237,32
1788093474.2648356,88,31.728,1237,32
1788093474.3152368,88,31.728,1237,32
1788093474.3658762,88,31.728,1237,32
1788093474.4161837,88,31.728,1237,32
1788093474.4670157,88,31.728,1237,32
1788093474.5174344,88,31.728,1237,32
1788093474.5678754,88,31.728,1237,32
1788093474.618337,89,33.366,1237,32
1788093474.6688385,89,33.366,1237,32
1788093474.7192576,89,33.366,1237,32
1788093474.7696066,89,33.366,1237,32
1788093474.819842,89,33.366,1237,32
1788093474.8704116,89,33.366,1237,32
1788093474.9208508,89,33.366,1237,32
1788093474.9712234,89,33.366,1237,32
1788093475.0216205,89,33.366,1237,32
1788093475.0719595,89,33.366,1237,32
1788093475.1221964,89,37.32,1237,32
1788093475.1723824,89,37.32,1237,32
1788093475.2227619,89,37.32,1237,32
1788093475.2731006,89,37.32,1237,32
1788093475.323621,89,37.32,1237,32
1788093475.374148,89,37.32,1237,32
1788093475.424473,89,37.32,1237,32
1788093475.474824,89,37.32,1237,32
1788093475.5253336,89,37.32,1237,32
1788093475.5757716,89,37.32,1237,32
1788093475.6264343,89,37.119,1117,32
1788093475.6766531,89,37.119,1117,32
1788093475.7268915,89,37.119,1117,32
1788093475.7773912,89,37.119,1117,32
1788093475.8278065,89,37.119,1117,32
1788093475.8784225,89,37.119,1117,32
1788093475.928993,89,37.119,1117,32
1788093475.9795034,89,37.119,1117,32
1788093476.0298698,89,37.119,1117,32
1788093476.0805058,89,37.119,1117,32
1788093476.1311815,88,35.917,1042,32
1788093476.1815796,88,35.917,1042,32
1788093476.2317498,88,35.917,1042,32
1788093476.282224,88,35.917,1042,32
1788093476.3323996,88,35.917,1042,32
1788093476.3828177,88,35.917,1042,32
1788093476.4330142,88,35.917,1042,32
1788093476.4831676,88,35.917,1042,32
1788093476.5337765,88,35.917,1042,32
1788093476.5843625,88,35.917,1042,32
1788093476.6349719,88,35.457,1237,32
1788093476.6853187,88,35.457,1237,32
1788093476.735856,88,35.457,1237,32
1788093476.786352,88,35.457,1237,32
1788093476.8365579,88,35.457,1237,32
1788093476.8869221,88,35.457,1237,32
1788093476.937187,88,35.457,1237,32
1788093476.9875484,88,35.457,1237,32
1788093477.0381503,88,35.457,1237,32
1788093477.0884278,88,35.457,1237,32
1788093477.1390817,89,35.263,1207,32
1788093477.1894286,89,35.263,1207,32
1788093477.2398934,89,35.263,1207,32
1788093477.290545,89,35.263,1207,32
1788093477.341098,89,35.263,1207,32
1788093477.391258,89,35.263,1207,32
1788093477.4417346,89,35.263,1207,32
1788093477.4923155,89,35.263,1207,32
1788093477.5424411,89,35.263,1207,32
1788093477.5926957,89,35.263,1207,32
1788093477.643283,88,32.84,1237,32
1788093477.6937063,88,32.84,1237,32
1788093477.7439117,88,32.84,1237,32
1788093477.7943757,88,32.84,1237,32
1788093477.8452456,88,32.84,1237,32
1788093477.8958194,88,32.84,1237,32
1788093477.9460318,88,32.84,1237,32
1788093477.996566,88,32.84,1237,32
1788093478.046843,88,32.84,1237,32
1788093478.097338,88,32.84,1237,32
1788093478.1476612,89,34.23,1237,32
1788093478.198215,89,34.23,1237,32
1788093478.2486854,89,34.23,1237,32
1788093478.2991354,89,34.23,1237,32
1788093478.3494146,89,34.23,1237,32
1788093478.3997343,89,34.23,1237,32
1788093478.4502363,89,34.23,1237,32
1788093478.5006962,89,34.23,1237,32
1788093478.5508883,89,34.23,1237,32
1788093478.6013794,88,37.465,840,32
1788093478.651598,88,37.465,840,32
1788093478.702066,88,37.465,840,32
1788093478.752467,88,37.465,840,32
1788093478.8031514,88,37.465,840,32
1788093478.8534448,88,37.465,840,32
1788093478.9039602,88,37.465,840,32
1788093478.9542937,88,37.465,840,32
1788093479.0050063,88,37.465,840,32
1788093479.055668,88,37.465,840,32
1788093479.105849,88,35.6,1237,32
1788093479.1562266,88,35.6,1237,32
1788093479.2064674,88,35.6,1237,32
1788093479.2571218,88,35.6,1237,32
1788093479.3075335,88,35.6,1237,32
1788093479.3576877,88,35.6,1237,32
1788093479.408263,88,35.6,1237,32
1788093479.4588172,88,35.6,1237,32
1788093479.5092995,88,35.6,1237,32
1788093479.5595765,88,35.6,1237,32
1788093479.6099565,89,34.704,1192,32
1788093479.660294,89,34.704,1192,32
1788093479.7105925,89,34.704,1192,32
1788093479.7610102,89,34.704,1192,32
1788093479.8115315,89,34.704,1192,32
1788093479.861941,89,34.704,1192,32
1788093479.9124267,89,34.704,1192,32
1788093479.9626906,89,34.704,1192,32
1788093480.0128524,89,34.704,1192,32
1788093480.0634074,89,34.704,1192,32
1788093480.1138895,89,36.433,1177,32
1788093480.1641142,89,36.433,1177,32
1788093480.214426,89,36.433,1177,32
1788093480.264892,89,36.433,1177,32
1788093480.3152337,89,36.433,1177,32
1788093480.365579,89,36.433,1177,32
1788093480.4159803,89,36.433,1177,32
1788093480.466201,89,36.433,1177,32
1788093480.5165637,89,36.433,1177,32
1788093480.5669444,89,36.433,1177,32
1788093480.6175566,89,36.853,1192,32
1788093480.6680262,89,36.853,1192,32
1788093480.7185411,89,36.853,1192,32
1788093480.7690125,89,36.853,1192,32
1788093480.8195302,89,36.853,1192,32
1788093480.869717,89,36.853,1192,32
1788093480.920014,89,36.853,1192,32
1788093480.970277,89,36.853,1192,32
1788093481.0206285,89,36.853,1192,32
1788093481.0708194,89,36.853,1192,32
1788093481.1210914,89,33.882,1237,32
1788093481.1716094,89,33.882,1237,32
1788093481.222263,89,33.882,1237,32
1788093481.2728975,89,33.882,1237,32
1788093481.3232653,89,33.882,1237,32
1788093481.3738513,89,33.882,1237,32
1788093481.4240918,89,33.882,1237,32
1788093481.4746466,89,33.882,1237,32
1788093481.5249267,89,33.882,1237,32
1788093481.57517,89,33.882,1237,32
1788093481.625507,89,34.484,1237,32
1788093481.6760342,89,34.484,1237,32
1788093481.7265003,89,34.484,1237,32
1788093481.776775,89,34.484,1237,32
1788093481.8272657,89,34.484,1237,32
1788093481.8776321,89,34.484,1237,32
1788093481.9280393,89,34.484,1237,32
1788093481.9786696,89,34.484,1237,32
1788093482.0289156,89,34.484,1237,32
1788093482.0792367,89,34.484,1237,32
1788093482.1297297,88,36.809,870,32
1788093482.1800616,88,36.809,870,32
1788093482.2302377,88,36.809,870,32
1788093482.280714,88,36.809,870,32
1788093482.3313718,88,36.809,870,32
1788093482.3819687,88,36.809,870,32
1788093482.4322581,88,36.809,870,32
1788093482.4826179,88,36.809,870,32
1788093482.5331826,88,36.809,870,32
1788093482.5833886,88,36.809,870,32
1788093482.634025,88,34.514,877,32
1788093482.6843727,88,34.514,877,32
1788093482.7347906,88,34.514,877,32
1788093482.785044,88,34.514,877,32
1788093482.8355403,88,34.514,877,32
1788093482.8860805,88,34.514,877,32
1788093482.936383,88,34.514,877,32
1788093482.987034,88,34.514,877,32
1788093483.0376494,88,34.514,877,32
1788093483.0878363,88,34.514,877,32
1788093483.1383147,89,34.51,1237,32
1788093483.188526,89,34.51,1237,32
1788093483.2389348,89,34.51,1237,32
1788093483.2892509,89,34.51,1237,32
1788093483.3395538,89,34.51,1237,32
1788093483.3900657,89,34.51,1237,32
1788093483.4403274,89,34.51,1237,32
1788093483.490602,89,34.51,1237,32
1788093483.5411038,89,34.51,1237,32
1788093483.5914953,89,34.51,1237,32
1788093483.6420813,88,35.081,1080,32
1788093483.692453,88,35.081,1080,32
1788093483.7427611,88,35.081,1080,32
1788093483.7935538,88,35.081,1080,32
1788093483.843773,88,35.081,1080,32
1788093483.8940837,88,35.081,1080,32
1788093483.944674,88,35.081,1080,32
1788093483.9950325,88,35.081,1080,32
1788093484.0452268,88,35.081,1080,32
1788093484.0953636,88,35.081,1080,32
1788093484.1458993,89,35.274,1237,32
1788093484.1962602,89,35.274,1237,32
1788093484.246928,89,35.274,1237,32
1788093484.2972808,89,35.274,1237,32
1788093484.347917,89,35.274,1237,32
1788093484.3985474,89,35.274,1237,32
1788093484.4490519,89,35.274,1237,32
1788093484.499372,89,35.274,1237,32
1788093484.5499017,89,35.274,1237,32
1788093484.6003172,87,31.354,1237,32
1788093484.6505578,87,31.354,1237,32
1788093484.7007682,87,31.354,1237,32
1788093484.7512817,87,31.354,1237,32
1788093484.8015797,87,31.354,1237,32
1788093484.851861,87,31.354,1237,32
1788093484.9024365,87,31.354,1237,32
1788093484.9530616,87,31.354,1237,32
1788093485.003435,87,31.354,1237,32
1788093485.0537684,87,31.354,1237,32
1788093485.1041522,89,32.405,1237,32
1788093485.1548705,89,32.405,1237,32
1788093485.2050455,89,32.405,1237,32
1788093485.2555215,89,32.405,1237,32
1788093485.306153,89,32.405,1237,32
1788093485.356523,89,32.405,1237,32
1788093485.406817,89,32.405,1237,32
1788093485.4574432,89,32.405,1237,32
1788093485.5076852,89,32.405,1237,32
1788093485.557976,89,32.405,1237,32
1788093485.6084967,89,36.683,1162,32
1788093485.6591115,89,36.683,1162,32
1788093485.709287,89,36.683,1162,32
1788093485.759554,89,36.683,1162,32
1788093485.8097847,89,36.683,1162,32
1788093485.8601954,89,36.683,1162,32
1788093485.9107797,89,36.683,1162,32
1788093485.966611,89,36.683,1162,32
1788093486.0288482,89,36.683,1162,32
1788093486.0792027,89,36.683,1162,32
1788093486.1295996,87,34.27,1192,32
1788093486.1801448,87,34.27,1192,32
1788093486.2306116,87,34.27,1192,32
1788093486.281116,87,34.27,1192,32
1788093486.3314254,87,34.27,1192,32
1788093486.3820608,87,34.27,1192,32
1788093486.432608,87,34.27,1192,32
1788093486.4855042,87,34.27,1192,32
1788093486.5359032,87,34.27,1192,32
1788093486.5862916,87,34.27,1192,32
1788093486.636712,89,33.871,1237,32
1788093486.687212,89,33.871,1237,32
1788093486.7373877,89,33.871,1237,32
1788093486.787682,89,33.871,1237,32
1788093486.8379457,89,33.871,1237,32
1788093486.8884444,89,33.871,1237,32
1788093486.9386363,89,33.871,1237,32
1788093486.9891922,89,33.871,1237,32
1788093487.039892,89,33.871,1237,32
1788093487.0903065,89,33.871,1237,32
1788093487.1408343,89,36.428,1020,32
1788093487.1913738,89,36.428,1020,32
1788093487.2420244,89,36.428,1020,32
1788093487.2924545,89,36.428,1020,32
1788093487.3428912,89,36.428,1020,32
1788093487.3930733,89,36.428,1020,32
1788093487.4436207,89,36.428,1020,32
1788093487.4941654,89,36.428,1020,32
1788093487.5445814,89,36.428,1020,32
1788093487.5951095,89,36.428,1020,32
1788093487.6453953,88,36.353,1117,32
1788093487.695753,88,36.353,1117,32
1788093487.7465,88,36.353,1117,32
1788093487.7966716,88,36.353,1117,32
1788093487.847227,88,36.353,1117,32
1788093487.8975115,88,36.353,1117,32
1788093487.9478219,88,36.353,1117,32
1788093487.998424,88,36.353,1117,32
1788093488.0490108,88,36.353,1117,32
1788093488.099632,88,36.353,1117,32
1788093488.1502013,87,33.153,1237,32
1788093488.2006662,87,33.153,1237,32
1788093488.251271,87,33.153,1237,32
1788093488.3015697,87,33.153,1237,32
1788093488.3520737,87,33.153,1237,32
1788093488.4025295,87,33.153,1237,32
1788093488.4529781,87,33.153,1237,32
1788093488.503222,87,33.153,1237,32
1788093488.5536678,87,33.153,1237,32
1788093488.604324,89,33.145,1222,32
1788093488.654546,89,33.145,1222,32
1788093488.7051222,89,33.145,1222,32
1788093488.7556674,89,33.145,1222,32
1788093488.806094,89,33.145,1222,32
1788093488.856679,89,33.145,1222,32
1788093488.907273,89,33.145,1222,32
1788093488.9576755,89,33.145,1222,32
1788093489.008077,89,33.145,1222,32
1788093489.058423,89,33.145,1222,32
1788093489.1089227,89,34.739,1222,32
1788093489.1591988,89,34.739,1222,32
1788093489.2097833,89,34.739,1222,32
1788093489.2600203,89,34.739,1222,32
1788093489.3107622,89,34.739,1222,32
1788093489.361228,89,34.739,1222,32
1788093489.4116206,89,34.739,1222,32
1788093489.4618382,89,34.739,1222,32
1788093489.512235,89,34.739,1222,32
1788093489.562855,89,34.739,1222,32
1788093489.613037,88,36.058,810,32
1788093489.6646628,88,36.058,810,32
1788093489.715184,88,36.058,810,32
1788093489.7657857,88,36.058,810,32
1788093489.8162613,88,36.058,810,32
1788093489.866883,88,36.058,810,32
1788093489.9172244,88,36.058,810,32
1788093489.9677122,88,36.058,810,32
1788093490.0182707,88,36.058,810,32
1788093490.0689192,88,36.058,810,32
1788093490.1193552,89,34.615,1065,32
1788093490.1699886,89,34.615,1065,32
1788093490.2203405,89,34.615,1065,32
1788093490.2708082,89,34.615,1065,32
1788093490.3215203,89,34.615,1065,32
1788093490.3720284,89,34.615,1065,32
1788093490.4225416,89,34.615,1065,32
1788093490.4727943,89,34.615,1065,32
1788093490.5231507,89,34.615,1065,32
1788093490.5736957,89,34.615,1065,32
1788093490.6239152,89,35.202,1237,32
1788093490.6746101,89,35.202,1237,32
1788093490.7248726,89,35.202,1237,32
1788093490.7752929,89,35.202,1237,32
1788093490.8255842,89,35.202,1237,32
1788093490.8761659,89,35.202,1237,32
1788093490.9267051,89,35.202,1237,32
1788093490.9772184,89,35.202,1237,32
1788093491.0278063,89,35.202,1237,32
1788093491.0782642,89,35.202,1237,32
1788093491.1288269,89,35.861,1065,32
1788093491.1794176,89,35.861,1065,32
1788093491.22989,89,35.861,1065,32
1788093491.2805443,89,35.861,1065,32
1788093491.3312216,89,35.861,1065,32
1788093491.3816483,89,35.861,1065,32
1788093491.4322119,89,35.861,1065,32
1788093491.482558,89,35.861,1065,32
1788093491.533209,89,35.861,1065,32
1788093491.5836756,89,35.861,1065,32
1788093491.6342912,88,34.106,1237,32
1788093491.6846876,88,34.106,1237,32
1788093491.735113,88,34.106,1237,32
1788093491.7853622,88,34.106,1237,32
1788093491.8356128,88,34.106,1237,32
1788093491.8862538,88,34.106,1237,32
1788093491.9364214,88,34.106,1237,32
1788093491.9868848,88,34.106,1237,32
1788093492.0371487,88,34.106,1237,32
1788093492.0875597,88,34.106,1237,32
1788093492.137849,89,33.847,1237,32
1788093492.1884403,89,33.847,1237,32
1788093492.2387013,89,33.847,1237,32
1788093492.2890594,89,33.847,1237,32
1788093492.3393006,89,33.847,1237,32
1788093492.3898149,89,33.847,1237,32
1788093492.4400663,89,33.847,1237,32
1788093492.4903967,89,33.847,1237,32
1788093492.540582,89,33.847,1237,32
1788093492.591281,89,33.847,1237,32
1788093492.6416726,88,33.212,877,32
1788093492.691927,88,33.212,877,32
1788093492.742196,88,33.212,877,32
1788093492.792757,88,33.212,877,32
1788093492.842995,88,33.212,877,32
1788093492.8933682,88,33.212,877,32
1788093492.9438517,88,33.212,877,32
1788093492.994492,88,33.212,877,32
1788093493.0450437,88,33.212,877,32
1788093493.0954092,88,33.212,877,32
1788093493.1459444,88,34.786,1095,32
1788093493.196188,88,34.786,1095,32
1788093493.2464647,88,34.786,1095,32
1788093493.2968729,88,34.786,1095,32
1788093493.347311,88,34.786,1095,32
1788093493.397555,88,34.786,1095,32
1788093493.44792,88,34.786,1095,32
1788093493.4984276,88,34.786,1095,32
1788093493.5487022,88,34.786,1095,32
1788093493.5989213,88,34.786,1095,32
1788093493.6491966,88,34.7,1087,32
1788093493.6997426,88,34.7,1087,32
1788093493.750001,88,34.7,1087,32
1788093493.8008122,88,34.7,1087,32
1788093493.8510306,88,34.7,1087,32
1788093493.901368,88,34.7,1087,32
1788093493.9517376,88,34.7,1087,32
1788093494.0023065,88,34.7,1087,32
1788093494.0525904,88,34.7,1087,32
1788093494.1031978,89,35.742,1200,32
1788093494.1533887,89,35.742,1200,32
1788093494.203573,89,35.742,1200,32
1788093494.2538664,89,35.742,1200,32
1788093494.3044,89,35.742,1200,32
1788093494.3546453,89,35.742,1200,32
1788093494.405149,89,35.742,1200,32
1788093494.4554806,89,35.742,1200,32
1788093494.5059116,89,35.742,1200,32
1788093494.5562212,89,35.742,1200,32
1788093494.6065211,89,35.705,1042,32
1788093494.6569989,89,35.705,1042,32
1788093494.7073393,89,35.705,1042,32
1788093494.7579272,89,35.705,1042,32
1788093494.8083456,89,35.705,1042,32
1788093494.8585432,89,35.705,1042,32
1788093494.9089909,89,35.705,1042,32
1788093494.959339,89,35.705,1042,32
1788093495.0097253,89,35.705,1042,32
1788093495.0602715,89,35.705,1042,32
1788093495.110623,88,34.529,1237,32
1788093495.1609013,88,34.529,1237,32
1788093495.2115283,88,34.529,1237,32
1788093495.2621999,88,34.529,1237,32
1788093495.312905,88,34.529,1237,32
1788093495.3632467,88,34.529,1237,32
1788093495.4134364,88,34.529,1237,32
1788093495.4636645,88,34.529,1237,32
1788093495.5142787,88,34.529,1237,32
1788093495.564899,88,34.529,1237,32
1788093495.6152587,89,33.515,1237,32
1788093495.6654503,89,33.515,1237,32
1788093495.7159936,89,33.515,1237,32
1788093495.7663295,89,33.515,1237,32
1788093495.8171954,89,33.515,1237,32
1788093495.8677633,89,33.515,1237,32
1788093495.9183187,89,33.515,1237,32
1788093495.9684732,89,33.515,1237,32
1788093496.0188124,89,33.515,1237,32
1788093496.0694313,89,33.515,1237,32
1788093496.119634,89,34.305,1072,32
1788093496.1702478,89,34.305,1072,32
1788093496.2206593,89,34.305,1072,32
1788093496.2708683,89,34.305,1072,32
1788093496.3210893,89,34.305,1072,32
1788093496.3712711,89,34.305,1072,32
1788093496.421993,89,34.305,1072,32
1788093496.4722471,89,34.305,1072,32
1788093496.5227811,89,34.305,1072,32
1788093496.5731866,89,34.305,1072,32
1788093496.6233642,88,36.544,1125,32
1788093496.67358,88,36.544,1125,32
1788093496.7240102,88,36.544,1125,32
1788093496.7744875,88,36.544,1125,32
1788093496.8248093,88,36.544,1125,32
1788093496.875041,88,36.544,1125,32
1788093496.9253001,88,36.544,1125,32
1788093496.9759135,88,36.544,1125,32
1788093497.0260825,88,36.544,1125,32
1788093497.0765347,88,36.544,1125,32
1788093497.126698,89,34.799,1117,32
1788093497.1769178,89,34.799,1117,32
1788093497.2275674,89,34.799,1117,32
1788093497.2784996,89,34.799,1117,32
1788093497.3291543,89,34.799,1117,32
1788093497.3796663,89,34.799,1117,32
1788093497.4301593,89,34.799,1117,32
1788093497.4804478,89,34.799,1117,32
1788093497.5310094,89,34.799,1117,32
1788093497.5813887,89,34.799,1117,32
1788093497.6317327,88,34.9,1132,32
1788093497.6821878,88,34.9,1132,32
1788093497.7327628,88,34.9,1132,32
1788093497.7829814,88,34.9,1132,32
1788093497.8336165,88,34.9,1132,32
1788093497.883977,88,34.9,1132,32
1788093497.9342442,88,34.9,1132,32
1788093497.9844234,88,34.9,1132,32
1788093498.0346787,88,34.9,1132,32
1788093498.08502,88,34.9,1132,32
1788093498.1353338,89,35.252,1080,32
1788093498.1858304,89,35.252,1080,32
1788093498.235991,89,35.252,1080,32
1788093498.286362,89,35.252,1080,32
1788093498.3368196,89,35.252,1080,32
1788093498.3870146,89,35.252,1080,32
1788093498.4379892,89,35.252,1080,32
1788093498.48848,89,35.252,1080,32
1788093498.5388064,89,35.252,1080,32
1788093498.5889866,89,35.252,1080,32
1788093498.6392643,88,35.229,1207,32
1788093498.6895838,88,35.229,1207,32
1788093498.740033,88,35.229,1207,32
1788093498.7905073,88,35.229,1207,32
1788093498.8410232,88,35.229,1207,32
1788093498.8914738,88,35.229,1207,32
1788093498.9420593,88,35.229,1207,32
1788093498.9925694,88,35.229,1207,32
1788093499.042789,88,35.229,1207,32
1788093499.0930767,88,35.229,1207,32
1788093499.1435351,88,33.201,1237,32
1788093499.1936934,88,33.201,1237,32
1788093499.2440302,88,33.201,1237,32
1788093499.294427,88,33.201,1237,32
1788093499.3448176,88,33.201,1237,32
1788093499.395131,88,33.201,1237,32
1788093499.4454806,88,33.201,1237,32
1788093499.4961474,88,33.201,1237,32
1788093499.546527,88,33.201,1237,32
1788093499.596995,88,33.201,1237,32
1788093499.647686,89,34.375,1237,32
1788093499.6981645,89,34.375,1237,32
1788093499.7487302,89,34.375,1237,32
1788093499.799319,89,34.375,1237,32
1788093499.8500462,89,34.375,1237,32
1788093499.9001858,89,34.375,1237,32
1788093499.9503498,89,34.375,1237,32
1788093500.0008225,89,34.375,1237,32
1788093500.0511274,89,34.375,1237,32
1788093500.1014235,89,37.504,1110,32
1788093500.1519608,89,37.504,1110,32
1788093500.202143,89,37.504,1110,32
1788093500.2527423,89,37.504,1110,32
1788093500.3030443,89,37.504,1110,32
1788093500.353568,89,37.504,1110,32
1788093500.4038277,89,37.504,1110,32
1788093500.4544034,89,37.504,1110,32
1788093500.5050437,89,37.504,1110,32
1788093500.555623,89,37.504,1110,32
1788093500.6058466,89,36.364,1200,32
1788093500.6564362,89,36.364,1200,32
1788093500.7067297,89,36.364,1200,32
1788093500.7569065,89,36.364,1200,32
1788093500.807501,89,36.364,1200,32
1788093500.8580916,89,36.364,1200,32
1788093500.9086971,89,36.364,1200,32
1788093500.9591665,89,36.364,1200,32
1788093501.0095286,89,36.364,1200,32
1788093501.0601554,89,36.364,1200,32
1788093501.1107168,89,35.808,1087,32
1788093501.161294,89,35.808,1087,32
1788093501.2119112,89,35.808,1087,32
1788093501.2623332,89,35.808,1087,32
1788093501.312895,89,35.808,1087,32
1788093501.3633585,89,35.808,1087,32
1788093501.4141684,89,35.808,1087,32
1788093501.4645634,89,35.808,1087,32
1788093501.5148387,89,35.808,1087,32
1788093501.5654414,89,35.808,1087,32
1788093501.6159582,89,35.806,1215,32
1788093501.6665466,89,35.806,1215,32
1788093501.7172136,89,35.806,1215,32
1788093501.767887,89,35.806,1215,32
1788093501.818193,89,35.806,1215,32
1788093501.8687384,89,35.806,1215,32
1788093501.9192133,89,35.806,1215,32
1788093501.9694066,89,35.806,1215,32
1788093502.0199332,89,35.806,1215,32
1788093502.0702224,89,35.806,1215,32
1788093502.1207101,89,35.179,1237,32
1788093502.1711273,89,35.179,1237,32
1788093502.2213762,89,35.179,1237,32
1788093502.2717276,89,35.179,1237,32
1788093502.3223464,89,35.179,1237,32
1788093502.372906,89,35.179,1237,32
1788093502.4234035,89,35.179,1237,32
1788093502.4736955,89,35.179,1237,32
1788093502.5238771,89,35.179,1237,32
1788093502.5741339,89,35.179,1237,32
1788093502.6248064,89,33.79,1237,32
1788093502.675015,89,33.79,1237,32
1788093502.725425,89,33.79,1237,32
1788093502.7758818,89,33.79,1237,32
1788093502.8261569,89,33.79,1237,32
1788093502.8763998,89,33.79,1237,32
1788093502.9266305,89,33.79,1237,32
1788093502.9768357,89,33.79,1237,32
1788093503.027143,89,33.79,1237,32
1788093503.0778577,89,33.79,1237,32
1788093503.128437,89,34.383,1087,32
1788093503.1787145,89,34.383,1087,32
1788093503.229827,89,34.383,1087,32
1788093503.2802489,89,34.383,1087,32
1788093503.330529,89,34.383,1087,32
1788093503.380893,89,34.383,1087,32
1788093503.4314227,89,34.383,1087,32
1788093503.4817512,89,34.383,1087,32
1788093503.532243,89,34.383,1087,32
1788093503.5825996,89,34.383,1087,32
1788093503.6332352,88,35.004,1237,32
1788093503.68374,88,35.004,1237,32
1788093503.7341096,88,35.004,1237,32
1788093503.784451,88,35.004,1237,32
1788093503.8349154,88,35.004,1237,32
1788093503.885549,88,35.004,1237,32
1788093503.9357493,88,35.004,1237,32
1788093503.9861994,88,35.004,1237,32
1788093504.036589,88,35.004,1237,32
1788093504.0873318,88,35.004,1237,32
1788093504.1376047,89,34.243,1237,32
1788093504.187818,89,34.243,1237,32
1788093504.2384443,89,34.243,1237,32
1788093504.288666,89,34.243,1237,32
1788093504.3390038,89,34.243,1237,32
1788093504.389514,89,34.243,1237,32
1788093504.4396915,89,34.243,1237,32
1788093504.490482,89,34.243,1237,32
1788093504.540875,89,34.243,1237,32
1788093504.5914648,89,34.243,1237,32
1788093504.6419694,89,36.49,1237,32
1788093504.692379,89,36.49,1237,32
1788093504.74268,89,36.49,1237,32
1788093504.793286,89,36.49,1237,32
1788093504.8437462,89,36.49,1237,32
1788093504.894332,89,36.49,1237,32
1788093504.9445024,89,36.49,1237,32
1788093504.9950824,89,36.49,1237,32
1788093505.0453823,89,36.49,1237,32
1788093505.095776,89,36.49,1237,32
1788093505.1460505,88,35.126,915,32
1788093505.1963003,88,35.126,915,32
1788093505.2466414,88,35.126,915,32
1788093505.2971175,88,35.126,915,32
1788093505.3476882,88,35.126,915,32
1788093505.3979752,88,35.126,915,32
1788093505.4485066,88,35.126,915,32
1788093505.4987154,88,35.126,915,32
1788093505.5491054,88,35.126,915,32
1788093505.5993898,88,35.126,915,32
1788093505.649802,89,34.238,1125,32
1788093505.7003899,89,34.238,1125,32
1788093505.7505896,89,34.238,1125,32
1788093505.8010483,89,34.238,1125,32
1788093505.8513484,89,34.238,1125,32
1788093505.9017656,89,34.238,1125,32
1788093505.9524183,89,34.238,1125,32
1788093506.0026612,89,34.238,1125,32
1788093506.0529032,89,34.238,1125,32
1788093506.1033115,88,32.735,1237,32
1788093506.1539085,88,32.735,1237,32
1788093506.204374,88,32.735,1237,32
1788093506.2547655,88,32.735,1237,32
1788093506.3052201,88,32.735,1237,32
1788093506.3560116,88,32.735,1237,32
1788093506.4065642,88,32.735,1237,32
1788093506.456969,88,32.735,1237,32
1788093506.5074317,88,32.735,1237,32
1788093506.5578308,88,32.735,1237,32
1788093506.608069,89,34.042,1237,32
1788093506.6584115,89,34.042,1237,32
1788093506.7089832,89,34.042,1237,32
1788093506.759619,89,34.042,1237,32
1788093506.8099651,89,34.042,1237,32
1788093506.860261,89,34.042,1237,32
1788093506.9107153,89,34.042,1237,32
1788093506.9611259,89,34.042,1237,32
1788093507.0115583,89,34.042,1237,32
1788093507.0621288,89,34.042,1237,32
1788093507.112525,89,36.826,1155,32
1788093507.1629913,89,36.826,1155,32
1788093507.213437,89,36.826,1155,32
1788093507.2639916,89,36.826,1155,32
1788093507.3142948,89,36.826,1155,32
1788093507.3644943,89,36.826,1155,32
1788093507.4150362,89,36.826,1155,32
1788093507.4675875,89,36.826,1155,32
1788093507.5180666,89,36.826,1155,32
1788093507.5683515,89,36.826,1155,32
1788093507.618871,88,35.703,1095,32
1788093507.6693091,88,35.703,1095,32
1788093507.7195623,88,35.703,1095,32
1788093507.7699218,88,35.703,1095,32
1788093507.8201373,88,35.703,1095,32
1788093507.8707206,88,35.703,1095,32
1788093507.9213102,88,35.703,1095,32
1788093507.9716816,88,35.703,1095,32
1788093508.0219567,88,35.703,1095,32
1788093508.072582,88,35.703,1095,32
1788093508.1234214,89,35.096,1207,32
1788093508.1737473,89,35.096,1207,32
1788093508.2242231,89,35.096,1207,32
1788093508.2744756,89,35.096,1207,32
1788093508.3249164,89,35.096,1207,32
1788093508.3755312,89,35.096,1207,32
1788093508.4257565,89,35.096,1207,32
1788093508.4760423,89,35.096,1207,32
1788093508.5265746,89,35.096,1207,32
1788093508.5768163,89,35.096,1207,32
1788093508.6280732,88,34.551,1230,32
1788093508.678741,88,34.551,1230,32
1788093508.729146,88,34.551,1230,32
1788093508.7796936,88,34.551,1230,32
1788093508.8301673,88,34.551,1230,32
1788093508.880514,88,34.551,1230,32
1788093508.931099,88,34.551,1230,32
1788093508.981436,88,34.551,1230,32
1788093509.0320485,88,34.551,1230,32
1788093509.0823174,88,34.551,1230,32
1788093509.132857,88,34.054,1125,32
1788093509.1831198,88,34.054,1125,32
1788093509.2336903,88,34.054,1125,32
1788093509.2841387,88,34.054,1125,32
1788093509.334462,88,34.054,1125,32
1788093509.3850133,88,34.054,1125,32
1788093509.4355392,88,34.054,1125,32
1788093509.485786,88,34.054,1125,32
1788093509.5359666,88,34.054,1125,32
1788093509.586278,88,34.054,1125,32
1788093509.6365168,86,30.64,1237,32
1788093509.6871705,86,30.64,1237,32
1788093509.7376492,86,30.64,1237,32
1788093509.7881567,86,30.64,1237,32
1788093509.8383427,86,30.64,1237,32
1788093509.8888693,86,30.64,1237,32
1788093509.939212,86,30.64,1237,32
1788093509.9897482,86,30.64,1237,32
1788093510.040476,86,30.64,1237,32
1788093510.0906985,86,30.64,1237,32
1788093510.1410966,88,29.493,1267,32
1788093510.191321,88,29.493,1267,32
1788093510.2418134,88,29.493,1267,32
1788093510.2923994,88,29.493,1267,32
1788093510.3429608,88,29.493,1267,32
1788093510.3931491,88,29.493,1267,32
1788093510.4435046,88,29.493,1267,32
1788093510.4936917,88,29.493,1267,32
1788093510.5442696,88,29.493,1267,32
1788093510.5947404,88,29.493,1267,32
1788093510.645153,89,32.541,1237,32
1788093510.6958075,89,32.541,1237,32
1788093510.7465572,89,32.541,1237,32
1788093510.7971883,89,32.541,1237,32
1788093510.847595,89,32.541,1237,32
1788093510.8979428,89,32.541,1237,32
1788093510.9482396,89,32.541,1237,32
1788093510.9985282,89,32.541,1237,32
1788093511.0489168,89,32.541,1237,32
1788093511.0991244,89,32.541,1237,32
1788093511.1496933,89,36.72,1237,32
1788093511.1999161,89,36.72,1237,32
1788093511.2504354,89,36.72,1237,32
1788093511.3009589,89,36.72,1237,32
1788093511.3514833,89,36.72,1237,32
1788093511.4016998,89,36.72,1237,32
1788093511.4521835,89,36.72,1237,32
1788093511.5037556,89,36.72,1237,32
1788093511.5548284,89,36.72,1237,32
1788093511.6085289,88,35.289,1237,32
1788093511.6812856,88,35.289,1237,32
1788093511.7366881,88,35.289,1237,32
1788093511.7880402,88,35.289,1237,32
1788093511.841205,88,35.289,1237,32
1788093511.8933508,88,35.289,1237,32
1788093511.9478571,88,35.289,1237,32
1788093511.999491,88,35.289,1237,32
1788093512.0547302,88,35.289,1237,32
1788093512.105641,87,31.041,1237,32
1788093512.156106,87,31.041,1237,32
1788093512.2096343,87,31.041,1237,32
1788093512.2601478,87,31.041,1237,32
1788093512.3109248,87,31.041,1237,32
1788093512.366575,87,31.041,1237,32
1788093512.416789,87,31.041,1237,32
1788093512.4674282,87,31.041,1237,32
1788093512.54414,87,31.041,1237,32
1788093512.5944922,87,31.041,1237,32
1788093512.6485844,87,29.025,1237,32
1788093512.7147026,87,29.025,1237,32
1788093512.7658238,87,29.025,1237,32
1788093512.8199258,87,29.025,1237,32
1788093512.8717813,87,29.025,1237,32
1788093512.9222314,87,29.025,1237,32
1788093512.9795535,87,29.025,1237,32
1788093513.0357528,87,29.025,1237,32
1788093513.0859601,87,29.025,1237,32
1788093513.1364126,88,31.215,1237,32
1788093513.1868916,88,31.215,1237,32
1788093513.237228,88,31.215,1237,32
1788093513.2874877,88,31.215,1237,32
1788093513.3379972,88,31.215,1237,32
1788093513.3884072,88,31.215,1237,32
1788093513.4390266,88,31.215,1237,32
1788093513.4895856,88,31.215,1237,32
1788093513.539996,88,31.215,1237,32
1788093513.5903833,88,31.215,1237,32
1788093513.6407318,88,33.269,1237,32
1788093513.6924076,88,33.269,1237,32
1788093513.7428713,88,33.269,1237,32
1788093513.7934947,88,33.269,1237,32
1788093513.8439245,88,33.269,1237,32
1788093513.8940704,88,33.269,1237,32
1788093513.9444933,88,33.269,1237,32
1788093513.9947393,88,33.269,1237,32
1788093514.0452044,88,33.269,1237,32
1788093514.0956488,88,33.269,1237,32
1788093514.146265,87,31.886,1237,32
1788093514.1966894,87,31.886,1237,32
1788093514.2469802,87,31.886,1237,32
1788093514.2973282,87,31.886,1237,32
1788093514.3478856,87,31.886,1237,32
1788093514.3984125,87,31.886,1237,32
1788093514.4491022,87,31.886,1237,32
1788093514.5115612,87,31.886,1237,32
1788093514.5621889,87,31.886,1237,32
1788093514.6125515,88,32.54,1237,32
1788093514.662789,88,32.54,1237,32
1788093514.7132566,88,32.54,1237,32
1788093514.7638085,88,32.54,1237,32
1788093514.8140268,88,32.54,1237,32
1788093514.8649435,88,32.54,1237,32
1788093514.9152403,88,32.54,1237,32
1788093514.9656715,88,32.54,1237,32
1788093515.0162024,88,32.54,1237,32
1788093515.0666654,88,32.54,1237,32
1788093515.1169186,89,35.797,1237,32
1788093515.167156,89,35.797,1237,32
1788093515.217533,89,35.797,1237,32
1788093515.2678888,89,35.797,1237,32
1788093515.3182425,89,35.797,1237,32
1788093515.3687172,89,35.797,1237,32
1788093515.419097,89,35.797,1237,32
1788093515.4696174,89,35.797,1237,32
1788093515.5198355,89,35.797,1237,32
1788093515.5705326,89,35.797,1237,32
1788093515.6208494,89,36.512,1237,32
1788093515.6714208,89,36.512,1237,32
1788093515.7217805,89,36.512,1237,32
1788093515.77215,89,36.512,1237,32
1788093515.8226385,89,36.512,1237,32
1788093515.8729463,89,36.512,1237,32
1788093515.9232316,89,36.512,1237,32
1788093515.9736023,89,36.512,1237,32
1788093516.0238678,89,36.512,1237,32
1788093516.0744245,89,36.512,1237,32
1788093516.1249673,88,35.022,765,32
1788093516.1753926,88,35.022,765,32
1788093516.225627,88,35.022,765,32
1788093516.2761664,88,35.022,765,32
1788093516.3267956,88,35.022,765,32
1788093516.3773417,88,35.022,765,32
1788093516.4277287,88,35.022,765,32
1788093516.4779565,88,35.022,765,32
1788093516.5283253,88,35.022,765,32
1788093516.5786414,88,35.022,765,32
1788093516.629282,88,33.684,1237,32
1788093516.6797369,88,33.684,1237,32
1788093516.7302673,88,33.684,1237,32
1788093516.7809377,88,33.684,1237,32
1788093516.8313851,88,33.684,1237,32
1788093516.8816764,88,33.684,1237,32
1788093516.9321213,88,33.684,1237,32
1788093516.9825175,88,33.684,1237,32
1788093517.0329666,88,33.684,1237,32
1788093517.0832148,88,33.684,1237,32
1788093517.133755,89,35.823,1207,32
1788093517.184226,89,35.823,1207,32
1788093517.2346587,89,35.823,1207,32
1788093517.2853932,89,35.823,1207,32
1788093517.3362708,89,35.823,1207,32
1788093517.3868504,89,35.823,1207,32
1788093517.4372902,89,35.823,1207,32
1788093517.487948,89,35.823,1207,32
1788093517.5381267,89,35.823,1207,32
1788093517.5884373,89,35.823,1207,32
1788093517.6386895,89,36.401,1237,32
1788093517.6894407,89,36.401,1237,32
1788093517.7401721,89,36.401,1237,32
1788093517.7903502,89,36.401,1237,32
1788093517.8408508,89,36.401,1237,32
1788093517.8915598,89,36.401,1237,32
1788093517.9420085,89,36.401,1237,32
1788093517.9921954,89,36.401,1237,32
1788093518.0427346,89,36.401,1237,32
1788093518.0934427,89,36.401,1237,32
1788093518.1437504,89,33.441,1237,32
1788093518.1942627,89,33.441,1237,32
1788093518.2445207,89,33.441,1237,32
1788093518.295116,89,33.441,1237,32
1788093518.345494,89,33.441,1237,32
1788093518.3961563,89,33.441,1237,32
1788093518.4467523,89,33.441,1237,32
1788093518.4970899,89,33.441,1237,32
1788093518.5474172,89,33.441,1237,32
1788093518.5976422,89,33.441,1237,32
1788093518.6484241,89,34.375,1192,32
1788093518.698795,89,34.375,1192,32
1788093518.748985,89,34.375,1192,32
1788093518.7993937,89,34.375,1192,32
1788093518.8496976,89,34.375,1192,32
1788093518.899915,89,34.375,1192,32
1788093518.9506028,89,34.375,1192,32
1788093519.0009568,89,34.375,1192,32
1788093519.0511808,89,34.375,1192,32
1788093519.1017733,89,34.375,1192,32
1788093519.1520002,89,36.785,1170,32
1788093519.2025218,89,36.785,1170,32
1788093519.2531228,89,36.785,1170,32
1788093519.3034549,89,36.785,1170,32
1788093519.3538227,89,36.785,1170,32
1788093519.4041426,89,36.785,1170,32
1788093519.4544635,89,36.785,1170,32
1788093519.504712,89,36.785,1170,32
1788093519.5552146,89,36.785,1170,32
1788093519.6057618,88,35.424,1102,32
1788093519.6562157,88,35.424,1102,32
1788093519.7065978,88,35.424,1102,32
1788093519.7570372,88,35.424,1102,32
1788093519.8076272,88,35.424,1102,32
1788093519.8581126,88,35.424,1102,32
1788093519.908687,88,35.424,1102,32
1788093519.9592946,88,35.424,1102,32
1788093520.009879,88,35.424,1102,32
1788093520.0603657,88,35.424,1102,32
1788093520.1109667,89,35.512,1065,32
1788093520.1614823,89,35.512,1065,32
1788093520.211946,89,35.512,1065,32
1788093520.2625995,89,35.512,1065,32
1788093520.3128645,89,35.512,1065,32
1788093520.3632743,89,35.512,1065,32
1788093520.413505,89,35.512,1065,32
1788093520.463886,89,35.512,1065,32
1788093520.5145776,89,35.512,1065,32
1788093520.5651796,89,35.512,1065,32
1788093520.6155853,88,35.37,1222,32
1788093520.6658847,88,35.37,1222,32
1788093520.7163768,88,35.37,1222,32
1788093520.7668738,88,35.37,1222,32
1788093520.817488,88,35.37,1222,32
1788093520.8677404,88,35.37,1222,32
1788093520.9181242,88,35.37,1222,32
1788093520.9685364,88,35.37,1222,32
1788093521.0187187,88,35.37,1222,32
1788093521.0691164,88,35.37,1222,32
1788093521.1194332,88,34.902,1192,32
1788093521.1698444,88,34.902,1192,32
1788093521.2204032,88,34.902,1192,32
1788093521.270916,88,34.902,1192,32
1788093521.3215513,88,34.902,1192,32
1788093521.371708,88,34.902,1192,32
1788093521.4222562,88,34.902,1192,32
1788093521.4727814,88,34.902,1192,32
1788093521.5230935,88,34.902,1192,32
1788093521.5736597,88,34.902,1192,32
1788093521.6239014,88,31.156,1237,32
1788093521.674183,88,31.156,1237,32
1788093521.7246275,88,31.156,1237,32
1788093521.7760756,88,31.156,1237,32
1788093521.826382,88,31.156,1237,32
1788093521.8769817,88,31.156,1237,32
1788093521.9274437,88,31.156,1237,32
1788093521.9780526,88,31.156,1237,32
1788093522.0286567,88,31.156,1237,32
1788093522.079311,88,31.156,1237,32
1788093522.129854,89,31.909,1237,32
1788093522.1801548,89,31.909,1237,32
1788093522.230487,89,31.909,1237,32
1788093522.2807121,89,31.909,1237,32
1788093522.3312955,89,31.909,1237,32
1788093522.38156,89,31.909,1237,32
1788093522.4320822,89,31.909,1237,32
1788093522.4823515,89,31.909,1237,32
1788093522.5325499,89,31.909,1237,32
1788093522.5831997,89,31.909,1237,32
1788093522.633663,89,37.04,1237,32
1788093522.6841495,89,37.04,1237,32
1788093522.7343645,89,37.04,1237,32
1788093522.7847,89,37.04,1237,32
1788093522.8349044,89,37.04,1237,32
1788093522.885216,89,37.04,1237,32
1788093522.9355989,89,37.04,1237,32
1788093522.9861581,89,37.04,1237,32
1788093523.0367913,89,37.04,1237,32
1788093523.0873308,89,37.04,1237,32
1788093523.1378934,89,37.799,1065,32
1788093523.1881857,89,37.799,1065,32
1788093523.238928,89,37.799,1065,32
1788093523.2892554,89,37.799,1065,32
1788093523.3398962,89,37.799,1065,32
1788093523.3904097,89,37.799,1065,32
1788093523.4409952,89,37.799,1065,32
1788093523.4913495,89,37.799,1065,32
1788093523.5417042,89,37.799,1065,32
1788093523.5920367,89,37.799,1065,32
1788093523.6422715,88,36.031,1102,32
1788093523.6928453,88,36.031,1102,32
1788093523.7432122,88,36.031,1102,32
1788093523.7938278,88,36.031,1102,32
1788093523.8440711,88,36.031,1102,32
1788093523.8945625,88,36.031,1102,32
1788093523.9451556,88,36.031,1102,32
1788093523.9957001,88,36.031,1102,32
1788093524.0464015,88,36.031,1102,32
1788093524.0967314,88,36.031,1102,32
1788093524.1472194,88,33.887,1125,32
1788093524.1975656,88,33.887,1125,32
1788093524.2480824,88,33.887,1125,32
1788093524.2983663,88,33.887,1125,32
1788093524.3490446,88,33.887,1125,32
1788093524.3995245,88,33.887,1125,32
1788093524.4498932,88,33.887,1125,32
1788093524.5004048,88,33.887,1125,32
1788093524.5505934,88,33.887,1125,32
1788093524.6011212,88,33.887,1125,32
1788093524.6515646,89,35.539,1237,32
1788093524.702119,89,35.539,1237,32
1788093524.752417,89,35.539,1237,32
1788093524.8026977,89,35.539,1237,32
1788093524.8531227,89,35.539,1237,32
1788093524.9037,89,35.539,1237,32
1788093524.95435,89,35.539,1237,32
1788093525.004551,89,35.539,1237,32
1788093525.0551212,89,35.539,1237,32
1788093525.1054735,88,34.044,1237,32
1788093525.1557615,88,34.044,1237,32
1788093525.2060475,88,34.044,1237,32
1788093525.2564392,88,34.044,1237,32
1788093525.306789,88,34.044,1237,32
1788093525.357173,88,34.044,1237,32
1788093525.407498,88,34.044,1237,32
1788093525.4578876,88,34.044,1237,32
1788093525.508439,88,34.044,1237,32
1788093525.5587509,88,34.044,1237,32
1788093525.6090949,89,34.285,675,32
1788093525.6594105,89,34.285,675,32
1788093525.7098536,89,34.285,675,32
1788093525.7603378,89,34.285,675,32
1788093525.810768,89,34.285,675,32
1788093525.861355,89,34.285,675,32
1788093525.911859,89,34.285,675,32
1788093525.962655,89,34.285,675,32
1788093526.0132084,89,34.285,675,32
1788093526.0636594,89,34.285,675,32
1788093526.1139233,88,35.013,1200,32
1788093526.1641371,88,35.013,1200,32
1788093526.2144508,88,35.013,1200,32
1788093526.264836,88,35.013,1200,32
1788093526.3153372,88,35.013,1200,32
1788093526.3657303,88,35.013,1200,32
1788093526.4161403,88,35.013,1200,32
1788093526.4667902,88,35.013,1200,32
1788093526.5172174,88,35.013,1200,32
1788093526.567405,88,35.013,1200,32
1788093526.6176472,88,33.727,1087,32
1788093526.667877,88,33.727,1087,32
1788093526.7183337,88,33.727,1087,32
1788093526.7688482,88,33.727,1087,32
1788093526.8193498,88,33.727,1087,32
1788093526.869844,88,33.727,1087,32
1788093526.9201162,88,33.727,1087,32
1788093526.9703,88,33.727,1087,32
1788093527.0204673,88,33.727,1087,32
1788093527.0709505,88,33.727,1087,32
1788093527.1215768,88,35.639,1095,32
1788093527.1722221,88,35.639,1095,32
1788093527.222515,88,35.639,1095,32
1788093527.2727826,88,35.639,1095,32
1788093527.323206,88,35.639,1095,32
1788093527.3734343,88,35.639,1095,32
1788093527.4238584,88,35.639,1095,32
1788093527.4740658,88,35.639,1095,32
1788093527.5243526,88,35.639,1095,32
1788093527.5747817,88,35.639,1095,32
1788093527.6252904,88,35.491,1192,32
1788093527.6759477,88,35.491,1192,32
1788093527.7261522,88,35.491,1192,32
1788093527.7765968,88,35.491,1192,32
1788093527.8271196,88,35.491,1192,32
1788093527.8774655,88,35.491,1192,32
1788093527.927705,88,35.491,1192,32
1788093527.9779441,88,35.491,1192,32
1788093528.0282137,88,35.491,1192,32
1788093528.078379,88,35.491,1192,32
1788093528.1288252,89,35.295,1162,32
1788093528.1794167,89,35.295,1162,32
1788093528.229589,89,35.295,1162,32
1788093528.28025,89,35.295,1162,32
1788093528.3304613,89,35.295,1162,32
1788093528.380808,89,35.295,1162,32
1788093528.431381,89,35.295,1162,32
1788093528.481659,89,35.295,1162,32
1788093528.5322149,89,35.295,1162,32
1788093528.5828602,89,35.295,1162,32
1788093528.633486,87,32.591,1237,32
1788093528.6840086,87,32.591,1237,32
1788093528.7343447,87,32.591,1237,32
1788093528.7847686,87,32.591,1237,32
1788093528.8353481,87,32.591,1237,32
1788093528.8859367,87,32.591,1237,32
1788093528.9363742,87,32.591,1237,32
1788093528.9866989,87,32.591,1237,32
1788093529.0369575,87,32.591,1237,32
1788093529.087237,87,32.591,1237,32
1788093529.1375482,89,33.729,1237,32
1788093529.18787,89,33.729,1237,32
1788093529.2380981,89,33.729,1237,32
1788093529.288463,89,33.729,1237,32
1788093529.338677,89,33.729,1237,32
1788093529.389225,89,33.729,1237,32
1788093529.4394352,89,33.729,1237,32
1788093529.490026,89,33.729,1237,32
1788093529.5403461,89,33.729,1237,32
1788093529.59075,89,33.729,1237,32
1788093529.641115,88,36.777,570,32
1788093529.6914232,88,36.777,570,32
1788093529.741831,88,36.777,570,32
1788093529.7924445,88,36.777,570,32
1788093529.843013,88,36.777,570,32
1788093529.8935206,88,36.777,570,32
1788093529.9437697,88,36.777,570,32
1788093529.993959,88,36.777,570,32
1788093530.0444424,88,36.777,570,32
1788093530.0946956,88,36.777,570,32
1788093530.1452937,88,35.071,1162,32
1788093530.1957097,88,35.071,1162,32
1788093530.2463605,88,35.071,1162,32
1788093530.2967486,88,35.071,1162,32
1788093530.3469603,88,35.071,1162,32
1788093530.3972986,88,35.071,1162,32
1788093530.44757,88,35.071,1162,32
1788093530.4981983,88,35.071,1162,32
1788093530.5484018,88,35.071,1162,32
1788093530.5986404,88,35.071,1162,32
1788093530.6491587,88,34.144,1237,32
1788093530.6997082,88,34.144,1237,32
1788093530.7503295,88,34.144,1237,32
1788093530.8009393,88,34.144,1237,32
1788093530.8511817,88,34.144,1237,32
1788093530.901507,88,34.144,1237,32
1788093530.9521055,88,34.144,1237,32
1788093531.0023508,88,34.144,1237,32
1788093531.0530212,88,34.144,1237,32
1788093531.1034544,88,34.144,1237,32
1788093531.153903,88,34.608,1185,32
1788093531.2042627,88,34.608,1185,32
1788093531.2546873,88,34.608,1185,32
1788093531.30498,88,34.608,1185,32
1788093531.355098,88,34.608,1185,32
1788093531.4055026,88,34.608,1185,32
1788093531.455777,88,34.608,1185,32
1788093531.5063133,88,34.608,1185,32
1788093531.5569005,88,34.608,1185,32
1788093531.6073723,88,34.522,1042,32
1788093531.6579013,88,34.522,1042,32
1788093531.7083514,88,34.522,1042,32
1788093531.7589574,88,34.522,1042,32
1788093531.8094285,88,34.522,1042,32
1788093531.8595428,88,34.522,1042,32
1788093531.9100218,88,34.522,1042,32
1788093531.9602401,88,34.522,1042,32
1788093532.0106454,88,34.522,1042,32
1788093532.0610542,88,34.522,1042,32
1788093532.1116972,87,32.065,1237,32
1788093532.162052,87,32.065,1237,32
1788093532.2123067,87,32.065,1237,32
1788093532.262762,87,32.065,1237,32
1788093532.313099,87,32.065,1237,32
1788093532.3635938,87,32.065,1237,32
1788093532.4139369,87,32.065,1237,32
1788093532.4642084,87,32.065,1237,32
1788093532.5144587,87,32.065,1237,32
1788093532.5649145,87,32.065,1237,32
1788093532.6152694,88,31.631,1237,32
1788093532.6657581,88,31.631,1237,32
1788093532.716275,88,31.631,1237,32
1788093532.7665145,88,31.631,1237,32
1788093532.8171802,88,31.631,1237,32
1788093532.8677347,88,31.631,1237,32
1788093532.9179485,88,31.631,1237,32
1788093532.9683955,88,31.631,1237,32
1788093533.0189986,88,31.631,1237,32
1788093533.0694184,88,31.631,1237,32
1788093533.1201222,89,33.898,1237,32
1788093533.1707768,89,33.898,1237,32
1788093533.2211683,89,33.898,1237,32
1788093533.2718022,89,33.898,1237,32
1788093533.3221307,89,33.898,1237,32
1788093533.372562,89,33.898,1237,32
1788093533.4231462,89,33.898,1237,32
1788093533.4752297,89,33.898,1237,32
1788093533.5254316,89,33.898,1237,32
1788093533.5760746,89,33.898,1237,32
1788093533.6264272,89,37.074,1237,32
1788093533.677073,89,37.074,1237,32
1788093533.7276726,89,37.074,1237,32
1788093533.7778773,89,37.074,1237,32
1788093533.8282359,89,37.074,1237,32
1788093533.8786917,89,37.074,1237,32
1788093533.9292173,89,37.074,1237,32
1788093533.9797595,89,37.074,1237,32
1788093534.0300333,89,37.074,1237,32
1788093534.0807595,89,37.074,1237,32
1788093534.1311436,89,37.161,1237,32
1788093534.1816385,89,37.161,1237,32
1788093534.232161,89,37.161,1237,32
1788093534.2825308,89,37.161,1237,32
1788093534.3332317,89,37.161,1237,32
1788093534.3834474,89,37.161,1237,32
1788093534.4338005,89,37.161,1237,32
1788093534.48411,89,37.161,1237,32
1788093534.535132,89,37.161,1237,32
1788093534.585431,89,37.161,1237,32
1788093534.6361947,88,35.364,397,32
1788093534.6866238,88,35.364,397,32
1788093534.7371042,88,35.364,397,32
1788093534.7875574,88,35.364,397,32
1788093534.8378506,88,35.364,397,32
1788093534.8880517,88,35.364,397,32
1788093534.93831,88,35.364,397,32
1788093534.9886317,88,35.364,397,32
1788093535.039147,88,35.364,397,32
1788093535.0897596,88,35.364,397,32
1788093535.140186,88,33.576,1237,32
1788093535.1908255,88,33.576,1237,32
1788093535.2412488,88,33.576,1237,32
1788093535.2917247,88,33.576,1237,32
1788093535.3418283,88,33.576,1237,32
1788093535.392511,88,33.576,1237,32
1788093535.4429698,88,33.576,1237,32
1788093535.4932964,88,33.576,1237,32
1788093535.5438862,88,33.576,1237,32
1788093535.5940845,88,33.576,1237,32
1788093535.6446009,89,34.845,1140,32
1788093535.6950228,89,34.845,1140,32
1788093535.7453856,89,34.845,1140,32
1788093535.7959263,89,34.845,1140,32
1788093535.8461897,89,34.845,1140,32
1788093535.896439,89,34.845,1140,32
1788093535.9467072,89,34.845,1140,32
1788093535.9973023,89,34.845,1140,32
1788093536.0476744,89,34.845,1140,32
1788093536.0979571,89,34.845,1140,32
1788093536.14867,88,34.347,1237,32
1788093536.1991823,88,34.347,1237,32
1788093536.249491,88,34.347,1237,32
1788093536.299726,88,34.347,1237,32
1788093536.350144,88,34.347,1237,32
1788093536.4003718,88,34.347,1237,32
1788093536.450567,88,34.347,1237,32
1788093536.5009136,88,34.347,1237,32
1788093536.5510871,88,34.347,1237,32
1788093536.6015062,88,34.347,1237,32
1788093536.6517212,89,34.527,652,32
1788093536.7021208,89,34.527,652,32
1788093536.752677,89,34.527,652,32
1788093536.8028586,89,34.527,652,32
1788093536.8534567,89,34.527,652,32
1788093536.903861,89,34.527,652,32
1788093536.954415,89,34.527,652,32
1788093537.0050313,89,34.527,652,32
1788093537.0552614,89,34.527,652,32
1788093537.1058803,88,35.382,1222,32
1788093537.1562142,88,35.382,1222,32
1788093537.2064204,88,35.382,1222,32
1788093537.2567887,88,35.382,1222,32
1788093537.3073857,88,35.382,1222,32
1788093537.3576853,88,35.382,1222,32
1788093537.4080238,88,35.382,1222,32
1788093537.4587672,88,35.382,1222,32
1788093537.5091918,88,35.382,1222,32
1788093537.5594163,88,35.382,1222,32
1788093537.609708,88,33.942,1117,32
1788093537.6603892,88,33.942,1117,32
1788093537.7106986,88,33.942,1117,32
1788093537.7613735,88,33.942,1117,32
1788093537.811758,88,33.942,1117,32
1788093537.8621697,88,33.942,1117,32
1788093537.9126499,88,33.942,1117,32
1788093537.9629147,88,33.942,1117,32
1788093538.0131433,88,33.942,1117,32
1788093538.0636575,88,33.942,1117,32
1788093538.1139624,88,35.51,1207,32
1788093538.164271,88,35.51,1207,32
1788093538.2147624,88,35.51,1207,32
1788093538.2649329,88,35.51,1207,32
1788093538.315409,88,35.51,1207,32
1788093538.3658936,88,35.51,1207,32
1788093538.416431,88,35.51,1207,32
1788093538.467071,88,35.51,1207,32
1788093538.5174217,88,35.51,1207,32
1788093538.5680728,88,35.51,1207,32
1788093538.61879,89,35.505,1177,32
1788093538.669187,89,35.505,1177,32
1788093538.719455,89,35.505,1177,32
1788093538.769959,89,35.505,1177,32
1788093538.8205478,89,35.505,1177,32
1788093538.871045,89,35.505,1177,32
1788093538.921546,89,35.505,1177,32
1788093538.9718003,89,35.505,1177,32
1788093539.022023,89,35.505,1177,32
1788093539.0724344,89,35.505,1177,32
1788093539.1231067,89,35.723,1065,32
1788093539.1733162,89,35.723,1065,32
1788093539.2239532,89,35.723,1065,32
1788093539.2743762,89,35.723,1065,32
1788093539.3245165,89,35.723,1065,32
1788093539.3750196,89,35.723,1065,32
1788093539.4256613,89,35.723,1065,32
1788093539.4762359,89,35.723,1065,32
1788093539.5266562,89,35.723,1065,32
1788093539.5769312,89,35.723,1065,32
1788093539.6275659,88,33.317,1237,32
1788093539.677963,88,33.317,1237,32
1788093539.72837,88,33.317,1237,32
1788093539.7788236,88,33.317,1237,32
1788093539.829038,88,33.317,1237,32
1788093539.8795073,88,33.317,1237,32
1788093539.9298556,88,33.317,1237,32
1788093539.9801981,88,33.317,1237,32
1788093540.030572,88,33.317,1237,32
1788093540.0811121,88,33.317,1237,32
1788093540.1316986,89,34.175,1237,32
1788093540.1821196,89,34.175,1237,32
1788093540.2325144,89,34.175,1237,32
1788093540.2827115,89,34.175,1237,32
1788093540.3333123,89,34.175,1237,32
1788093540.3837116,89,34.175,1237,32
1788093540.4340787,89,34.175,1237,32
1788093540.4844322,89,34.175,1237,32
1788093540.534982,89,34.175,1237,32
1788093540.5854726,89,34.175,1237,32
1788093540.6360462,89,37.256,1057,32
1788093540.6865256,89,37.256,1057,32
1788093540.7368138,89,37.256,1057,32
1788093540.7873852,89,37.256,1057,32
1788093540.8375971,89,37.256,1057,32
1788093540.8879228,89,37.256,1057,32
1788093540.938251,89,37.256,1057,32
1788093540.9886398,89,37.256,1057,32
1788093541.039131,89,37.256,1057,32
1788093541.0893428,89,37.256,1057,32
1788093541.139702,89,36.2,1177,32
1788093541.1901412,89,36.2,1177,32
1788093541.2404442,89,36.2,1177,32
1788093541.290923,89,36.2,1177,32
1788093541.3416266,89,36.2,1177,32
1788093541.3921254,89,36.2,1177,32
1788093541.4423714,89,36.2,1177,32
1788093541.4930296,89,36.2,1177,32
1788093541.5434933,89,36.2,1177,32
1788093541.5936503,89,36.2,1177,32
1788093541.644157,89,35.24,1185,32
1788093541.6947765,89,35.24,1185,32
1788093541.745173,89,35.24,1185,32
1788093541.7954454,89,35.24,1185,32
1788093541.8458965,89,35.24,1185,32
1788093541.8961797,89,35.24,1185,32
1788093541.9464786,89,35.24,1185,32
1788093541.9970593,89,35.24,1185,32
1788093542.047301,89,35.24,1185,32
1788093542.0976737,89,35.24,1185,32
1788093542.1478326,89,35.103,1065,32
1788093542.198433,89,35.103,1065,32
1788093542.2490427,89,35.103,1065,32
1788093542.2994816,89,35.103,1065,32
1788093542.3499928,89,35.103,1065,32
1788093542.4004414,89,35.103,1065,32
1788093542.4507287,89,35.103,1065,32
1788093542.5011966,89,35.103,1065,32
1788093542.551373,89,35.103,1065,32
1788093542.6017866,89,35.103,1065,32
1788093542.6521122,88,35.167,1207,32
1788093542.70253,88,35.167,1207,32
1788093542.7527108,88,35.167,1207,32
1788093542.8028915,88,35.167,1207,32
1788093542.8532221,88,35.167,1207,32
1788093542.9034767,88,35.167,1207,32
1788093542.9539845,88,35.167,1207,32
1788093543.0042942,88,35.167,1207,32
1788093543.0546067,88,35.167,1207,32
1788093543.1053405,88,35.167,1207,32
1788093543.1556444,88,32.959,1237,32
1788093543.2059653,88,32.959,1237,32
1788093543.2565114,88,32.959,1237,32
1788093543.3067694,88,32.959,1237,32
1788093543.3571284,88,32.959,1237,32
1788093543.4076686,88,32.959,1237,32
1788093543.4579577,88,32.959,1237,32
1788093543.508475,88,32.959,1237,32
1788093543.5590942,88,32.959,1237,32
1788093543.6096468,89,34.316,1237,32
1788093543.659877,89,34.316,1237,32
1788093543.710582,89,34.316,1237,32
1788093543.7607424,89,34.316,1237,32
1788093543.8111942,89,34.316,1237,32
1788093543.861567,89,34.316,1237,32
1788093543.912071,89,34.316,1237,32
1788093543.9622605,89,34.316,1237,32
1788093544.012642,89,34.316,1237,32
1788093544.0629785,89,34.316,1237,32
1788093544.113274,89,37.936,1147,32
1788093544.1637008,89,37.936,1147,32
1788093544.213925,89,37.936,1147,32
1788093544.2643955,89,37.936,1147,32
1788093544.3148196,89,37.936,1147,32
1788093544.3655307,89,37.936,1147,32
1788093544.4161656,89,37.936,1147,32
1788093544.4665098,89,37.936,1147,32
1788093544.5171416,89,37.936,1147,32
1788093544.5677512,89,37.936,1147,32
1788093544.6179788,88,36.58,1087,32
1788093544.668277,88,36.58,1087,32
1788093544.7185266,88,36.58,1087,32
1788093544.7688003,88,36.58,1087,32
1788093544.819313,88,36.58,1087,32
1788093544.869656,88,36.58,1087,32
1788093544.9198167,88,36.58,1087,32
1788093544.9702306,88,36.58,1087,32
1788093545.0204525,88,36.58,1087,32
1788093545.0710866,88,36.58,1087,32
1788093545.1216593,88,35.211,1200,32
1788093545.1723032,88,35.211,1200,32
1788093545.2228532,88,35.211,1200,32
1788093545.2732043,88,35.211,1200,32
1788093545.3237035,88,35.211,1200,32
1788093545.3741179,88,35.211,1200,32
1788093545.424337,88,35.211,1200,32
1788093545.4747963,88,35.211,1200,32
1788093545.5250635,88,35.211,1200,32
1788093545.5756638,88,35.211,1200,32
1788093545.6262224,89,34.908,1177,32
1788093545.6764164,89,34.908,1177,32
1788093545.7268157,89,34.908,1177,32
1788093545.7774024,89,34.908,1177,32
1788093545.8278248,89,34.908,1177,32
1788093545.8781521,89,34.908,1177,32
1788093545.9283378,89,34.908,1177,32
1788093545.978792,89,34.908,1177,32
1788093546.029674,89,34.908,1177,32
1788093546.0801947,89,34.908,1177,32
1788093546.1308365,89,35.15,1110,32
1788093546.1814961,89,35.15,1110,32
1788093546.23194,89,35.15,1110,32
1788093546.2822254,89,35.15,1110,32
1788093546.3324482,89,35.15,1110,32
1788093546.382694,89,35.15,1110,32
1788093546.4331923,89,35.15,1110,32
1788093546.4834075,89,35.15,1110,32
1788093546.5337632,89,35.15,1110,32
1788093546.5843203,89,35.15,1110,32
1788093546.6346886,87,31.821,1237,32
1788093546.6853,87,31.821,1237,32
1788093546.7359579,87,31.821,1237,32
1788093546.7861826,87,31.821,1237,32
1788093546.8367262,87,31.821,1237,32
1788093546.886983,87,31.821,1237,32
1788093546.9376903,87,31.821,1237,32
1788093546.9880505,87,31.821,1237,32
1788093547.0385065,87,31.821,1237,32
1788093547.088943,87,31.821,1237,32
1788093547.1394258,89,33.169,1237,32
1788093547.1900759,89,33.169,1237,32
1788093547.2404568,89,33.169,1237,32
1788093547.291188,89,33.169,1237,32
1788093547.3414814,89,33.169,1237,32
1788093547.3918474,89,33.169,1237,32
1788093547.4422977,89,33.169,1237,32
1788093547.492523,89,33.169,1237,32
1788093547.5427644,89,33.169,1237,32
1788093547.5933325,89,33.169,1237,32
1788093547.6437817,88,36.655,562,32
1788093547.6944206,88,36.655,562,32
1788093547.7446692,88,36.655,562,32
1788093547.7950518,88,36.655,562,32
1788093547.8453574,88,36.655,562,32
1788093547.8957613,88,36.655,562,32
1788093547.9460888,88,36.655,562,32
1788093547.9963078,88,36.655,562,32
1788093548.0467582,88,36.655,562,32
1788093548.0973756,88,36.655,562,32
1788093548.1480958,88,34.767,1147,32
1788093548.198202,88,34.767,1147,32
1788093548.2484617,88,34.767,1147,32
1788093548.298729,88,34.767,1147,32
1788093548.3492916,88,34.767,1147,32
1788093548.3996384,88,34.767,1147,32
1788093548.4500585,88,34.767,1147,32
1788093548.500277,88,34.767,1147,32
1788093548.5505197,88,34.767,1147,32
1788093548.600694,88,34.767,1147,32
1788093548.6511097,88,33.963,1020,32
1788093548.7017052,88,33.963,1020,32
1788093548.752349,88,33.963,1020,32
1788093548.8029985,88,33.963,1020,32
1788093548.8532183,88,33.963,1020,32
1788093548.9036973,88,33.963,1020,32
1788093548.954203,88,33.963,1020,32
1788093549.0044317,88,33.963,1020,32
1788093549.054727,88,33.963,1020,32
1788093549.1051555,88,33.963,1020,32
1788093549.1556892,88,34.704,997,32
1788093549.2061985,88,34.704,997,32
1788093549.256674,88,34.704,997,32
1788093549.307241,88,34.704,997,32
1788093549.3577418,88,34.704,997,32
1788093549.4083376,88,34.704,997,32
1788093549.4588537,88,34.704,997,32
1788093549.5090516,88,34.704,997,32
1788093549.5593617,88,34.704,997,32
1788093549.6098933,88,34.543,1057,32
1788093549.6604843,88,34.543,1057,32
1788093549.7108707,88,34.543,1057,32
1788093549.7610216,88,34.543,1057,32
1788093549.8115115,88,34.543,1057,32
1788093549.8619351,88,34.543,1057,32
1788093549.9124737,88,34.543,1057,32
1788093549.962948,88,34.543,1057,32
1788093550.013152,88,34.543,1057,32
1788093550.0637515,88,34.543,1057,32
1788093550.114315,87,31.916,1237,32
1788093550.164914,87,31.916,1237,32
1788093550.2152023,87,31.916,1237,32
1788093550.2656043,87,31.916,1237,32
1788093550.3162756,87,31.916,1237,32
1788093550.366625,87,31.916,1237,32
1788093550.4169505,87,31.916,1237,32
1788093550.4676414,87,31.916,1237,32
1788093550.5181494,87,31.916,1237,32
1788093550.5684226,87,31.916,1237,32
1788093550.6189792,89,33.134,1237,32
1788093550.6695058,89,33.134,1237,32
1788093550.720004,89,33.134,1237,32
1788093550.77062,89,33.134,1237,32
1788093550.8209093,89,33.134,1237,32
1788093550.871542,89,33.134,1237,32
1788093550.9221852,89,33.134,1237,32
1788093550.9725845,89,33.134,1237,32
1788093551.0232093,89,33.134,1237,32
1788093551.073462,89,33.134,1237,32
1788093551.12384,89,35.759,1237,32
1788093551.174435,89,35.759,1237,32
1788093551.2249722,89,35.759,1237,32
1788093551.2756033,89,35.759,1237,32
1788093551.325868,89,35.759,1237,32
1788093551.3762968,89,35.759,1237,32
1788093551.4268165,89,35.759,1237,32
1788093551.4773974,89,35.759,1237,32
1788093551.5276415,89,35.759,1237,32
1788093551.577844,89,35.759,1237,32
1788093551.6285837,88,35.339,802,32
1788093551.6789756,88,35.339,802,32
1788093551.729408,88,35.339,802,32
1788093551.7800133,88,35.339,802,32
1788093551.830393,88,35.339,802,32
1788093551.8807366,88,35.339,802,32
1788093551.9309566,88,35.339,802,32
1788093551.9814227,88,35.339,802,32
1788093552.0317016,88,35.339,802,32
1788093552.0822418,88,35.339,802,32
1788093552.132443,88,34.272,1110,32
1788093552.1830099,88,34.272,1110,32
1788093552.2331717,88,34.272,1110,32
1788093552.2834604,88,34.272,1110,32
1788093552.3339145,88,34.272,1110,32
1788093552.3842092,88,34.272,1110,32
1788093552.434706,88,34.272,1110,32
1788093552.4850543,88,34.272,1110,32
1788093552.5354295,88,34.272,1110,32
1788093552.5864847,88,34.272,1110,32
1788093552.6388865,89,35.301,1222,32
1788093552.6895325,89,35.301,1222,32
1788093552.7399857,89,35.301,1222,32
1788093552.7904842,89,35.301,1222,32
1788093552.8410242,89,35.301,1222,32
1788093552.8914123,89,35.301,1222,32
1788093552.941816,89,35.301,1222,32
1788093552.992309,89,35.301,1222,32
1788093553.0427241,89,35.301,1222,32
1788093553.0929403,89,35.301,1222,32
1788093553.1430786,89,36.092,1237,32
1788093553.193334,89,36.092,1237,32
1788093553.2436554,89,36.092,1237,32
1788093553.2940278,89,36.092,1237,32
1788093553.344611,89,36.092,1237,32
1788093553.3950894,89,36.092,1237,32
1788093553.4456825,89,36.092,1237,32
1788093553.4962227,89,36.092,1237,32
1788093553.5468018,89,36.092,1237,32
1788093553.5973701,89,36.092,1237,32
1788093553.647851,88,34.195,1237,32
1788093553.6985626,88,34.195,1237,32
1788093553.748751,88,34.195,1237,32
1788093553.7993705,88,34.195,1237,32
1788093553.8496764,88,34.195,1237,32
1788093553.9001806,88,34.195,1237,32
1788093553.9506752,88,34.195,1237,32
1788093554.0009472,88,34.195,1237,32
1788093554.0515785,88,34.195,1237,32
1788093554.1021574,88,34.195,1237,32
1788093554.1526933,89,34.15,1237,32
1788093554.2033002,89,34.15,1237,32
1788093554.2536654,89,34.15,1237,32
1788093554.304009,89,34.15,1237,32
1788093554.3547049,89,34.15,1237,32
1788093554.4049926,89,34.15,1237,32
1788093554.4555507,89,34.15,1237,32
1788093554.505985,89,34.15,1237,32
1788093554.5565522,89,34.15,1237,32
1788093554.6072507,89,34.15,1237,32
1788093554.6578345,88,33.512,1117,32
1788093554.7080042,88,33.512,1117,32
1788093554.7582111,88,33.512,1117,32
1788093554.808753,88,33.512,1117,32
1788093554.8589785,88,33.512,1117,32
1788093554.9092228,88,33.512,1117,32
1788093554.9593873,88,33.512,1117,32
1788093555.0097039,88,33.512,1117,32
1788093555.0599635,88,33.512,1117,32
1788093555.1103716,88,34.8,960,32
1788093555.1608117,88,34.8,960,32
1788093555.2112482,88,34.8,960,32
1788093555.2618215,88,34.8,960,32
1788093555.3121657,88,34.8,960,32
1788093555.3626764,88,34.8,960,32
1788093555.4133234,88,34.8,960,32
1788093555.4638147,88,34.8,960,32
1788093555.5143616,88,34.8,960,32
1788093555.5649786,88,34.8,960,32
1788093555.6155546,88,33.923,1087,32
1788093555.6658542,88,33.923,1087,32
1788093555.7162468,88,33.923,1087,32
1788093555.7668898,88,33.923,1087,32
1788093555.8173487,88,33.923,1087,32
1788093555.8677347,88,33.923,1087,32
1788093555.91797,88,33.923,1087,32
1788093555.9686115,88,33.923,1087,32
1788093556.0188746,88,33.923,1087,32
1788093556.069546,88,33.923,1087,32
1788093556.11991,88,34.106,1065,32
1788093556.1704214,88,34.106,1065,32
1788093556.220947,88,34.106,1065,32
1788093556.2711763,88,34.106,1065,32
1788093556.3217828,88,34.106,1065,32
1788093556.3723443,88,34.106,1065,32
1788093556.4227378,88,34.106,1065,32
1788093556.4733372,88,34.106,1065,32
1788093556.5237498,88,34.106,1065,32
1788093556.5742524,88,34.106,1065,32
1788093556.62467,88,34.019,1012,32
1788093556.6749196,88,34.019,1012,32
1788093556.7253387,88,34.019,1012,32
1788093556.7756987,88,34.019,1012,32
1788093556.825839,88,34.019,1012,32
1788093556.8762782,88,34.019,1012,32
1788093556.9267182,88,34.019,1012,32
1788093556.9769652,88,34.019,1012,32
1788093557.02753,88,34.019,1012,32
1788093557.0780702,88,34.019,1012,32
1788093557.1285074,88,34.135,1237,32
1788093557.1787088,88,34.135,1237,32
1788093557.2291992,88,34.135,1237,32
1788093557.2795568,88,34.135,1237,32
1788093557.3301234,88,34.135,1237,32
1788093557.3805795,88,34.135,1237,32
1788093557.4308596,88,34.135,1237,32
1788093557.4813013,88,34.135,1237,32
1788093557.5318844,88,34.135,1237,32
1788093557.582067,88,34.135,1237,32
1788093557.6327107,87,30.12,1237,32
1788093557.6831481,87,30.12,1237,32
1788093557.7333837,87,30.12,1237,32
1788093557.7836444,87,30.12,1237,32
1788093557.8340204,87,30.12,1237,32
1788093557.8844218,87,30.12,1237,32
1788093557.9350274,87,30.12,1237,32
1788093557.9852073,87,30.12,1237,32
1788093558.0356884,87,30.12,1237,32
1788093558.0860846,87,30.12,1237,32
1788093558.1362667,89,31.338,1237,32
1788093558.1865165,89,31.338,1237,32
1788093558.237163,89,31.338,1237,32
1788093558.2875817,89,31.338,1237,32
1788093558.3379164,89,31.338,1237,32
1788093558.388491,89,31.338,1237,32
1788093558.4391108,89,31.338,1237,32
1788093558.4897516,89,31.338,1237,32
1788093558.5402172,89,31.338,1237,32
1788093558.5904064,89,31.338,1237,32
1788093558.6409895,89,37.166,1237,32
1788093558.6915767,89,37.166,1237,32
1788093558.7419524,89,37.166,1237,32
1788093558.7925758,89,37.166,1237,32
1788093558.842752,89,37.166,1237,32
1788093558.8933814,89,37.166,1237,32
1788093558.9436982,89,37.166,1237,32
1788093558.9942381,89,37.166,1237,32
1788093559.044814,89,37.166,1237,32
1788093559.095278,89,37.166,1237,32
1788093559.1458812,89,37.068,1185,32
1788093559.196416,89,37.068,1185,32
1788093559.2471101,89,37.068,1185,32
1788093559.2976928,89,37.068,1185,32
1788093559.3480165,89,37.068,1185,32
1788093559.398563,89,37.068,1185,32
1788093559.4489331,89,37.068,1185,32
1788093559.4991837,89,37.068,1185,32
1788093559.54974,89,37.068,1185,32
1788093559.6002579,89,37.068,1185,32
1788093559.6507597,89,36.501,1095,32
1788093559.7009583,89,36.501,1095,32
1788093559.7511578,89,36.501,1095,32
1788093559.8014474,89,36.501,1095,32
1788093559.8518631,89,36.501,1095,32
1788093559.9021068,89,36.501,1095,32
1788093559.9526007,89,36.501,1095,32
1788093560.0031667,89,36.501,1095,32
1788093560.0533993,89,36.501,1095,32
1788093560.104089,89,36.501,1095,32
1788093560.1544378,89,35.664,1095,32
1788093560.2050078,89,35.664,1095,32
1788093560.2552207,89,35.664,1095,32
1788093560.3055956,89,35.664,1095,32
1788093560.356023,89,35.664,1095,32
1788093560.4063292,89,35.664,1095,32
1788093560.4566884,89,35.664,1095,32
1788093560.5071733,89,35.664,1095,32
1788093560.557626,89,35.664,1095,32
1788093560.607899,89,35.664,1095,32
1788093560.6585398,89,35.438,1192,32
1788093560.7090364,89,35.438,1192,32
1788093560.759322,89,35.438,1192,32
1788093560.8098443,89,35.438,1192,32
1788093560.8601277,89,35.438,1192,32
1788093560.910637,89,35.438,1192,32
1788093560.96089,89,35.438,1192,32
1788093561.0114882,89,35.438,1192,32
1788093561.0619717,89,35.438,1192,32
1788093561.1122007,88,33.071,1237,32
1788093561.1628225,88,33.071,1237,32
1788093561.2131991,88,33.071,1237,32
1788093561.2636824,88,33.071,1237,32
1788093561.3140745,88,33.071,1237,32
1788093561.3643005,88,33.071,1237,32
1788093561.414817,88,33.071,1237,32
1788093561.4652543,88,33.071,1237,32
1788093561.515822,88,33.071,1237,32
1788093561.5661166,88,33.071,1237,32
1788093561.6165538,88,32.977,877,32
1788093561.6668773,88,32.977,877,32
1788093561.7174687,88,32.977,877,32
1788093561.768004,88,32.977,877,32
1788093561.8185024,88,32.977,877,32
1788093561.8690982,88,32.977,877,32
1788093561.91938,88,32.977,877,32
1788093561.969991,88,32.977,877,32
1788093562.020338,88,32.977,877,32
1788093562.0705395,88,32.977,877,32
1788093562.121075,88,35.047,1222,32
1788093562.1716135,88,35.047,1222,32
1788093562.2218382,88,35.047,1222,32
1788093562.2724822,88,35.047,1222,32
1788093562.323231,88,35.047,1222,32
1788093562.373834,88,35.047,1222,32
1788093562.4241464,88,35.047,1222,32
1788093562.47453,88,35.047,1222,32
1788093562.5250328,88,35.047,1222,32
1788093562.575776,88,35.047,1222,32
1788093562.6264153,89,34.97,1095,32
1788093562.676558,89,34.97,1095,32
1788093562.7269287,89,34.97,1095,32
1788093562.7773287,89,34.97,1095,32
1788093562.827822,89,34.97,1095,32
1788093562.8780854,89,34.97,1095,32
1788093562.928561,89,34.97,1095,32
1788093562.9791734,89,34.97,1095,32
1788093563.029518,89,34.97,1095,32
1788093563.0801587,89,34.97,1095,32
1788093563.1305387,89,36.17,1222,32
1788093563.1808383,89,36.17,1222,32
1788093563.231409,89,36.17,1222,32
1788093563.281776,89,36.17,1222,32
1788093563.3324192,89,36.17,1222,32
1788093563.382932,89,36.17,1222,32
1788093563.4331605,89,36.17,1222,32
1788093563.4837518,89,36.17,1222,32
1788093563.5342267,89,36.17,1222,32
1788093563.58488,89,36.17,1222,32
1788093563.6351678,89,36.105,1110,32
1788093563.6856081,89,36.105,1110,32
1788093563.7362201,89,36.105,1110,32
1788093563.786853,89,36.105,1110,32
1788093563.8370826,89,36.105,1110,32
1788093563.8875139,89,36.105,1110,32
1788093563.9380937,89,36.105,1110,32
1788093563.988582,89,36.105,1110,32
1788093564.039106,89,36.105,1110,32
1788093564.0896356,89,36.105,1110,32
1788093564.139926,89,36.258,1222,32
1788093564.1902893,89,36.258,1222,32
1788093564.2406218,89,36.258,1222,32
1788093564.2909307,89,36.258,1222,32
1788093564.3414373,89,36.258,1222,32
1788093564.3916178,89,36.258,1222,32
1788093564.442118,89,36.258,1222,32
1788093564.4923124,89,36.258,1222,32
1788093564.5424707,89,36.258,1222,32
1788093564.5926836,89,36.258,1222,32
1788093564.64317,88,33.319,1237,32
1788093564.6935656,88,33.319,1237,32
1788093564.7442102,88,33.319,1237,32
1788093564.7943914,88,33.319,1237,32
1788093564.844981,88,33.319,1237,32
1788093564.8954349,88,33.319,1237,32
1788093564.945821,88,33.319,1237,32
1788093564.996511,88,33.319,1237,32
1788093565.0469058,88,33.319,1237,32
1788093565.097365,88,33.319,1237,32
1788093565.148063,89,34.442,1237,32
1788093565.1985946,89,34.442,1237,32
1788093565.2491899,89,34.442,1237,32
1788093565.2996433,89,34.442,1237,32
1788093565.3499298,89,34.442,1237,32
1788093565.4002647,89,34.442,1237,32
1788093565.4507964,89,34.442,1237,32
1788093565.5011032,89,34.442,1237,32
1788093565.5515895,89,34.442,1237,32
1788093565.6022346,89,34.442,1237,32
1788093565.652521,88,36.507,555,32
1788093565.7028573,88,36.507,555,32
1788093565.7532394,88,36.507,555,32
1788093565.8037255,88,36.507,555,32
1788093565.8539884,88,36.507,555,32
1788093565.904335,88,36.507,555,32
1788093565.9545302,88,36.507,555,32
1788093566.0048149,88,36.507,555,32
1788093566.0552838,88,36.507,555,32
1788093566.1057074,88,36.507,555,32
1788093566.1562157,88,34.223,1117,32
1788093566.2068417,88,34.223,1117,32
1788093566.2570918,88,34.223,1117,32
1788093566.3077419,88,34.223,1117,32
1788093566.3581,88,34.223,1117,32
1788093566.4087508,88,34.223,1117,32
1788093566.4589717,88,34.223,1117,32
1788093566.5096714,88,34.223,1117,32
1788093566.560285,88,34.223,1117,32
1788093566.610684,89,34.464,1170,32
1788093566.6610048,89,34.464,1170,32
1788093566.7113206,89,34.464,1170,32
1788093566.7618217,89,34.464,1170,32
1788093566.8120832,89,34.464,1170,32
1788093566.8628113,89,34.464,1170,32
1788093566.9132981,89,34.464,1170,32
1788093566.9635859,89,34.464,1170,32
1788093567.013827,89,34.464,1170,32
1788093567.0645084,89,34.464,1170,32
1788093567.1148202,89,36.186,1117,32
1788093567.1652982,89,36.186,1117,32
1788093567.215841,89,36.186,1117,32
1788093567.2664583,89,36.186,1117,32
1788093567.316939,89,36.186,1117,32
1788093567.3675597,89,36.186,1117,32
1788093567.4180393,89,36.186,1117,32
1788093567.4685748,89,36.186,1117,32
1788093567.5191004,89,36.186,1117,32
1788093567.569467,89,36.186,1117,32
1788093567.6199558,89,36.081,1215,32
1788093567.670573,89,36.081,1215,32
1788093567.7210753,89,36.081,1215,32
1788093567.7712483,89,36.081,1215,32
1788093567.821796,89,36.081,1215,32
1788093567.872151,89,36.081,1215,32
1788093567.9227355,89,36.081,1215,32
1788093567.9730406,89,36.081,1215,32
1788093568.023557,89,36.081,1215,32
1788093568.0742013,89,36.081,1215,32
1788093568.124854,87,33.649,1237,32
1788093568.1750157,87,33.649,1237,32
1788093568.225333,87,33.649,1237,32
1788093568.2758296,87,33.649,1237,32
1788093568.326339,87,33.649,1237,32
1788093568.3765101,87,33.649,1237,32
1788093568.427011,87,33.649,1237,32
1788093568.4771962,87,33.649,1237,32
1788093568.5276709,87,33.649,1237,32
1788093568.5779843,87,33.649,1237,32
1788093568.62838,89,33.945,682,32
1788093568.678952,89,33.945,682,32
1788093568.72927,89,33.945,682,32
1788093568.7798488,89,33.945,682,32
1788093568.83021,89,33.945,682,32
1788093568.8807864,89,33.945,682,32
1788093568.9310918,89,33.945,682,32
1788093568.9814944,89,33.945,682,32
1788093569.0318515,89,33.945,682,32
1788093569.082436,89,33.945,682,32
1788093569.1327474,88,34.042,1170,32
1788093569.1833947,88,34.042,1170,32
1788093569.2337303,88,34.042,1170,32
1788093569.2843628,88,34.042,1170,32
1788093569.3350918,88,34.042,1170,32
1788093569.3855348,88,34.042,1170,32
1788093569.4361303,88,34.042,1170,32
1788093569.486757,88,34.042,1170,32
1788093569.5370839,88,34.042,1170,32
1788093569.5877085,88,34.042,1170,32
1788093569.6382594,88,33.31,1222,32
1788093569.6886475,88,33.31,1222,32
1788093569.7391508,88,33.31,1222,32
1788093569.789533,88,33.31,1222,32
1788093569.8398588,88,33.31,1222,32
1788093569.890458,88,33.31,1222,32
1788093569.9410887,88,33.31,1222,32
1788093569.991709,88,33.31,1222,32
1788093570.042261,88,33.31,1222,32
1788093570.092607,88,33.31,1222,32
1788093570.1431296,89,36.043,1222,32
1788093570.1932907,89,36.043,1222,32
1788093570.243471,89,36.043,1222,32
1788093570.294059,89,36.043,1222,32
1788093570.3442132,89,36.043,1222,32
1788093570.3945863,89,36.043,1222,32
1788093570.4451175,89,36.043,1222,32
1788093570.4957504,89,36.043,1222,32
1788093570.5462725,89,36.043,1222,32
1788093570.596852,89,36.043,1222,32
1788093570.647033,89,36.74,735,32
1788093570.6973033,89,36.74,735,32
1788093570.747963,89,36.74,735,32
1788093570.7984996,89,36.74,735,32
1788093570.848907,89,36.74,735,32
1788093570.899448,89,36.74,735,32
1788093570.9496305,89,36.74,735,32
1788093570.9999611,89,36.74,735,32
1788093571.050259,89,36.74,735,32
1788093571.100545,89,36.74,735,32
1788093571.150798,88,34.153,1072,1
1788093571.2012017,88,34.153,1072,1
1788093571.2514975,88,34.153,1072,1
1788093571.301872,88,34.153,1072,1
1788093571.3521137,88,34.153,1072,1
1788093571.402367,88,34.153,1072,1
1788093571.4528286,88,34.153,1072,1
1788093571.503778,88,34.153,1072,1
1788093571.554297,88,34.153,1072,1
1788093571.6048145,88,34.153,1072,1
1788093571.6550162,89,34.365,1042,32
1788093571.705594,89,34.365,1042,32
1788093571.7562351,89,34.365,1042,32
1788093571.806593,89,34.365,1042,32
1788093571.8571966,89,34.365,1042,32
1788093571.9075706,89,34.365,1042,32
1788093571.9577937,89,34.365,1042,32
1788093572.008288,89,34.365,1042,32
1788093572.058913,89,34.365,1042,32
1788093572.109146,89,34.365,1042,32
1788093572.1593268,89,34.081,1237,32
1788093572.2096937,89,34.081,1237,32
1788093572.2603636,89,34.081,1237,32
1788093572.3109982,89,34.081,1237,32
1788093572.3616612,89,34.081,1237,32
1788093572.412293,89,34.081,1237,32
1788093572.4627357,89,34.081,1237,32
1788093572.5134404,89,34.081,1237,32
1788093572.564016,89,34.081,1237,32
1788093572.6144521,89,34.742,1237,32
1788093572.6649618,89,34.742,1237,32
1788093572.7152796,89,34.742,1237,32
1788093572.7655418,89,34.742,1237,32
1788093572.816089,89,34.742,1237,32
1788093572.8665318,89,34.742,1237,32
1788093572.9169078,89,34.742,1237,32
1788093572.9671257,89,34.742,1237,32
1788093573.0173182,89,34.742,1237,32
1788093573.0678587,89,34.742,1237,32
1788093573.1180153,88,35.356,1162,32
1788093573.1685264,88,35.356,1162,32
1788093573.2188625,88,35.356,1162,32
1788093573.2693174,88,35.356,1162,32
1788093573.3198907,88,35.356,1162,32
1788093573.3704832,88,35.356,1162,32
1788093573.4207013,88,35.356,1162,32
1788093573.4709902,88,35.356,1162,32
1788093573.521511,88,35.356,1162,32
1788093573.5717912,88,35.356,1162,32
1788093573.622248,89,34.427,1177,32
1788093573.672468,89,34.427,1177,32
1788093573.7230964,89,34.427,1177,32
1788093573.7737467,89,34.427,1177,32
1788093573.8240275,89,34.427,1177,32
1788093573.874756,89,34.427,1177,32
1788093573.925069,89,34.427,1177,32
1788093573.9752567,89,34.427,1177,32
1788093574.025503,89,34.427,1177,32
1788093574.075831,89,34.427,1177,32
1788093574.1261094,89,35.858,1102,32
1788093574.176752,89,35.858,1102,32
1788093574.2274241,89,35.858,1102,32
1788093574.277697,89,35.858,1102,32
1788093574.3281677,89,35.858,1102,32
1788093574.3787763,89,35.858,1102,32
1788093574.4292479,89,35.858,1102,32
1788093574.4798725,89,35.858,1102,32
1788093574.5302753,89,35.858,1102,32
1788093574.580703,89,35.858,1102,32
1788093574.631129,89,36.177,1162,32
1788093574.6815085,89,36.177,1162,32
1788093574.7317853,89,36.177,1162,32
1788093574.7820008,89,36.177,1162,32
1788093574.8323886,89,36.177,1162,32
1788093574.8829315,89,36.177,1162,32
1788093574.9336238,89,36.177,1162,32
1788093574.9838514,89,36.177,1162,32
1788093575.0347214,89,36.177,1162,32
1788093575.0852125,89,36.177,1162,32
1788093575.1355302,89,36.08,1140,32
1788093575.1859968,89,36.08,1140,32
1788093575.2363732,89,36.08,1140,32
1788093575.2867517,89,36.08,1140,32
1788093575.3371096,89,36.08,1140,32
1788093575.3877285,89,36.08,1140,32
1788093575.4380777,89,36.08,1140,32
1788093575.4886029,89,36.08,1140,32
1788093575.5390725,89,36.08,1140,32
1788093575.589475,89,36.08,1140,32
1788093575.6397421,89,33.437,1237,32
1788093575.6903725,89,33.437,1237,32
1788093575.740718,89,33.437,1237,32
1788093575.7909966,89,33.437,1237,32
1788093575.841289,89,33.437,1237,32
1788093575.8919163,89,33.437,1237,32
1788093575.9425058,89,33.437,1237,32
1788093575.992679,89,33.437,1237,32
1788093576.0431242,89,33.437,1237,32
1788093576.0936854,89,33.437,1237,32
1788093576.1440873,88,33.177,772,32
1788093576.194475,88,33.177,772,32
1788093576.2450423,88,33.177,772,32
1788093576.2953482,88,33.177,772,32
1788093576.3457131,88,33.177,772,32
1788093576.3960207,88,33.177,772,32
1788093576.4465363,88,33.177,772,32
1788093576.4971216,88,33.177,772,32
1788093576.547633,88,33.177,772,32
1788093576.5980122,88,33.177,772,32
1788093576.648601,88,34.773,1117,32
1788093576.6987748,88,34.773,1117,32
1788093576.7489805,88,34.773,1117,32
1788093576.7993464,88,34.773,1117,32
1788093576.8500154,88,34.773,1117,32
1788093576.900291,88,34.773,1117,32
1788093576.9505932,88,34.773,1117,32
1788093577.0010903,88,34.773,1117,32
1788093577.0514584,88,34.773,1117,32
1788093577.1015825,88,34.773,1117,32
1788093577.1519327,89,33.925,1162,32
1788093577.2024877,89,33.925,1162,32
1788093577.2530413,89,33.925,1162,32
1788093577.3032334,89,33.925,1162,32
1788093577.3533788,89,33.925,1162,32
1788093577.4038756,89,33.925,1162,32
1788093577.4545734,89,33.925,1162,32
1788093577.5050259,89,33.925,1162,32
1788093577.5555344,89,33.925,1162,32
1788093577.605915,89,33.925,1162,32
1788093577.6560342,89,35.299,1207,32
1788093577.7066565,89,35.299,1207,32
1788093577.7574456,89,35.299,1207,32
1788093577.8077793,89,35.299,1207,32
1788093577.8584418,89,35.299,1207,32
1788093577.90865,89,35.299,1207,32
1788093577.9588902,89,35.299,1207,32
1788093578.0093741,89,35.299,1207,32
1788093578.0598373,89,35.299,1207,32
1788093578.1100686,89,35.398,1177,32
1788093578.1608205,89,35.398,1177,32
1788093578.2111568,89,35.398,1177,32
1788093578.261759,89,35.398,1177,32
1788093578.3123515,89,35.398,1177,32
1788093578.3629186,89,35.398,1177,32
1788093578.4132223,89,35.398,1177,32
1788093578.4636705,89,35.398,1177,32
1788093578.5141566,89,35.398,1177,32
1788093578.5643964,89,35.398,1177,32
1788093578.6150503,89,35.609,1065,32
1788093578.6656308,89,35.609,1065,32
1788093578.7159486,89,35.609,1065,32
1788093578.7665846,89,35.609,1065,32
1788093578.8168871,89,35.609,1065,32
1788093578.8676536,89,35.609,1065,32
1788093578.9178722,89,35.609,1065,32
1788093578.9683242,89,35.609,1065,32
1788093579.0184858,89,35.609,1065,32
1788093579.068712,89,35.609,1065,32
1788093579.1193051,88,32.79,1237,32
1788093579.1698334,88,32.79,1237,32
1788093579.2205412,88,32.79,1237,32
1788093579.2708778,88,32.79,1237,32
1788093579.3215287,88,32.79,1237,32
1788093579.3724182,88,32.79,1237,32
1788093579.422954,88,32.79,1237,32
1788093579.4731655,88,32.79,1237,32
1788093579.523395,88,32.79,1237,32
1788093579.573633,88,32.79,1237,32
1788093579.624194,89,33.911,1065,32
1788093579.6747942,89,33.911,1065,32
1788093579.7250953,89,33.911,1065,32
1788093579.7754853,89,33.911,1065,32
1788093579.8260217,89,33.911,1065,32
1788093579.8764584,89,33.911,1065,32
1788093579.9268358,89,33.911,1065,32
1788093579.9772286,89,33.911,1065,32
1788093580.0274508,89,33.911,1065,32
1788093580.0779648,89,33.911,1065,32
1788093580.1283772,88,35.572,645,32
1788093580.178689,88,35.572,645,32
1788093580.2290597,88,35.572,645,32
1788093580.2795358,88,35.572,645,32
1788093580.3299923,88,35.572,645,32
1788093580.380429,88,35.572,645,32
1788093580.4307222,88,35.572,645,32
1788093580.4810288,88,35.572,645,32
1788093580.5312757,88,35.572,645,32
1788093580.5815895,88,35.572,645,32
1788093580.6319964,88,33.423,1237,32
1788093580.682225,88,33.423,1237,32
1788093580.732558,88,33.423,1237,32
1788093580.7828372,88,33.423,1237,32
1788093580.8333666,88,33.423,1237,32
1788093580.883634,88,33.423,1237,32
1788093580.9339676,88,33.423,1237,32
1788093580.9841764,88,33.423,1237,32
1788093581.034527,88,33.423,1237,32
1788093581.0850143,88,33.423,1237,32
1788093581.135498,89,34.456,1230,32
1788093581.1862705,89,34.456,1230,32
1788093581.2368374,89,34.456,1230,32
1788093581.2872424,89,34.456,1230,32
1788093581.337711,89,34.456,1230,32
1788093581.3880222,89,34.456,1230,32
1788093581.438667,89,34.456,1230,32
1788093581.4893358,89,34.456,1230,32
1788093581.539959,89,34.456,1230,32
1788093581.5901957,89,34.456,1230,32
1788093581.640436,89,35.773,1237,32
1788093581.690676,89,35.773,1237,32
1788093581.7411096,89,35.773,1237,32
1788093581.7913818,89,35.773,1237,32
1788093581.8419633,89,35.773,1237,32
1788093581.8925414,89,35.773,1237,32
1788093581.9430149,89,35.773,1237,32
1788093581.993328,89,35.773,1237,32
1788093582.0438683,89,35.773,1237,32
1788093582.094587,89,35.773,1237,32
1788093582.1449032,89,35.797,1117,32
1788093582.195561,89,35.797,1117,32
1788093582.2459722,89,35.797,1117,32
1788093582.2961445,89,35.797,1117,32
1788093582.346469,89,35.797,1117,32
1788093582.3971016,89,35.797,1117,32
1788093582.4475887,89,35.797,1117,32
1788093582.498337,89,35.797,1117,32
1788093582.5486734,89,35.797,1117,32
1788093582.5993156,89,35.797,1117,32
1788093582.6495008,87,32.578,1237,32
1788093582.6997116,87,32.578,1237,32
1788093582.7500331,87,32.578,1237,32
1788093582.8002584,87,32.578,1237,32
1788093582.8504982,87,32.578,1237,32
1788093582.9007397,87,32.578,1237,32
1788093582.9513054,87,32.578,1237,32
1788093583.0015218,87,32.578,1237,32
1788093583.0522187,87,32.578,1237,32
1788093583.1024067,87,32.578,1237,32
1788093583.1528425,89,33.151,1237,32
1788093583.2031121,89,33.151,1237,32
1788093583.2536867,89,33.151,1237,32
1788093583.3039083,89,33.151,1237,32
1788093583.354501,89,33.151,1237,32
1788093583.405071,89,33.151,1237,32
1788093583.4552686,89,33.151,1237,32
1788093583.5058784,89,33.151,1237,32
1788093583.5562654,89,33.151,1237,32
1788093583.606718,89,33.151,1237,32
1788093583.6571183,88,33.956,607,32
1788093583.7076185,88,33.956,607,32
1788093583.757985,88,33.956,607,32
1788093583.808293,88,33.956,607,32
1788093583.8585882,88,33.956,607,32
1788093583.9087884,88,33.956,607,32
1788093583.959115,88,33.956,607,32
1788093584.0093322,88,33.956,607,32
1788093584.059653,88,33.956,607,32
1788093584.1102524,88,33.956,607,32
1788093584.16082,89,34.612,1222,32
1788093584.211157,89,34.612,1222,32
1788093584.2617257,89,34.612,1222,32
1788093584.3121119,89,34.612,1222,32
1788093584.3626368,89,34.612,1222,32
1788093584.4127586,89,34.612,1222,32
1788093584.4633396,89,34.612,1222,32
1788093584.5137546,89,34.612,1222,32
1788093584.5639682,89,34.612,1222,32
1788093584.6144927,89,34.902,1065,32
1788093584.6648896,89,34.902,1065,32
1788093584.71564,89,34.902,1065,32
1788093584.7659853,89,34.902,1065,32
1788093584.8163176,89,34.902,1065,32
1788093584.8666017,89,34.902,1065,32
1788093584.9172132,89,34.902,1065,32
1788093584.9676569,89,34.902,1065,32
1788093585.017916,89,34.902,1065,32
1788093585.0684822,89,34.902,1065,32
1788093585.119168,89,35.868,1207,32
1788093585.1697729,89,35.868,1207,32
1788093585.220263,89,35.868,1207,32
1788093585.270815,89,35.868,1207,32
1788093585.3211553,89,35.868,1207,32
1788093585.3716142,89,35.868,1207,32
1788093585.4219763,89,35.868,1207,32
1788093585.472328,89,35.868,1207,32
1788093585.522552,89,35.868,1207,32
1788093585.5728579,89,35.868,1207,32
1788093585.6234014,89,35.875,1065,32
1788093585.6736524,89,35.875,1065,32
1788093585.7238934,89,35.875,1065,32
1788093585.7742467,89,35.875,1065,32
1788093585.8248093,89,35.875,1065,32
1788093585.8752854,89,35.875,1065,32
1788093585.9255614,89,35.875,1065,32
1788093585.9758284,89,35.875,1065,32
1788093586.026027,89,35.875,1065,32
1788093586.0762115,89,35.875,1065,32
1788093586.126515,88,34.27,1237,32
1788093586.1769896,88,34.27,1237,32
1788093586.2273166,88,34.27,1237,32
1788093586.2777972,88,34.27,1237,32
1788093586.3281813,88,34.27,1237,32
1788093586.378763,88,34.27,1237,32
1788093586.4292648,88,34.27,1237,32
1788093586.4794276,88,34.27,1237,32
1788093586.5297925,88,34.27,1237,32
1788093586.580251,88,34.27,1237,32
1788093586.63053,89,33.618,1237,32
1788093586.68101,89,33.618,1237,32
1788093586.7316082,89,33.618,1237,32
1788093586.7818685,89,33.618,1237,32
1788093586.8320053,89,33.618,1237,32
1788093586.8824797,89,33.618,1237,32
1788093586.9327652,89,33.618,1237,32
1788093586.9830377,89,33.618,1237,32
1788093587.0335138,89,33.618,1237,32
1788093587.0838273,89,33.618,1237,32
1788093587.1341615,88,32.728,517,32
1788093587.184514,88,32.728,517,32
1788093587.235052,88,32.728,517,32
1788093587.2854846,88,32.728,517,32
1788093587.336112,88,32.728,517,32
1788093587.386443,88,32.728,517,32
1788093587.437157,88,32.728,517,32
1788093587.4875615,88,32.728,517,32
1788093587.5378387,88,32.728,517,32
1788093587.5880923,88,32.728,517,32
1788093587.6385572,88,34.253,1042,32
1788093587.688955,88,34.253,1042,32
1788093587.7392595,88,34.253,1042,32
1788093587.789596,88,34.253,1042,32
1788093587.8399186,88,34.253,1042,32
1788093587.8902528,88,34.253,1042,32
1788093587.9407363,88,34.253,1042,32
1788093587.9911191,88,34.253,1042,32
1788093588.0413606,88,34.253,1042,32
1788093588.0917065,88,34.253,1042,32
1788093588.1420648,88,34.359,1065,32
1788093588.192677,88,34.359,1065,32
1788093588.2430646,88,34.359,1065,32
1788093588.293312,88,34.359,1065,32
1788093588.343924,88,34.359,1065,32
1788093588.3941588,88,34.359,1065,32
1788093588.4447248,88,34.359,1065,32
1788093588.4952698,88,34.359,1065,32
1788093588.5454938,88,34.359,1065,32
1788093588.5957592,88,34.359,1065,32
1788093588.6461902,89,35.239,1065,32
1788093588.6965957,89,35.239,1065,32
1788093588.7468631,89,35.239,1065,32
1788093588.7974982,89,35.239,1065,32
1788093588.8479626,89,35.239,1065,32
1788093588.8981516,89,35.239,1065,32
1788093588.948557,89,35.239,1065,32
1788093588.9988256,89,35.239,1065,32
1788093589.0493336,89,35.239,1065,32
1788093589.0999026,89,35.239,1065,32
1788093589.1503692,89,35.204,1222,32
1788093589.2006533,89,35.204,1222,32
1788093589.2508082,89,35.204,1222,32
1788093589.3014336,89,35.204,1222,32
1788093589.35168,89,35.204,1222,32
1788093589.4020753,89,35.204,1222,32
1788093589.4523168,89,35.204,1222,32
1788093589.5027437,89,35.204,1222,32
1788093589.5529544,89,35.204,1222,32
1788093589.6031566,89,35.204,1222,32
1788093589.6536586,89,35.187,1185,32
1788093589.704093,89,35.187,1185,32
1788093589.7543612,89,35.187,1185,32
1788093589.80497,89,35.187,1185,32
1788093589.8552651,89,35.187,1185,32
1788093589.9056506,89,35.187,1185,32
1788093589.9559343,89,35.187,1185,32
1788093590.0062816,89,35.187,1185,32
1788093590.0568166,89,35.187,1185,32
1788093590.1073353,89,35.187,1185,32
1788093590.1580262,88,33.196,1230,32
1788093590.2086267,88,33.196,1230,32
1788093590.2589183,88,33.196,1230,32
1788093590.309382,88,33.196,1230,32
1788093590.3599935,88,33.196,1230,32
1788093590.4103515,88,33.196,1230,32
1788093590.460834,88,33.196,1230,32
1788093590.5112283,88,33.196,1230,32
1788093590.5617862,88,33.196,1230,32
1788093590.6120706,89,33.551,652,32
1788093590.6630778,89,33.551,652,32
1788093590.713706,89,33.551,652,32
1788093590.7640908,89,33.551,652,32
1788093590.8144865,89,33.551,652,32
1788093590.8650014,89,33.551,652,32
1788093590.9155366,89,33.551,652,32
1788093590.966156,89,33.551,652,32
1788093591.016484,89,33.551,652,32
1788093591.067358,89,33.551,652,32
1788093591.1180463,88,34.536,1117,32
1788093591.1683254,88,34.536,1117,32
1788093591.2188118,88,34.536,1117,32
1788093591.2694955,88,34.536,1117,32
1788093591.3196964,88,34.536,1117,32
1788093591.370021,88,34.536,1117,32
1788093591.4202337,88,34.536,1117,32
1788093591.4707844,88,34.536,1117,32
1788093591.521431,88,34.536,1117,32
1788093591.5720322,88,34.536,1117,32
1788093591.622485,89,34.126,1155,32
1788093591.672972,89,34.126,1155,32
1788093591.7232718,89,34.126,1155,32
1788093591.7736745,89,34.126,1155,32
1788093591.8241222,89,34.126,1155,32
1788093591.8747241,89,34.126,1155,32
1788093591.925145,89,34.126,1155,32
1788093591.9754815,89,34.126,1155,32
1788093592.02615,89,34.126,1155,32
1788093592.0764916,89,34.126,1155,32
1788093592.1271837,88,35.066,1102,32
1788093592.1775022,88,35.066,1102,32
1788093592.227809,88,35.066,1102,32
1788093592.2784936,88,35.066,1102,32
1788093592.3292136,88,35.066,1102,32
1788093592.3797247,88,35.066,1102,32
1788093592.4302702,88,35.066,1102,32
1788093592.4808042,88,35.066,1102,32
1788093592.531231,88,35.066,1102,32
1788093592.5815723,88,35.066,1102,32
1788093592.631787,88,34.097,1125,32
1788093592.6821685,88,34.097,1125,32
1788093592.7326381,88,34.097,1125,32
1788093592.7829947,88,34.097,1125,32
1788093592.8333225,88,34.097,1125,32
1788093592.8838556,88,34.097,1125,32
1788093592.9340906,88,34.097,1125,32
1788093592.9846797,88,34.097,1125,32
1788093593.035146,88,34.097,1125,32
1788093593.085815,88,34.097,1125,32
1788093593.136153,88,33.587,1147,32
1788093593.1867065,88,33.587,1147,32
1788093593.2373755,88,33.587,1147,32
1788093593.2876046,88,33.587,1147,32
1788093593.3380888,88,33.587,1147,32
1788093593.388273,88,33.587,1147,32
1788093593.4388738,88,33.587,1147,32
1788093593.489024,88,33.587,1147,32
1788093593.5393848,88,33.587,1147,32
1788093593.589609,88,33.587,1147,32
1788093593.6399114,86,30.067,1237,32
1788093593.690465,86,30.067,1237,32
1788093593.7408156,86,30.067,1237,32
1788093593.791024,86,30.067,1237,32
1788093593.8413746,86,30.067,1237,32
1788093593.8915522,86,30.067,1237,32
1788093593.9421139,86,30.067,1237,32
1788093593.9926267,86,30.067,1237,32
1788093594.043234,86,30.067,1237,32
1788093594.0935605,86,30.067,1237,32
1788093594.1439924,89,31.656,1237,32
1788093594.1944406,89,31.656,1237,32
1788093594.2450488,89,31.656,1237,32
1788093594.295717,89,31.656,1237,32
1788093594.346246,89,31.656,1237,32
1788093594.3967392,89,31.656,1237,32
1788093594.4473996,89,31.656,1237,32
1788093594.498089,89,31.656,1237,32
1788093594.5485137,89,31.656,1237,32
1788093594.5988796,89,31.656,1237,32
1788093594.6490674,88,34.782,705,32
1788093594.699833,88,34.782,705,32
1788093594.7504668,88,34.782,705,32
1788093594.800857,88,34.782,705,32
1788093594.851282,88,34.782,705,32
1788093594.9014795,88,34.782,705,32
1788093594.9516969,88,34.782,705,32
1788093595.0023332,88,34.782,705,32
1788093595.0527475,88,34.782,705,32
1788093595.1033285,88,34.782,705,32
1788093595.1535487,88,33.705,1065,32
1788093595.2038383,88,33.705,1065,32
1788093595.2540243,88,33.705,1065,32
1788093595.304671,88,33.705,1065,32
1788093595.3549042,88,33.705,1065,32
1788093595.405441,88,33.705,1065,32
1788093595.4557104,88,33.705,1065,32
1788093595.5061224,88,33.705,1065,32
1788093595.556375,88,33.705,1065,32
1788093595.6069312,88,33.705,1065,32
1788093595.6571722,88,33.453,1185,32
1788093595.7077978,88,33.453,1185,32
1788093595.7583897,88,33.453,1185,32
1788093595.808843,88,33.453,1185,32
1788093595.8592339,88,33.453,1185,32
1788093595.9097815,88,33.453,1185,32
1788093595.9604044,88,33.453,1185,32
1788093596.0108523,88,33.453,1185,32
1788093596.06122,88,33.453,1185,32
1788093596.1116507,88,33.453,1185,32
1788093596.1622162,89,35.033,1200,32
1788093596.2123797,89,35.033,1200,32
1788093596.263079,89,35.033,1200,32
1788093596.3137407,89,35.033,1200,32
1788093596.3642817,89,35.033,1200,32
1788093596.414714,89,35.033,1200,32
1788093596.465367,89,35.033,1200,32
1788093596.5159698,89,35.033,1200,32
1788093596.5662599,89,35.033,1200,32
1788093596.6169145,88,34.912,1215,32
1788093596.667297,88,34.912,1215,32
1788093596.7179163,88,34.912,1215,32
1788093596.7681549,88,34.912,1215,32
1788093596.818271,88,34.912,1215,32
1788093596.868868,88,34.912,1215,32
1788093596.9194431,88,34.912,1215,32
1788093596.9696605,88,34.912,1215,32
1788093597.019863,88,34.912,1215,32
1788093597.0703607,88,34.912,1215,32
1788093597.1207044,89,33.993,1237,32
1788093597.1709757,89,33.993,1237,32
1788093597.2214923,89,33.993,1237,32
1788093597.2719123,89,33.993,1237,32
1788093597.3225136,89,33.993,1237,32
1788093597.3731065,89,33.993,1237,32
1788093597.4237535,89,33.993,1237,32
1788093597.4740472,89,33.993,1237,32
1788093597.5241635,89,33.993,1237,32
1788093597.5744712,89,33.993,1237,32
1788093597.6247857,89,33.091,1222,32
1788093597.6752,89,33.091,1222,32
1788093597.7257721,89,33.091,1222,32
1788093597.7763247,89,33.091,1222,32
1788093597.8265846,89,33.091,1222,32
1788093597.8770604,89,33.091,1222,32
1788093597.9275753,89,33.091,1222,32
1788093597.978249,89,33.091,1222,32
1788093598.028764,89,33.091,1222,32
1788093598.079179,89,33.091,1222,32
1788093598.1295645,89,34.297,1042,32
1788093598.180191,89,34.297,1042,32
1788093598.2306206,89,34.297,1042,32
1788093598.281091,89,34.297,1042,32
1788093598.3313525,89,34.297,1042,32
1788093598.3819783,89,34.297,1042,32
1788093598.4322996,89,34.297,1042,32
1788093598.4826102,89,34.297,1042,32
1788093598.5330327,89,34.297,1042,32
1788093598.583608,89,34.297,1042,32
1788093598.6341724,89,36.449,1057,32
1788093598.684327,89,36.449,1057,32
1788093598.734744,89,36.449,1057,32
1788093598.7850623,89,36.449,1057,32
1788093598.8353667,89,36.449,1057,32
1788093598.8855486,89,36.449,1057,32
1788093598.9362192,89,36.449,1057,32
1788093598.986573,89,36.449,1057,32
1788093599.0370114,89,36.449,1057,32
1788093599.0875375,89,36.449,1057,32
1788093599.1379488,89,34.959,1117,32
1788093599.1885054,89,34.959,1117,32
1788093599.2388465,89,34.959,1117,32
1788093599.2893035,89,34.959,1117,32
1788093599.3398266,89,34.959,1117,32
1788093599.3904202,89,34.959,1117,32
1788093599.440866,89,34.959,1117,32
1788093599.4913356,89,34.959,1117,32
1788093599.5416481,89,34.959,1117,32
1788093599.5918968,89,34.959,1117,32
1788093599.6424444,89,34.848,1147,32
1788093599.6927543,89,34.848,1147,32
1788093599.7430472,89,34.848,1147,32
1788093599.7933228,89,34.848,1147,32
1788093599.8437889,89,34.848,1147,32
1788093599.894086,89,34.848,1147,32
1788093599.9446342,89,34.848,1147,32
1788093599.9951396,89,34.848,1147,32
1788093600.0455208,89,34.848,1147,32
1788093600.095894,89,34.848,1147,32
1788093600.146351,89,34.763,1162,32
1788093600.196913,89,34.763,1162,32
1788093600.2470896,89,34.763,1162,32
1788093600.297326,89,34.763,1162,32
1788093600.3479779,89,34.763,1162,32
1788093600.3981738,89,34.763,1162,32
1788093600.4486427,89,34.763,1162,32
1788093600.499131,89,34.763,1162,32
1788093600.5495775,89,34.763,1162,32
1788093600.5999153,89,34.763,1162,32
1788093600.6504362,89,34.138,1237,32
1788093600.701018,89,34.138,1237,32
1788093600.7515013,89,34.138,1237,32
1788093600.8017428,89,34.138,1237,32
1788093600.8519309,89,34.138,1237,32
1788093600.9024975,89,34.138,1237,32
1788093600.9530826,89,34.138,1237,32
1788093601.0036101,89,34.138,1237,32
1788093601.0539274,89,34.138,1237,32
1788093601.104658,89,34.138,1237,32
1788093601.1551728,89,32.885,1237,32
1788093601.2053237,89,32.885,1237,32
1788093601.2557533,89,32.885,1237,32
1788093601.3064659,89,32.885,1237,32
1788093601.3567965,89,32.885,1237,32
1788093601.407207,89,32.885,1237,32
1788093601.4574075,89,32.885,1237,32
1788093601.5077536,89,32.885,1237,32
1788093601.5582242,89,32.885,1237,32
1788093601.6086948,89,32.885,1237,32
1788093601.6590264,88,32.815,810,32
1788093601.7092972,88,32.815,810,32
1788093601.7597966,88,32.815,810,32
1788093601.8103328,88,32.815,810,32
1788093601.860792,88,32.815,810,32
1788093601.911335,88,32.815,810,32
1788093601.961913,88,32.815,810,32
1788093602.0124326,88,32.815,810,32
1788093602.0631096,88,32.815,810,32
1788093602.1136515,89,34.952,1095,32
1788093602.164322,89,34.952,1095,32
1788093602.2148685,89,34.952,1095,32
1788093602.2651033,89,34.952,1095,32
1788093602.3154135,89,34.952,1095,32
1788093602.3657265,89,34.952,1095,32
1788093602.4163783,89,34.952,1095,32
1788093602.4668689,89,34.952,1095,32
1788093602.5173273,89,34.952,1095,32
1788093602.567863,89,34.952,1095,32
1788093602.618224,89,34.939,1237,32
1788093602.6686647,89,34.939,1237,32
1788093602.7190003,89,34.939,1237,32
1788093602.7691739,89,34.939,1237,32
1788093602.8198054,89,34.939,1237,32
1788093602.8701134,89,34.939,1237,32
1788093602.9203293,89,34.939,1237,32
1788093602.970927,89,34.939,1237,32
1788093603.02112,89,34.939,1237,32
1788093603.0716248,89,34.939,1237,32
1788093603.1221068,89,35.922,1215,32
1788093603.172475,89,35.922,1215,32
1788093603.2229366,89,35.922,1215,32
1788093603.273199,89,35.922,1215,32
1788093603.3234973,89,35.922,1215,32
1788093603.3740418,89,35.922,1215,32
1788093603.424545,89,35.922,1215,32
1788093603.4749877,89,35.922,1215,32
1788093603.5256732,89,35.922,1215,32
1788093603.5762293,89,35.922,1215,32
1788093603.6266956,89,35.951,1162,32
1788093603.6769276,89,35.951,1162,32
1788093603.7274811,89,35.951,1162,32
1788093603.777691,89,35.951,1162,32
1788093603.8280427,89,35.951,1162,32
1788093603.8787165,89,35.951,1162,32
1788093603.9289763,89,35.951,1162,32
1788093603.979222,89,35.951,1162,32
1788093604.0294795,89,35.951,1162,32
1788093604.0797184,89,35.951,1162,32
1788093604.1301086,89,35.813,1065,32
1788093604.1803875,89,35.813,1065,32
1788093604.2307591,89,35.813,1065,32
1788093604.2810981,89,35.813,1065,32
1788093604.331342,89,35.813,1065,32
1788093604.3815842,89,35.813,1065,32
1788093604.4321575,89,35.813,1065,32
1788093604.4823687,89,35.813,1065,32
1788093604.5328755,89,35.813,1065,32
1788093604.5833101,89,35.813,1065,32
1788093604.6338017,88,33.037,1222,32
1788093604.6839736,88,33.037,1222,32
1788093604.7343588,88,33.037,1222,32
1788093604.7850032,88,33.037,1222,32
1788093604.8351772,88,33.037,1222,32
1788093604.8857355,88,33.037,1222,32
1788093604.9362636,88,33.037,1222,32
1788093604.9869204,88,33.037,1222,32
1788093605.0371745,88,33.037,1222,32
1788093605.08786,88,33.037,1222,32
1788093605.1381967,88,31.84,1005,1
1788093605.1886687,88,31.84,1005,1
1788093605.2388558,88,31.84,1005,1
1788093605.2890153,88,31.84,1005,1
1788093605.3394167,88,31.84,1005,1
1788093605.390033,88,31.84,1005,1
1788093605.4402409,88,31.84,1005,1
1788093605.4905536,88,31.84,1005,1
1788093605.541056,88,31.84,1005,1
1788093605.591222,88,31.84,1005,1
1788093605.6415038,89,34.646,1237,32
1788093605.6920223,89,34.646,1237,32
1788093605.74268,89,34.646,1237,32
1788093605.7934,89,34.646,1237,32
1788093605.8453188,89,34.646,1237,32
1788093605.895832,89,34.646,1237,32
1788093605.9462123,89,34.646,1237,32
1788093605.9967449,89,34.646,1237,32
1788093606.0469818,89,34.646,1237,32
1788093606.0974505,89,34.646,1237,32
1788093606.148001,89,35.194,975,32
1788093606.1982894,89,35.194,975,32
1788093606.248705,89,35.194,975,32
1788093606.2991097,89,35.194,975,32
1788093606.3497741,89,35.194,975,32
1788093606.4001935,89,35.194,975,32
1788093606.4507382,89,35.194,975,32
1788093606.5010765,89,35.194,975,32
1788093606.5516393,89,35.194,975,32
1788093606.6019843,89,35.194,975,32
1788093606.6525602,88,33.923,907,32
1788093606.7031097,88,33.923,907,32
1788093606.7535453,88,33.923,907,32
1788093606.803787,88,33.923,907,32
1788093606.8547852,88,33.923,907,32
1788093606.905444,88,33.923,907,32
1788093606.955643,88,33.923,907,32
1788093607.0059187,88,33.923,907,32
1788093607.056378,88,33.923,907,32
1788093607.1070535,88,33.923,907,32
1788093607.1572645,89,33.525,1117,32
1788093607.2074912,89,33.525,1117,32
1788093607.2578235,89,33.525,1117,32
1788093607.308203,89,33.525,1117,32
1788093607.358439,89,33.525,1117,32
1788093607.408974,89,33.525,1117,32
1788093607.459223,89,33.525,1117,32
1788093607.509568,89,33.525,1117,32
1788093607.5598452,89,33.525,1117,32
1788093607.6101575,89,33.525,1117,32
1788093607.6604946,89,35.501,1237,32
1788093607.7106924,89,35.501,1237,32
1788093607.7609928,89,35.501,1237,32
1788093607.8112934,89,35.501,1237,32
1788093607.8619812,89,35.501,1237,32
1788093607.9125412,89,35.501,1237,32
1788093607.9631393,89,35.501,1237,32
1788093608.0137239,89,35.501,1237,32
1788093608.06439,89,35.501,1237,32
1788093608.114825,87,33.166,1237,32
1788093608.1653397,87,33.166,1237,32
1788093608.2159958,87,33.166,1237,32
1788093608.2665267,87,33.166,1237,32
1788093608.3169227,87,33.166,1237,32
1788093608.3671386,87,33.166,1237,32
1788093608.4176989,87,33.166,1237,32
1788093608.4683547,87,33.166,1237,32
1788093608.518612,87,33.166,1237,32
1788093608.5690873,87,33.166,1237,32
1788093608.6195111,89,33.088,682,32
1788093608.6698973,89,33.088,682,32
1788093608.7200494,89,33.088,682,32
1788093608.7704368,89,33.088,682,32
1788093608.820724,89,33.088,682,32
1788093608.8711107,89,33.088,682,32
1788093608.9217355,89,33.088,682,32
1788093608.9720564,89,33.088,682,32
1788093609.0224025,89,33.088,682,32
1788093609.0728462,89,33.088,682,32
1788093609.1230774,88,33.092,1140,32
1788093609.1734908,88,33.092,1140,32
1788093609.2241685,88,33.092,1140,32
1788093609.2744093,88,33.092,1140,32
1788093609.3250093,88,33.092,1140,32
1788093609.375556,88,33.092,1140,32
1788093609.4260945,88,33.092,1140,32
1788093609.4762838,88,33.092,1140,32
1788093609.526738,88,33.092,1140,32
1788093609.5770338,88,33.092,1140,32
1788093609.6276078,89,33.132,1192,32
1788093609.6779516,89,33.132,1192,32
1788093609.7285993,89,33.132,1192,32
1788093609.7790523,89,33.132,1192,32
1788093609.829418,89,33.132,1192,32
1788093609.8799565,89,33.132,1192,32
1788093609.930431,89,33.132,1192,32
1788093609.980837,89,33.132,1192,32
1788093610.0313141,89,33.132,1192,32
1788093610.0817723,89,33.132,1192,32
1788093610.1328416,89,34.93,1207,32
1788093610.1830273,89,34.93,1207,32
1788093610.2333596,89,34.93,1207,32
1788093610.2837453,89,34.93,1207,32
1788093610.334359,89,34.93,1207,32
1788093610.384902,89,34.93,1207,32
1788093610.4355218,89,34.93,1207,32
1788093610.4859345,89,34.93,1207,32
1788093610.5363224,89,34.93,1207,32
1788093610.5869086,89,34.93,1207,32
1788093610.637332,89,34.901,1207,32
1788093610.6877105,89,34.901,1207,32
1788093610.7380507,89,34.901,1207,32
1788093610.7884707,89,34.901,1207,32
1788093610.8389668,89,34.901,1207,32
1788093610.889444,89,34.901,1207,32
1788093610.9398918,89,34.901,1207,32
1788093610.9905138,89,34.901,1207,32
1788093611.0407329,89,34.901,1207,32
1788093611.0912256,89,34.901,1207,32
1788093611.1414468,88,34.887,1162,32
1788093611.1917772,88,34.887,1162,32
1788093611.242113,88,34.887,1162,32
1788093611.2925334,88,34.887,1162,32
1788093611.3428698,88,34.887,1162,32
1788093611.3930187,88,34.887,1162,32
1788093611.44335,88,34.887,1162,32
1788093611.4937046,88,34.887,1162,32
1788093611.5440917,88,34.887,1162,32
1788093611.5943825,88,34.887,1162,32
1788093611.6449296,88,33.868,1237,32
1788093611.6952233,88,33.868,1237,32
1788093611.7458348,88,33.868,1237,32
1788093611.7962942,88,33.868,1237,32
1788093611.8467703,88,33.868,1237,32
1788093611.8974857,88,33.868,1237,32
1788093611.94776,88,33.868,1237,32
1788093611.998386,88,33.868,1237,32
1788093612.048938,88,33.868,1237,32
1788093612.0995653,88,33.868,1237,32
1788093612.1497662,89,32.818,1237,32
1788093612.2000623,89,32.818,1237,32
1788093612.2504976,89,32.818,1237,32
1788093612.3008914,89,32.818,1237,32
1788093612.3511944,89,32.818,1237,32
1788093612.4015713,89,32.818,1237,32
1788093612.4519942,89,32.818,1237,32
1788093612.5022995,89,32.818,1237,32
1788093612.5527918,89,32.818,1237,32
1788093612.6029778,89,32.818,1237,32
1788093612.6535606,89,33.862,270,32
1788093612.7040644,89,33.862,270,32
1788093612.754496,89,33.862,270,32
1788093612.8049736,89,33.862,270,32
1788093612.8553207,89,33.862,270,32
1788093612.9059799,89,33.862,270,32
1788093612.956629,89,33.862,270,32
1788093613.0071642,89,33.862,270,32
1788093613.057461,89,33.862,270,32
1788093613.1078348,89,33.862,270,32
1788093613.158195,88,34.221,1222,32
1788093613.2087908,88,34.221,1222,32
1788093613.2592208,88,34.221,1222,32
1788093613.3094711,88,34.221,1222,32
1788093613.3597355,88,34.221,1222,32
1788093613.4103568,88,34.221,1222,32
1788093613.460866,88,34.221,1222,32
1788093613.5112386,88,34.221,1222,32
1788093613.5618198,88,34.221,1222,32
1788093613.6122088,88,34.221,1222,32
1788093613.662431,89,33.536,1215,32
1788093613.7129776,89,33.536,1215,32
1788093613.763551,89,33.536,1215,32
1788093613.813831,89,33.536,1215,32
1788093613.8640285,89,33.536,1215,32
1788093613.91419,89,33.536,1215,32
1788093613.9647727,89,33.536,1215,32
1788093614.0154586,89,33.536,1215,32
1788093614.065744,89,33.536,1215,32
1788093614.1159227,89,36.332,1117,32
1788093614.1661112,89,36.332,1117,32
1788093614.2167304,89,36.332,1117,32
1788093614.2670443,89,36.332,1117,32
1788093614.3174958,89,36.332,1117,32
1788093614.3676248,89,36.332,1117,32
1788093614.418248,89,36.332,1117,32
1788093614.4687245,89,36.332,1117,32
1788093614.5188334,89,36.332,1117,32
1788093614.5690377,89,36.332,1117,32
1788093614.6193688,89,36.065,1065,32
1788093614.6696162,89,36.065,1065,32
1788093614.7201924,89,36.065,1065,32
1788093614.770784,89,36.065,1065,32
1788093614.821485,89,36.065,1065,32
1788093614.871753,89,36.065,1065,32
1788093614.9223297,89,36.065,1065,32
1788093614.9726405,89,36.065,1065,32
1788093615.0229683,89,36.065,1065,32
1788093615.073202,89,36.065,1065,32
1788093615.1236079,89,35.292,1140,32
1788093615.1739943,89,35.292,1140,32
1788093615.2243407,89,35.292,1140,32
1788093615.2749732,89,35.292,1140,32
1788093615.325386,89,35.292,1140,32
1788093615.3755996,89,35.292,1140,32
1788093615.4261498,89,35.292,1140,32
1788093615.4764886,89,35.292,1140,32
1788093615.5267475,89,35.292,1140,32
1788093615.5771658,89,35.292,1140,32
1788093615.6278577,89,32.937,1237,32
1788093615.6784728,89,32.937,1237,32
1788093615.7289667,89,32.937,1237,32
1788093615.7795515,89,32.937,1237,32
1788093615.8297546,89,32.937,1237,32
1788093615.879932,89,32.937,1237,32
1788093615.930426,89,32.937,1237,32
1788093615.9809716,89,32.937,1237,32
1788093616.0313127,89,32.937,1237,32
1788093616.0818975,89,32.937,1237,32
1788093616.132361,88,32.834,667,32
1788093616.18259,88,32.834,667,32
1788093616.233091,88,32.834,667,32
1788093616.2833622,88,32.834,667,32
1788093616.3335862,88,32.834,667,32
1788093616.3837972,88,32.834,667,32
1788093616.4344316,88,32.834,667,32
1788093616.4848597,88,32.834,667,32
1788093616.535322,88,32.834,667,32
1788093616.5858254,88,32.834,667,32
1788093616.636479,88,33.718,1080,1
1788093616.686999,88,33.718,1080,1
1788093616.7377074,88,33.718,1080,1
1788093616.7878637,88,33.718,1080,1
1788093616.838013,88,33.718,1080,1
1788093616.8882194,88,33.718,1080,1
1788093616.938617,88,33.718,1080,1
1788093616.9891386,88,33.718,1080,1
1788093617.0396392,88,33.718,1080,1
1788093617.0899787,88,33.718,1080,1
1788093617.1402557,88,32.933,1237,32
1788093617.1906693,88,32.933,1237,32
1788093617.24112,88,32.933,1237,32
1788093617.2915046,88,32.933,1237,32
1788093617.3416746,88,32.933,1237,32
1788093617.39192,88,32.933,1237,32
1788093617.442358,88,32.933,1237,32
1788093617.4927452,88,32.933,1237,32
1788093617.5431223,88,32.933,1237,32
1788093617.5937564,88,32.933,1237,32
1788093617.644161,89,34.531,1237,32
1788093617.6947854,89,34.531,1237,32
1788093617.7452278,89,34.531,1237,32
1788093617.7956986,89,34.531,1237,32
1788093617.8459878,89,34.531,1237,32
1788093617.8966396,89,34.531,1237,32
1788093617.9471521,89,34.531,1237,32
1788093617.9977055,89,34.531,1237,32
1788093618.0479903,89,34.531,1237,32
1788093618.098185,89,34.531,1237,32
1788093618.1487324,88,34.31,1207,32
1788093618.1990156,88,34.31,1207,32
1788093618.2491965,88,34.31,1207,32
1788093618.2997708,88,34.31,1207,32
1788093618.3503647,88,34.31,1207,32
1788093618.4005687,88,34.31,1207,32
1788093618.4510136,88,34.31,1207,32
1788093618.501699,88,34.31,1207,32
1788093618.5521243,88,34.31,1207,32
1788093618.602627,88,34.31,1207,32
1788093618.6528225,89,34.491,1207,32
1788093618.7034373,89,34.491,1207,32
1788093618.7538824,89,34.491,1207,32
1788093618.8040736,89,34.491,1207,32
1788093618.8543677,89,34.491,1207,32
1788093618.9047875,89,34.491,1207,32
1788093618.9550524,89,34.491,1207,32
1788093619.0053594,89,34.491,1207,32
1788093619.0556352,89,34.491,1207,32
1788093619.106251,89,34.491,1207,32
1788093619.1564872,87,32.584,1237,32
1788093619.2069716,87,32.584,1237,32
1788093619.2575922,87,32.584,1237,32
1788093619.3080504,87,32.584,1237,32
1788093619.358828,87,32.584,1237,32
1788093619.4092863,87,32.584,1237,32
1788093619.4598467,87,32.584,1237,32
1788093619.5103,87,32.584,1237,32
1788093619.5609396,87,32.584,1237,32
1788093619.6115968,87,32.584,1237,32
1788093619.6620138,89,32.731,1237,32
1788093619.7126055,89,32.731,1237,32
1788093619.763299,89,32.731,1237,32
1788093619.8137586,89,32.731,1237,32
1788093619.8642268,89,32.731,1237,32
1788093619.91458,89,32.731,1237,32
1788093619.9652255,89,32.731,1237,32
1788093620.0157878,89,32.731,1237,32
1788093620.066394,89,32.731,1237,32
1788093620.116756,88,32.866,277,32
1788093620.1671085,88,32.866,277,32
1788093620.2177277,88,32.866,277,32
1788093620.2681034,88,32.866,277,32
1788093620.3187292,88,32.866,277,32
1788093620.369394,88,32.866,277,32
1788093620.4199877,88,32.866,277,32
1788093620.4702132,88,32.866,277,32
1788093620.5204637,88,32.866,277,32
1788093620.5708666,88,32.866,277,32
1788093620.6212711,89,33.744,1237,32
1788093620.6717875,89,33.744,1237,32
1788093620.7220445,89,33.744,1237,32
1788093620.7722235,89,33.744,1237,32
1788093620.8227065,89,33.744,1237,32
1788093620.8730803,89,33.744,1237,32
1788093620.9235017,89,33.744,1237,32
1788093620.9738846,89,33.744,1237,32
1788093621.0244915,89,33.744,1237,32
1788093621.075097,89,33.744,1237,32
1788093621.1255863,89,34.02,1237,32
1788093621.176077,89,34.02,1237,32
1788093621.2264109,89,34.02,1237,32
1788093621.2769876,89,34.02,1237,32
1788093621.3271558,89,34.02,1237,32
1788093621.3774314,89,34.02,1237,32
1788093621.4276764,89,34.02,1237,32
1788093621.478343,89,34.02,1237,32
1788093621.5285676,89,34.02,1237,32
1788093621.5790489,89,34.02,1237,32
1788093621.629644,88,35.295,975,32
1788093621.6800818,88,35.295,975,32
1788093621.730554,88,35.295,975,32
1788093621.7809408,88,35.295,975,32
1788093621.8312705,88,35.295,975,32
1788093621.8816402,88,35.295,975,32
1788093621.9323254,88,35.295,975,32
1788093621.9827647,88,35.295,975,32
1788093622.033137,88,35.295,975,32
1788093622.0834496,88,35.295,975,32
1788093622.13395,88,33.833,915,32
1788093622.1841779,88,33.833,915,32
1788093622.2344382,88,33.833,915,32
1788093622.2849054,88,33.833,915,32
1788093622.3353217,88,33.833,915,32
1788093622.3855798,88,33.833,915,32
1788093622.4361084,88,33.833,915,32
1788093622.4863832,88,33.833,915,32
1788093622.536589,88,33.833,915,32
1788093622.5872078,88,33.833,915,32
1788093622.6374302,88,32.913,1057,32
1788093622.687943,88,32.913,1057,32
1788093622.73859,88,32.913,1057,32
1788093622.7893116,88,32.913,1057,32
1788093622.8397183,88,32.913,1057,32
1788093622.8899462,88,32.913,1057,32
1788093622.9401352,88,32.913,1057,32
1788093622.9907553,88,32.913,1057,32
1788093623.0409806,88,32.913,1057,32
1788093623.0912597,88,32.913,1057,32
1788093623.141497,88,31.203,1237,32
1788093623.1918724,88,31.203,1237,32
1788093623.2421877,88,31.203,1237,32
1788093623.2928145,88,31.203,1237,32
1788093623.3431547,88,31.203,1237,32
1788093623.3938284,88,31.203,1237,32
1788093623.4441316,88,31.203,1237,32
1788093623.4947672,88,31.203,1237,32
1788093623.5453587,88,31.203,1237,32
1788093623.5956213,88,31.203,1237,32
1788093623.6461613,88,32.411,645,32
1788093623.6968796,88,32.411,645,32
1788093623.7471366,88,32.411,645,32
1788093623.7974834,88,32.411,645,32
1788093623.8479247,88,32.411,645,32
1788093623.8985605,88,32.411,645,32
1788093623.9488053,88,32.411,645,32
1788093623.9993606,88,32.411,645,32
1788093624.0499544,88,32.411,645,32
1788093624.1001449,88,32.411,645,32
1788093624.15058,88,34.286,1012,32
1788093624.201054,88,34.286,1012,32
1788093624.25138,88,34.286,1012,32
1788093624.3020601,88,34.286,1012,32
1788093624.3528128,88,34.286,1012,32
1788093624.4035318,88,34.286,1012,32
1788093624.4539185,88,34.286,1012,32
1788093624.5042083,88,34.286,1012,32
1788093624.55485,88,34.286,1012,32
1788093624.6054137,88,34.286,1012,32
1788093624.6559992,88,32.859,1102,32
1788093624.7065961,88,32.859,1102,32
1788093624.7570257,88,32.859,1102,32
1788093624.807586,88,32.859,1102,32
1788093624.8579757,88,32.859,1102,32
1788093624.9084868,88,32.859,1102,32
1788093624.9590807,88,32.859,1102,32
1788093625.0097225,88,32.859,1102,32
1788093625.0601974,88,32.859,1102,32
1788093625.1105194,88,32.859,1102,32
1788093625.1607118,88,34.63,1132,32
1788093625.2112236,88,34.63,1132,32
1788093625.2614346,88,34.63,1132,32
1788093625.3119457,88,34.63,1132,32
1788093625.362188,88,34.63,1132,32
1788093625.4132915,88,34.63,1132,32
1788093625.4635754,88,34.63,1132,32
1788093625.514162,88,34.63,1132,32
1788093625.564427,88,34.63,1132,32
1788093625.6148453,88,34.63,1140,32
1788093625.6650698,89,34.568,1140,32
1788093625.7157054,89,34.568,1140,32
1788093625.7662048,89,34.568,1140,32
1788093625.8164883,89,34.568,1140,32
1788093625.8669739,89,34.568,1140,32
1788093625.9171412,89,34.568,1140,32
1788093625.967276,89,34.568,1140,32
1788093626.0179482,89,34.568,1140,32
1788093626.0682397,89,34.568,1140,32
1788093626.1185822,89,34.572,1162,32
1788093626.1690037,89,34.572,1162,32
1788093626.2192092,89,34.572,1162,32
1788093626.2694697,89,34.572,1162,32
1788093626.3197532,89,34.572,1162,32
1788093626.3702862,89,34.572,1162,32
1788093626.4206405,89,34.572,1162,32
1788093626.4714646,89,34.572,1162,32
1788093626.521685,89,34.572,1162,32
1788093626.572,89,34.572,1162,32
1788093626.6221511,86,32.429,1237,32
1788093626.6725137,86,32.429,1237,32
1788093626.7229125,86,32.429,1237,32
1788093626.773319,86,32.429,1237,32
1788093626.8238435,86,32.429,1237,32
1788093626.873987,86,32.429,1237,32
1788093626.9243817,86,32.429,1237,32
1788093626.974977,86,32.429,1237,32
1788093627.0253038,86,32.429,1237,32
1788093627.075751,86,32.429,1237,32
1788093627.1260004,89,33.048,1222,32
1788093627.1764874,89,33.048,1222,32
1788093627.2267551,89,33.048,1222,32
1788093627.2769635,89,33.048,1222,32
1788093627.3274717,89,33.048,1222,32
1788093627.3779821,89,33.048,1222,32
1788093627.4283733,89,33.048,1222,32
1788093627.4786282,89,33.048,1222,32
1788093627.5290089,89,33.048,1222,32
1788093627.579318,89,33.048,1222,32
1788093627.6298826,88,32.361,907,32
1788093627.6803598,88,32.361,907,32
1788093627.73068,88,32.361,907,32
1788093627.7811809,88,32.361,907,32
1788093627.8317018,88,32.361,907,32
1788093627.882016,88,32.361,907,32
1788093627.932361,88,32.361,907,32
1788093627.9829607,88,32.361,907,32
1788093628.0335228,88,32.361,907,32
1788093628.0841315,88,32.361,907,32
1788093628.1344013,89,34.061,1147,32
1788093628.1846786,89,34.061,1147,32
1788093628.235127,89,34.061,1147,32
1788093628.285736,89,34.061,1147,32
1788093628.3368838,89,34.061,1147,32
1788093628.3873065,89,34.061,1147,32
1788093628.4378934,89,34.061,1147,32
1788093628.488561,89,34.061,1147,32
1788093628.5391793,89,34.061,1147,32
1788093628.5895069,89,34.061,1147,32
1788093628.6401756,88,34.402,840,32
1788093628.6906698,88,34.402,840,32
1788093628.7409906,88,34.402,840,32
1788093628.7914453,88,34.402,840,32
1788093628.8418767,88,34.402,840,32
1788093628.8921094,88,34.402,840,32
1788093628.9424827,88,34.402,840,32
1788093628.9928324,88,34.402,840,32
1788093629.0431757,88,34.402,840,32
1788093629.093532,88,34.402,840,32
1788093629.1436987,88,33.776,1102,32
1788093629.194225,88,33.776,1102,32
1788093629.244783,88,33.776,1102,32
1788093629.2953355,88,33.776,1102,32
1788093629.3458097,88,33.776,1102,32
1788093629.396084,88,33.776,1102,32
1788093629.447651,88,33.776,1102,32
1788093629.4980352,88,33.776,1102,32
1788093629.5599792,88,33.776,1102,32
1788093629.6102152,88,33.776,1102,32
1788093629.6604671,88,32.792,1237,32
1788093629.710976,88,32.792,1237,32
1788093629.7634194,88,32.792,1237,32
1788093629.813848,88,32.792,1237,32
1788093629.8641844,88,32.792,1237,32
1788093629.9148536,88,32.792,1237,32
1788093629.9658964,88,32.792,1237,32
1788093630.0164182,88,32.792,1237,32
1788093630.0666413,88,32.792,1237,32
1788093630.116949,89,33.615,1237,32
1788093630.1675577,89,33.615,1237,32
1788093630.2181263,89,33.615,1237,32
1788093630.2685592,89,33.615,1237,32
1788093630.3190444,89,33.615,1237,32
1788093630.3692956,89,33.615,1237,32
1788093630.4198909,89,33.615,1237,32
1788093630.4700832,89,33.615,1237,32
1788093630.520653,89,33.615,1237,32
1788093630.5712712,89,33.615,1237,32
1788093630.6217036,86,31.102,1237,32
1788093630.6721582,86,31.102,1237,32
1788093630.7225568,86,31.102,1237,32
1788093630.7727878,86,31.102,1237,32
1788093630.823124,86,31.102,1237,32
1788093630.8736897,86,31.102,1237,32
1788093630.9242995,86,31.102,1237,32
1788093630.974632,86,31.102,1237,32
1788093631.0248377,86,31.102,1237,32
1788093631.0751493,86,31.102,1237,32
1788093631.1255395,89,32.125,1237,32
1788093631.176001,89,32.125,1237,32
1788093631.226467,89,32.125,1237,32
1788093631.2768912,89,32.125,1237,32
1788093631.3275948,89,32.125,1237,32
1788093631.3777773,89,32.125,1237,32
1788093631.4280815,89,32.125,1237,32
1788093631.4786868,89,32.125,1237,32
1788093631.5294008,89,32.125,1237,32
1788093631.5800176,89,32.125,1237,32
1788093631.6303487,88,33.297,727,32
1788093631.680566,88,33.297,727,32
1788093631.731054,88,33.297,727,32
1788093631.781328,88,33.297,727,32
1788093631.8315766,88,33.297,727,32
1788093631.882087,88,33.297,727,32
1788093631.9327202,88,33.297,727,32
1788093631.9830666,88,33.297,727,32
1788093632.0337048,88,33.297,727,32
1788093632.0839386,88,33.297,727,32
1788093632.134606,88,34.077,645,32
1788093632.1851327,88,34.077,645,32
1788093632.235641,88,34.077,645,32
1788093632.2861013,88,34.077,645,32
1788093632.3367279,88,34.077,645,32
1788093632.3871458,88,34.077,645,32
1788093632.4375944,88,34.077,645,32
1788093632.4883432,88,34.077,645,32
1788093632.5388339,88,34.077,645,32
1788093632.5894125,88,34.077,645,32
1788093632.639949,88,31.988,690,32
1788093632.6902208,88,31.988,690,32
1788093632.741499,88,31.988,690,32
1788093632.7918546,88,31.988,690,32
1788093632.8420978,88,31.988,690,32
1788093632.8926735,88,31.988,690,32
1788093632.9433007,88,31.988,690,32
1788093632.993714,88,31.988,690,32
1788093633.0440643,88,31.988,690,32
1788093633.0943518,88,31.988,690,32
1788093633.144917,89,33.507,1170,32
1788093633.1954224,89,33.507,1170,32
1788093633.245625,89,33.507,1170,32
1788093633.2960844,89,33.507,1170,32
1788093633.346399,89,33.507,1170,32
1788093633.3969054,89,33.507,1170,32
1788093633.447328,89,33.507,1170,32
1788093633.4978125,89,33.507,1170,32
1788093633.5481777,89,33.507,1170,32
1788093633.5987723,89,33.507,1170,32
1788093633.6490831,89,35.387,1095,32
1788093633.699354,89,35.387,1095,32
1788093633.7498088,89,35.387,1095,32
1788093633.8000605,89,35.387,1095,32
1788093633.850469,89,35.387,1095,32
1788093633.9007256,89,35.387,1095,32
1788093633.9511502,89,35.387,1095,32
1788093634.0017207,89,35.387,1095,32
1788093634.0520577,89,35.387,1095,32
1788093634.1025057,89,35.387,1095,32
1788093634.1527102,88,34.83,322,32
1788093634.2030942,88,34.83,322,32
1788093634.2535377,88,34.83,322,32
1788093634.3042974,88,34.83,322,32
1788093634.3546126,88,34.83,322,32
1788093634.4052742,88,34.83,322,32
1788093634.455681,88,34.83,322,32
1788093634.5059533,88,34.83,322,32
1788093634.5564415,88,34.83,322,32
1788093634.606724,88,34.83,322,32
1788093634.6570358,86,30.229,1050,1
1788093634.707342,86,30.229,1050,1
1788093634.757601,86,30.229,1050,1
1788093634.807743,86,30.229,1050,1
1788093634.8580663,86,30.229,1050,1
1788093634.9085426,86,30.229,1050,1
1788093634.958929,86,30.229,1050,1
1788093635.0094328,86,30.229,1050,1
1788093635.060106,86,30.229,1050,1
1788093635.110711,86,30.229,1050,1
1788093635.1610222,89,29.829,1237,32
1788093635.2116659,89,29.829,1237,32
1788093635.2621572,89,29.829,1237,32
1788093635.3125944,89,29.829,1237,32
1788093635.3631644,89,29.829,1237,32
1788093635.4135077,89,29.829,1237,32
1788093635.4641926,89,29.829,1237,32
1788093635.5144522,89,29.829,1237,32
1788093635.564948,89,29.829,1237,32
1788093635.6153507,89,29.829,1237,32
1788093635.6657672,88,32.63,487,32
1788093635.7162516,88,32.63,487,32
1788093635.7668166,88,32.63,487,32
1788093635.8173912,88,32.63,487,32
1788093635.867701,88,32.63,487,32
1788093635.9182491,88,32.63,487,32
1788093635.9686801,88,32.63,487,32
1788093636.018943,88,32.63,487,32
1788093636.0694075,88,32.63,487,32
1788093636.1199713,89,34.7,1132,32
1788093636.170502,89,34.7,1132,32
1788093636.2209332,89,34.7,1132,32
1788093636.2711732,89,34.7,1132,32
1788093636.321276,89,34.7,1132,32
1788093636.3719418,89,34.7,1132,32
1788093636.4222925,89,34.7,1132,32
1788093636.4731092,89,34.7,1132,32
1788093636.5238001,89,34.7,1132,32
1788093636.574309,89,34.7,1132,32
1788093636.6245992,89,34.462,1042,32
1788093636.6752198,89,34.462,1042,32
1788093636.7255614,89,34.462,1042,32
1788093636.776253,89,34.462,1042,32
1788093636.8265564,89,34.462,1042,32
1788093636.8770328,89,34.462,1042,32
1788093636.9275477,89,34.462,1042,32
1788093636.9779127,89,34.462,1042,32
1788093637.0283875,89,34.462,1042,32
1788093637.0788088,89,34.462,1042,32
1788093637.1291988,89,35.473,1087,32
1788093637.1795487,89,35.473,1087,32
1788093637.2298236,89,35.473,1087,32
1788093637.2801592,89,35.473,1087,32
1788093637.330749,89,35.473,1087,32
1788093637.3812563,89,35.473,1087,32
1788093637.4316,89,35.473,1087,32
1788093637.4822552,89,35.473,1087,32
1788093637.5326383,89,35.473,1087,32
1788093637.583274,89,35.473,1087,32
1788093637.6336856,89,35.365,1207,32
1788093637.6841066,89,35.365,1207,32
1788093637.7347581,89,35.365,1207,32
1788093637.7851286,89,35.365,1207,32
1788093637.835314,89,35.365,1207,32
1788093637.8858478,89,35.365,1207,32
1788093637.9361627,89,35.365,1207,32
1788093637.9864533,89,35.365,1207,32
1788093638.0367093,89,35.365,1207,32
1788093638.0870185,89,35.365,1207,32
1788093638.1373472,88,35.243,1207,32
1788093638.187653,88,35.243,1207,32
1788093638.2379112,88,35.243,1207,32
1788093638.2885005,88,35.243,1207,32
1788093638.3390868,88,35.243,1207,32
1788093638.389545,88,35.243,1207,32
1788093638.4400516,88,35.243,1207,32
1788093638.490931,88,35.243,1207,32
1788093638.5412838,88,35.243,1207,32
1788093638.5916808,88,35.243,1207,32
1788093638.6422768,89,33.093,1237,32
1788093638.6929083,89,33.093,1237,32
1788093638.7435443,89,33.093,1237,32
1788093638.7940197,89,33.093,1237,32
1788093638.8445072,89,33.093,1237,32
1788093638.8949544,89,33.093,1237,32
1788093638.9453306,89,33.093,1237,32
1788093638.995899,89,33.093,1237,32
1788093639.0464022,89,33.093,1237,32
1788093639.0968106,89,33.093,1237,32
1788093639.1474774,88,32.537,697,32
1788093639.1979363,88,32.537,697,32
1788093639.248111,88,32.537,697,32
1788093639.2986782,88,32.537,697,32
1788093639.3488765,88,32.537,697,32
1788093639.3991702,88,32.537,697,32
1788093639.449808,88,32.537,697,32
1788093639.5001733,88,32.537,697,32
1788093639.5504918,88,32.537,697,32
1788093639.6010072,88,32.537,697,32
1788093639.651299,88,33.076,1102,1
1788093639.7016017,88,33.076,1102,1
1788093639.7518966,88,33.076,1102,1
1788093639.802382,88,33.076,1102,1
1788093639.8529801,88,33.076,1102,1
1788093639.9032888,88,33.076,1102,1
1788093639.953609,88,33.076,1102,1
1788093640.0041893,88,33.076,1102,1
1788093640.0545409,88,33.076,1102,1
1788093640.1047597,88,33.076,1102,1
1788093640.1550655,89,32.875,1177,32
1788093640.205426,89,32.875,1177,32
1788093640.256003,89,32.875,1177,32
1788093640.3062108,89,32.875,1177,32
1788093640.3568196,89,32.875,1177,32
1788093640.407462,89,32.875,1177,32
1788093640.4577434,89,32.875,1177,32
1788093640.5079727,89,32.875,1177,32
1788093640.558256,89,32.875,1177,32
1788093640.6088245,89,32.875,1177,32
1788093640.6590488,89,34.754,1215,32
1788093640.7095704,89,34.754,1215,32
1788093640.7599628,89,34.754,1215,32
1788093640.8102834,89,34.754,1215,32
1788093640.8607802,89,34.754,1215,32
1788093640.911257,89,34.754,1215,32
1788093640.961778,89,34.754,1215,32
1788093641.01223,89,34.754,1215,32
1788093641.0624535,89,34.754,1215,32
1788093641.1127086,89,34.754,1215,32
1788093641.1632354,89,34.664,1065,32
1788093641.2136383,89,34.664,1065,32
1788093641.263937,89,34.664,1065,32
1788093641.3143766,89,34.664,1065,32
1788093641.3647592,89,34.664,1065,32
1788093641.4150949,89,34.664,1065,32
1788093641.4656997,89,34.664,1065,32
1788093641.5163083,89,34.664,1065,32
1788093641.5664842,89,34.664,1065,32
1788093641.6169412,89,34.664,1237,32
1788093641.6672676,89,34.657,1237,32
1788093641.7180347,89,34.657,1237,32
1788093641.7683034,89,34.657,1237,32
1788093641.8186576,89,34.657,1237,32
1788093641.8690495,89,34.657,1237,32
1788093641.9192126,89,34.657,1237,32
1788093641.9697943,89,34.657,1237,32
1788093642.0202267,89,34.657,1237,32
1788093642.0707014,89,34.657,1237,32
1788093642.1211176,86,31.107,1237,32
1788093642.1714888,86,31.107,1237,32
1788093642.2221193,86,31.107,1237,32
1788093642.272665,86,31.107,1237,32
1788093642.32312,86,31.107,1237,32
1788093642.3734097,86,31.107,1237,32
1788093642.4235818,86,31.107,1237,32
1788093642.4740894,86,31.107,1237,32
1788093642.5244942,86,31.107,1237,32
1788093642.5748053,86,31.107,1237,32
1788093642.6253073,89,31.003,1237,32
1788093642.6760426,89,31.003,1237,32
1788093642.7265153,89,31.003,1237,32
1788093642.77711,89,31.003,1237,32
1788093642.8275218,89,31.003,1237,32
1788093642.8780317,89,31.003,1237,32
1788093642.9285028,89,31.003,1237,32
1788093642.9791615,89,31.003,1237,32
1788093643.0296345,89,31.003,1237,32
1788093643.079979,89,31.003,1237,32
1788093643.1304612,88,32.674,502,32
1788093643.1808763,88,32.674,502,32
1788093643.231247,88,32.674,502,32
1788093643.2819867,88,32.674,502,32
1788093643.3326883,88,32.674,502,32
1788093643.3832476,88,32.674,502,32
1788093643.433721,88,32.674,502,32
1788093643.4843452,88,32.674,502,32
1788093643.5347857,88,32.674,502,32
1788093643.5854073,88,32.674,502,32
1788093643.6357222,88,33.563,1087,1
1788093643.68608,88,33.563,1087,1
1788093643.736725,88,33.563,1087,1
1788093643.7870092,88,33.563,1087,1
1788093643.837576,88,33.563,1087,1
1788093643.8880334,88,33.563,1087,1
1788093643.9386826,88,33.563,1087,1
1788093643.9892132,88,33.563,1087,1
1788093644.0396106,88,33.563,1087,1
1788093644.0901315,88,33.563,1087,1
1788093644.1406987,89,32.77,1170,32
1788093644.1913328,89,32.77,1170,32
1788093644.241753,89,32.77,1170,32
1788093644.2923446,89,32.77,1170,32
1788093644.342481,89,32.77,1170,32
1788093644.3929775,89,32.77,1170,32
1788093644.4432263,89,32.77,1170,32
1788093644.4938095,89,32.77,1170,32
1788093644.5441196,89,32.77,1170,32
1788093644.5947325,89,32.77,1170,32
1788093644.645156,89,34.487,1020,32
1788093644.6953197,89,34.487,1020,32
1788093644.7456002,89,34.487,1020,32
1788093644.7960057,89,34.487,1020,32
1788093644.846596,89,34.487,1020,32
1788093644.8967986,89,34.487,1020,32
1788093644.9472778,89,34.487,1020,32
1788093644.9977722,89,34.487,1020,32
1788093645.0480373,89,34.487,1020,32
1788093645.0982533,89,34.487,1020,32
1788093645.148888,89,34.443,1020,32
1788093645.1992776,89,34.443,1020,32
1788093645.249603,89,34.443,1020,32
1788093645.300169,89,34.443,1020,32
1788093645.3505666,89,34.443,1020,32
1788093645.4012485,89,34.443,1020,32
1788093645.4516654,89,34.443,1020,32
1788093645.5019326,89,34.443,1020,32
1788093645.552329,89,34.443,1020,32
1788093645.6028793,89,34.443,1020,32
1788093645.6532292,89,34.607,1132,32
1788093645.7034369,89,34.607,1132,32
1788093645.7537205,89,34.607,1132,32
1788093645.8042665,89,34.607,1132,32
1788093645.8544483,89,34.607,1132,32
1788093645.9050078,89,34.607,1132,32
1788093645.9552853,89,34.607,1132,32
1788093646.005898,89,34.607,1132,32
1788093646.0565634,89,34.607,1132,32
1788093646.106799,89,34.607,1132,32
1788093646.1571422,89,32.191,1237,32
1788093646.207503,89,32.191,1237,32
1788093646.2577605,89,32.191,1237,32
1788093646.3084142,89,32.191,1237,32
1788093646.3588977,89,32.191,1237,32
1788093646.4094906,89,32.191,1237,32
1788093646.4600446,89,32.191,1237,32
1788093646.5102522,89,32.191,1237,32
1788093646.5607538,89,32.191,1237,32
1788093646.6112292,89,32.191,1237,32
1788093646.6617498,88,32.329,495,32
1788093646.7120507,88,32.329,495,32
1788093646.7625716,88,32.329,495,32
1788093646.813279,88,32.329,495,32
1788093646.8635235,88,32.329,495,32
1788093646.913888,88,32.329,495,32
1788093646.9643404,88,32.329,495,32
1788093647.0145898,88,32.329,495,32
1788093647.0652523,88,32.329,495,32
1788093647.115919,88,32.329,495,32
1788093647.1663606,88,33.789,1155,32
1788093647.216714,88,33.789,1155,32
1788093647.2672515,88,33.789,1155,32
1788093647.3177376,88,33.789,1155,32
1788093647.368247,88,33.789,1155,32
1788093647.4187617,88,33.789,1155,32
1788093647.4694595,88,33.789,1155,32
1788093647.5199268,88,33.789,1155,32
1788093647.570298,88,33.789,1155,32
1788093647.6206653,89,32.7,1005,32
1788093647.6713135,89,32.7,1005,32
1788093647.721735,89,32.7,1005,32
1788093647.7719772,89,32.7,1005,32
1788093647.8222554,89,32.7,1005,32
1788093647.8728108,89,32.7,1005,32
1788093647.923458,89,32.7,1005,32
1788093647.973886,89,32.7,1005,32
1788093648.0242884,89,32.7,1005,32
1788093648.0749285,89,32.7,1005,32
1788093648.1255376,88,34.266,1117,32
1788093648.1759858,88,34.266,1117,32
1788093648.226505,88,34.266,1117,32
1788093648.2771723,88,34.266,1117,32
1788093648.3276277,88,34.266,1117,32
1788093648.377756,88,34.266,1117,32
1788093648.4281454,88,34.266,1117,32
1788093648.4784727,88,34.266,1117,32
1788093648.52896,88,34.266,1117,32
1788093648.579354,88,34.266,1117,32
1788093648.6299613,89,34.143,1020,32
1788093648.680609,89,34.143,1020,32
1788093648.7311556,89,34.143,1020,32
1788093648.7813857,89,34.143,1020,32
1788093648.8319702,89,34.143,1020,32
1788093648.8826783,89,34.143,1020,32
1788093648.9329572,89,34.143,1020,32
1788093648.9831254,89,34.143,1020,32
1788093649.0336688,89,34.143,1020,32
1788093649.0840802,89,34.143,1020,32
1788093649.134437,89,34.36,1027,32
1788093649.184987,89,34.36,1027,32
1788093649.2354755,89,34.36,1027,32
1788093649.2858715,89,34.36,1027,32
1788093649.3364077,89,34.36,1027,32
1788093649.387087,89,34.36,1027,32
1788093649.4375477,89,34.36,1027,32
1788093649.487664,89,34.36,1027,32
1788093649.53809,89,34.36,1027,32
1788093649.5883396,89,34.36,1027,32
1788093649.6389086,87,32.372,1237,32
1788093649.6894226,87,32.372,1237,32
1788093649.7400057,87,32.372,1237,32
1788093649.790613,87,32.372,1237,32
1788093649.8412585,87,32.372,1237,32
1788093649.8917851,87,32.372,1237,32
1788093649.9423068,87,32.372,1237,32
1788093649.992711,87,32.372,1237,32
1788093650.043249,87,32.372,1237,32
1788093650.0937448,87,32.372,1237,32
1788093650.144357,89,33.169,892,32
1788093650.1948597,89,33.169,892,32
1788093650.2451663,89,33.169,892,32
1788093650.2956274,89,33.169,892,32
1788093650.3459206,89,33.169,892,32
1788093650.3961697,89,33.169,892,32
1788093650.4467611,89,33.169,892,32
1788093650.4971457,89,33.169,892,32
1788093650.5478582,89,33.169,892,32
1788093650.5984457,89,33.169,892,32
1788093650.6486468,88,32.711,930,32
1788093650.6994646,88,32.711,930,32
1788093650.749654,88,32.711,930,32
1788093650.800005,88,32.711,930,32
1788093650.8505805,88,32.711,930,32
1788093650.901116,88,32.711,930,32
1788093650.951466,88,32.711,930,32
1788093651.0017753,88,32.711,930,32
1788093651.0523777,88,32.711,930,32
1788093651.1028273,88,32.711,930,32
1788093651.153397,88,32.736,997,32
1788093651.2039163,88,32.736,997,32
1788093651.254324,88,32.736,997,32
1788093651.3048093,88,32.736,997,32
1788093651.3554761,88,32.736,997,32
1788093651.4061446,88,32.736,997,32
1788093651.4566407,88,32.736,997,32
1788093651.5070612,88,32.736,997,32
1788093651.557504,88,32.736,997,32
1788093651.608106,88,32.736,997,32
1788093651.6587007,88,32.259,712,32
1788093651.708961,88,32.259,712,32
1788093651.7593608,88,32.259,712,32
1788093651.8098264,88,32.259,712,32
1788093651.8601134,88,32.259,712,32
1788093651.9105287,88,32.259,712,32
1788093651.9610906,88,32.259,712,32
1788093652.0117486,88,32.259,712,32
1788093652.0622072,88,32.259,712,32
1788093652.1128817,88,32.259,712,32
1788093652.163258,88,32.456,892,32
1788093652.2139878,88,32.456,892,32
1788093652.2643483,88,32.456,892,32
1788093652.3147535,88,32.456,892,32
1788093652.3651657,88,32.456,892,32
1788093652.4156811,88,32.456,892,32
1788093652.466153,88,32.456,892,32
1788093652.5166705,88,32.456,892,32
1788093652.5670958,88,32.456,892,32
1788093652.6178815,88,32.456,892,32
1788093652.6686044,88,32.227,892,32
1788093652.719131,88,32.227,892,32
1788093652.7694728,88,32.227,892,32
1788093652.8199773,88,32.227,892,32
1788093652.8702223,88,32.227,892,32
1788093652.920806,88,32.227,892,32
1788093652.9715004,88,32.227,892,32
1788093653.021782,88,32.227,892,32
1788093653.0720825,88,32.227,892,32
1788093653.1223717,88,32.204,735,32
1788093653.1729543,88,32.204,735,32
1788093653.2231345,88,32.204,735,32
1788093653.2735345,88,32.204,735,32
1788093653.3242435,88,32.204,735,32
1788093653.3747754,88,32.204,735,32
1788093653.4252253,88,32.204,735,32
1788093653.4755483,88,32.204,735,32
1788093653.5258398,88,32.204,735,32
1788093653.5763333,88,32.204,735,32
1788093653.6266847,87,29.588,1237,32
1788093653.677255,87,29.588,1237,32
1788093653.7275262,87,29.588,1237,32
1788093653.778186,87,29.588,1237,32
1788093653.8286088,87,29.588,1237,32
1788093653.8790085,87,29.588,1237,32
1788093653.929198,87,29.588,1237,32
1788093653.9794939,87,29.588,1237,32
1788093654.0301056,87,29.588,1237,32
1788093654.0804007,87,29.588,1237,32
1788093654.1309273,89,31.197,1237,32
1788093654.1813018,89,31.197,1237,32
1788093654.2315373,89,31.197,1237,32
1788093654.2819247,89,31.197,1237,32
1788093654.3326924,89,31.197,1237,32
1788093654.3830626,89,31.197,1237,32
1788093654.433509,89,31.197,1237,32
1788093654.4839587,89,31.197,1237,32
1788093654.5345845,89,31.197,1237,32
1788093654.5848947,89,31.197,1237,32
1788093654.6350334,89,34.561,547,32
1788093654.6854885,89,34.561,547,32
1788093654.7356594,89,34.561,547,32
1788093654.7860339,89,34.561,547,32
1788093654.8364627,89,34.561,547,32
1788093654.8866484,89,34.561,547,32
1788093654.9372058,89,34.561,547,32
1788093654.9878266,89,34.561,547,32
1788093655.0384023,89,34.561,547,32
1788093655.0887346,89,34.561,547,32
1788093655.1391747,88,33.951,1020,1
1788093655.1894543,88,33.951,1020,1
1788093655.2397816,88,33.951,1020,1
1788093655.290286,88,33.951,1020,1
1788093655.340698,88,33.951,1020,1
1788093655.391321,88,33.951,1020,1
1788093655.4417584,88,33.951,1020,1
1788093655.4925547,88,33.951,1020,1
1788093655.54286,88,33.951,1020,1
1788093655.593386,88,33.951,1020,1
1788093655.643716,89,33.46,1222,32
1788093655.6939294,89,33.46,1222,32
1788093655.7445118,89,33.46,1222,32
1788093655.7951078,89,33.46,1222,32
1788093655.8457336,89,33.46,1222,32
1788093655.895945,89,33.46,1222,32
1788093655.9462981,89,33.46,1222,32
1788093655.996582,89,33.46,1222,32
1788093656.0470853,89,33.46,1222,32
1788093656.097448,89,33.46,1222,32
1788093656.1476057,88,34.839,457,32
1788093656.197948,88,34.839,457,32
1788093656.2483044,88,34.839,457,32
1788093656.2986226,88,34.839,457,32
1788093656.3488317,88,34.839,457,32
1788093656.3994772,88,34.839,457,32
1788093656.4497879,88,34.839,457,32
1788093656.5004196,88,34.839,457,32
1788093656.5507507,88,34.839,457,32
1788093656.6013258,88,34.839,457,32
1788093656.6518571,88,33.426,1125,1
1788093656.7021534,88,33.426,1125,1
1788093656.7527347,88,33.426,1125,1
1788093656.8033204,88,33.426,1125,1
1788093656.8537326,88,33.426,1125,1
1788093656.9041462,88,33.426,1125,1
1788093656.954808,88,33.426,1125,1
1788093657.005092,88,33.426,1125,1
1788093657.055432,88,33.426,1125,1
1788093657.1057668,88,33.426,1125,1
1788093657.1564333,89,33.19,1140,32
1788093657.2068794,89,33.19,1140,32
1788093657.2571127,89,33.19,1140,32
1788093657.3073647,89,33.19,1140,32
1788093657.3576128,89,33.19,1140,32
1788093657.4080741,89,33.19,1140,32
1788093657.4584997,89,33.19,1140,32
1788093657.5088315,89,33.19,1140,32
1788093657.5594578,89,33.19,1140,32
1788093657.6098695,89,33.19,1140,32
1788093657.6602592,88,32.391,1222,32
1788093657.7106307,88,32.391,1222,32
1788093657.7613776,88,32.391,1222,32
1788093657.8119366,88,32.391,1222,32
1788093657.862262,88,32.391,1222,32
1788093657.9128053,88,32.391,1222,32
1788093657.963036,88,32.391,1222,32
1788093658.0134304,88,32.391,1222,32
1788093658.0640967,88,32.391,1222,32
1788093658.1144943,88,32.391,1222,32
1788093658.1647787,88,32.466,877,32
1788093658.2151415,88,32.466,877,32
1788093658.2656214,88,32.466,877,32
1788093658.316092,88,32.466,877,32
1788093658.3667266,88,32.466,877,32
1788093658.4168618,88,32.466,877,32
1788093658.467322,88,32.466,877,32
1788093658.5175576,88,32.466,877,32
1788093658.5678923,88,32.466,877,32
1788093658.618211,88,32.466,877,32
1788093658.6685846,88,33.698,817,32
1788093658.7190907,88,33.698,817,32
1788093658.7693481,88,33.698,817,32
1788093658.8195446,88,33.698,817,32
1788093658.8700113,88,33.698,817,32
1788093658.9205887,88,33.698,817,32
1788093658.9711752,88,33.698,817,32
1788093659.021459,88,33.698,817,32
1788093659.0719104,88,33.698,817,32
1788093659.122514,89,33.222,1185,32
1788093659.173147,89,33.222,1185,32
1788093659.2235003,89,33.222,1185,32
1788093659.2736385,89,33.222,1185,32
1788093659.3242671,89,33.222,1185,32
1788093659.374638,89,33.222,1185,32
1788093659.424772,89,33.222,1185,32
1788093659.4751704,89,33.222,1185,32
1788093659.5258238,89,33.222,1185,32
1788093659.5765097,89,33.222,1185,32
1788093659.6270123,89,35.12,1087,32
1788093659.6775575,89,35.12,1087,32
1788093659.728253,89,35.12,1087,32
1788093659.7786558,89,35.12,1087,32
1788093659.8289177,89,35.12,1087,32
1788093659.8792064,89,35.12,1087,32
1788093659.93024,89,35.12,1087,32
1788093659.9805198,89,35.12,1087,32
1788093660.0309541,89,35.12,1087,32
1788093660.081529,89,35.12,1087,32
1788093660.1319253,89,35.904,1185,32
1788093660.1824152,89,35.904,1185,32
1788093660.2328568,89,35.904,1185,32
1788093660.2832484,89,35.904,1185,32
1788093660.3338768,89,35.904,1185,32
1788093660.384489,89,35.904,1185,32
1788093660.4346857,89,35.904,1185,32
1788093660.4854167,89,35.904,1185,32
1788093660.535854,89,35.904,1185,32
1788093660.5860422,89,35.904,1185,32
1788093660.6366014,89,35.383,1020,32
1788093660.6872232,89,35.383,1020,32
1788093660.7376645,89,35.383,1020,32
1788093660.7880988,89,35.383,1020,32
1788093660.8386116,89,35.383,1020,32
1788093660.8888605,89,35.383,1020,32
1788093660.9394724,89,35.383,1020,32
1788093660.9896986,89,35.383,1020,32
1788093661.0403802,89,35.383,1020,32
1788093661.0909097,89,35.383,1020,32
1788093661.1413438,87,32.869,1237,32
1788093661.1915293,87,32.869,1237,32
1788093661.2418842,87,32.869,1237,32
1788093661.2925131,87,32.869,1237,32
1788093661.342976,87,32.869,1237,32
1788093661.393505,87,32.869,1237,32
1788093661.4441833,87,32.869,1237,32
1788093661.4946687,87,32.869,1237,32
1788093661.545034,87,32.869,1237,32
1788093661.5956585,87,32.869,1237,32
1788093661.646033,89,32.255,1237,32
1788093661.6962276,89,32.255,1237,32
1788093661.7466874,89,32.255,1237,32
1788093661.7969513,89,32.255,1237,32
1788093661.8474264,89,32.255,1237,32
1788093661.8979158,89,32.255,1237,32
1788093661.948306,89,32.255,1237,32
1788093661.9988103,89,32.255,1237,32
1788093662.0491319,89,32.255,1237,32
1788093662.0995371,89,32.255,1237,32
1788093662.1500776,88,32.06,855,32
1788093662.200337,88,32.06,855,32
1788093662.2506554,88,32.06,855,32
1788093662.3013275,88,32.06,855,32
1788093662.3519452,88,32.06,855,32
1788093662.4023309,88,32.06,855,32
1788093662.4528286,88,32.06,855,32
1788093662.50315,88,32.06,855,32
1788093662.553716,88,32.06,855,32
1788093662.6042519,88,32.06,855,32
1788093662.6547995,88,32.965,735,32
1788093662.7050607,88,32.965,735,32
1788093662.755192,88,32.965,735,32
1788093662.8055532,88,32.965,735,32
1788093662.856195,88,32.965,735,32
1788093662.906894,88,32.965,735,32
1788093662.9571483,88,32.965,735,32
1788093663.0075898,88,32.965,735,32
1788093663.0580719,88,32.965,735,32
1788093663.1086643,88,32.965,735,32
1788093663.1590278,89,32.531,1215,32
1788093663.2095609,89,32.531,1215,32
1788093663.2597797,89,32.531,1215,32
1788093663.310178,89,32.531,1215,32
1788093663.3607588,89,32.531,1215,32
1788093663.4110317,89,32.531,1215,32
1788093663.4614546,89,32.531,1215,32
1788093663.5120564,89,32.531,1215,32
1788093663.5626886,89,32.531,1215,32
1788093663.6130128,89,32.531,1215,32
1788093663.6635087,89,34.522,1237,32
1788093663.7140825,89,34.522,1237,32
1788093663.764628,89,34.522,1237,32
1788093663.8149383,89,34.522,1237,32
1788093663.8653567,89,34.522,1237,32
1788093663.9158642,89,34.522,1237,32
1788093663.9662738,89,34.522,1237,32
1788093664.0165749,89,34.522,1237,32
1788093664.067124,89,34.522,1237,32
1788093664.1177323,89,34.522,1237,32
1788093664.1683378,89,35.739,1177,32
1788093664.21864,89,35.739,1177,32
1788093664.2691765,89,35.739,1177,32
1788093664.3198652,89,35.739,1177,32
1788093664.3703196,89,35.739,1177,32
1788093664.4207277,89,35.739,1177,32
1788093664.4711127,89,35.739,1177,32
1788093664.521216,89,35.739,1177,32
1788093664.5717304,89,35.739,1177,32
1788093664.622066,89,35.618,1065,32
1788093664.6724203,89,35.618,1065,32
1788093664.7226589,89,35.618,1065,32
1788093664.7729971,89,35.618,1065,32
1788093664.8232546,89,35.618,1065,32
1788093664.8738327,89,35.618,1065,32
1788093664.9240618,89,35.618,1065,32
1788093664.9743807,89,35.618,1065,32
1788093665.0246596,89,35.618,1065,32
1788093665.0753202,89,35.618,1065,32
1788093665.1256576,88,32.869,1207,32
1788093665.176162,88,32.869,1207,32
1788093665.2267785,88,32.869,1207,32
1788093665.2770867,88,32.869,1207,32
1788093665.3276474,88,32.869,1207,32
1788093665.377942,88,32.869,1207,32
1788093665.4284236,88,32.869,1207,32
1788093665.479072,88,32.869,1207,32
1788093665.5298345,88,32.869,1207,32
1788093665.580433,88,32.869,1207,32
1788093665.6308703,89,32.681,1237,32
1788093665.681207,89,32.681,1237,32
1788093665.7318065,89,32.681,1237,32
1788093665.7819624,89,32.681,1237,32
1788093665.8325274,89,32.681,1237,32
1788093665.882847,89,32.681,1237,32
1788093665.933144,89,32.681,1237,32
1788093665.9837873,89,32.681,1237,32
1788093666.0339894,89,32.681,1237,32
1788093666.0841818,89,32.681,1237,32
1788093666.134635,89,35.044,1200,32
1788093666.18489,89,35.044,1200,32
1788093666.235359,89,35.044,1200,32
1788093666.2857199,89,35.044,1200,32
1788093666.3363914,89,35.044,1200,32
1788093666.3869185,89,35.044,1200,32
1788093666.4371421,89,35.044,1200,32
1788093666.487634,89,35.044,1200,32
1788093666.5381806,89,35.044,1200,32
1788093666.588407,89,35.044,1200,32
1788093666.638826,89,34.82,1095,32
1788093666.6894624,89,34.82,1095,32
1788093666.7398686,89,34.82,1095,32
1788093666.7900364,89,34.82,1095,32
1788093666.840708,89,34.82,1095,32
1788093666.89103,89,34.82,1095,32
1788093666.941498,89,34.82,1095,32
1788093666.9920716,89,34.82,1095,32
1788093667.0423594,89,34.82,1095,32
1788093667.0929072,89,34.82,1095,32
1788093667.1434221,88,33.463,802,32
1788093667.1939387,88,33.463,802,32
1788093667.244217,88,33.463,802,32
1788093667.2944283,88,33.463,802,32
1788093667.3448477,88,33.463,802,32
1788093667.395216,88,33.463,802,32
1788093667.4454784,88,33.463,802,32
1788093667.4957194,88,33.463,802,32
1788093667.5460682,88,33.463,802,32
1788093667.5964067,88,33.463,802,32
1788093667.6469646,89,32.151,1237,1
1788093667.6973553,89,32.151,1237,1
1788093667.7475579,89,32.151,1237,1
1788093667.7978942,89,32.151,1237,1
1788093667.848464,89,32.151,1237,1
1788093667.8989253,89,32.151,1237,1
1788093667.9494917,89,32.151,1237,1
1788093668.0001514,89,32.151,1237,1
1788093668.0507956,89,32.151,1237,1
1788093668.1013732,89,32.151,1237,1
1788093668.1518524,89,33.585,1147,32
1788093668.2025805,89,33.585,1147,32
1788093668.2528143,89,33.585,1147,32
1788093668.3031836,89,33.585,1147,32
1788093668.3539135,89,33.585,1147,32
1788093668.4043226,89,33.585,1147,32
1788093668.454669,89,33.585,1147,32
1788093668.5052502,89,33.585,1147,32
1788093668.5557337,89,33.585,1147,32
1788093668.6062806,89,33.585,1147,32
1788093668.6566496,88,35.116,1237,32
1788093668.7072175,88,35.116,1237,32
1788093668.757375,88,35.116,1237,32
1788093668.8076842,88,35.116,1237,32
1788093668.8579414,88,35.116,1237,32
1788093668.908513,88,35.116,1237,32
1788093668.9589522,88,35.116,1237,32
1788093669.0091572,88,35.116,1237,32
1788093669.0593674,88,35.116,1237,32
1788093669.1099045,88,35.116,1237,32
1788093669.1601238,89,32.545,1207,32
1788093669.2103145,89,32.545,1207,32
1788093669.2607076,89,32.545,1207,32
1788093669.3109672,89,32.545,1207,32
1788093669.3617122,89,32.545,1207,32
1788093669.412153,89,32.545,1207,32
1788093669.4625633,89,32.545,1207,32
1788093669.5131643,89,32.545,1207,32
1788093669.5636718,89,32.545,1207,32
1788093669.614236,89,32.545,1207,32
1788093669.6646373,88,32.616,727,32
1788093669.714844,88,32.616,727,32
1788093669.7653875,88,32.616,727,32
1788093669.8158703,88,32.616,727,32
1788093669.8662267,88,32.616,727,32
1788093669.9165769,88,32.616,727,32
1788093669.9671738,88,32.616,727,32
1788093670.017558,88,32.616,727,32
1788093670.0680573,88,32.616,727,32
1788093670.1186304,88,32.616,727,32
1788093670.1688762,88,32.985,862,32
1788093670.2194357,88,32.985,862,32
1788093670.2697918,88,32.985,862,32
1788093670.320117,88,32.985,862,32
1788093670.3704104,88,32.985,862,32
1788093670.420759,88,32.985,862,32
1788093670.4709942,88,32.985,862,32
1788093670.5211415,88,32.985,862,32
1788093670.5716548,88,32.985,862,32
1788093670.6222894,89,32.427,1027,32
1788093670.6727607,89,32.427,1027,32
1788093670.7230196,89,32.427,1027,32
1788093670.7732902,89,32.427,1027,32
1788093670.8235102,89,32.427,1027,32
1788093670.8736823,89,32.427,1027,32
1788093670.9239314,89,32.427,1027,32
1788093670.974559,89,32.427,1027,32
1788093671.0252168,89,32.427,1027,32
1788093671.0758247,89,32.427,1027,32
1788093671.1260922,89,34.362,1102,32
1788093671.1765432,89,34.362,1102,32
1788093671.2272198,89,34.362,1102,32
1788093671.2777224,89,34.362,1102,32
1788093671.3283963,89,34.362,1102,32
1788093671.3789775,89,34.362,1102,32
1788093671.4295344,89,34.362,1102,32
1788093671.4801452,89,34.362,1102,32
1788093671.5304737,89,34.362,1102,32
1788093671.5808375,89,34.362,1102,32
1788093671.6314154,89,35.218,1087,32
1788093671.6815786,89,35.218,1087,32
1788093671.7321324,89,35.218,1087,32
1788093671.7822974,89,35.218,1087,32
1788093671.8327196,89,35.218,1087,32
1788093671.882993,89,35.218,1087,32
1788093671.9333117,89,35.218,1087,32
1788093671.9835088,89,35.218,1087,32
1788093672.0338602,89,35.218,1087,32
1788093672.0844774,89,35.218,1087,32
1788093672.1349783,89,35.079,1080,32
1788093672.1852837,89,35.079,1080,32
1788093672.2356403,89,35.079,1080,32
1788093672.2861025,89,35.079,1080,32
1788093672.336586,89,35.079,1080,32
1788093672.386727,89,35.079,1080,32
1788093672.437322,89,35.079,1080,32
1788093672.4879193,89,35.079,1080,32
1788093672.5385435,89,35.079,1080,32
1788093672.5891824,89,35.079,1080,32
1788093672.6396897,88,31.704,1230,32
1788093672.69029,88,31.704,1230,32
1788093672.740486,88,31.704,1230,32
1788093672.791018,88,31.704,1230,32
1788093672.8415115,88,31.704,1230,32
1788093672.8921125,88,31.704,1230,32
1788093672.9424179,88,31.704,1230,32
1788093672.9929402,88,31.704,1230,32
1788093673.0435722,88,31.704,1230,32
1788093673.093993,88,31.704,1230,32
1788093673.1442242,89,32.322,1065,32
1788093673.1945891,89,32.322,1065,32
1788093673.2448177,89,32.322,1065,32
1788093673.295039,89,32.322,1065,32
1788093673.3452,89,32.322,1065,32
1788093673.3954904,89,32.322,1065,32
1788093673.445764,89,32.322,1065,32
1788093673.496327,89,32.322,1065,32
1788093673.5467727,89,32.322,1065,32
1788093673.597071,89,32.322,1065,32
1788093673.647427,88,33.45,802,32
1788093673.697767,88,33.45,802,32
1788093673.7484791,88,33.45,802,32
1788093673.798921,88,33.45,802,32
1788093673.8490734,88,33.45,802,32
1788093673.8995488,88,33.45,802,32
1788093673.9498248,88,33.45,802,32
1788093674.0004084,88,33.45,802,32
1788093674.0507958,88,33.45,802,32
1788093674.1010077,88,33.45,802,32
1788093674.151645,88,32.492,1042,32
1788093674.2020934,88,32.492,1042,32
1788093674.252355,88,32.492,1042,32
1788093674.3027563,88,32.492,1042,32
1788093674.3533475,88,32.492,1042,32
1788093674.4035451,88,32.492,1042,32
1788093674.454165,88,32.492,1042,32
1788093674.5044615,88,32.492,1042,32
1788093674.5548747,88,32.492,1042,32
1788093674.6050394,88,32.492,1042,32
1788093674.655191,88,32.797,832,32
1788093674.705601,88,32.797,832,32
1788093674.7557654,88,32.797,832,32
1788093674.8059247,88,32.797,832,32
1788093674.8561049,88,32.797,832,32
1788093674.9063811,88,32.797,832,32
1788093674.9570034,88,32.797,832,32
1788093675.0072937,88,32.797,832,32
1788093675.057958,88,32.797,832,32
1788093675.1086383,88,32.797,832,32
1788093675.1592298,88,32.894,997,32
1788093675.2098978,88,32.894,997,32
1788093675.2604933,88,32.894,997,32
1788093675.3111,88,32.894,997,32
1788093675.3612647,88,32.894,997,32
1788093675.411633,88,32.894,997,32
1788093675.4622757,88,32.894,997,32
1788093675.5125544,88,32.894,997,32
1788093675.5628207,88,32.894,997,32
1788093675.613138,88,32.894,997,32
1788093675.6635916,88,32.765,922,32
1788093675.7140403,88,32.765,922,32
1788093675.7643456,88,32.765,922,32
1788093675.8145888,88,32.765,922,32
1788093675.8650398,88,32.765,922,32
1788093675.9152324,88,32.765,922,32
1788093675.965487,88,32.765,922,32
1788093676.0158849,88,32.765,922,32
1788093676.0663514,88,32.765,922,32
1788093676.1166184,88,32.765,922,32
1788093676.1672664,88,33.11,1072,32
1788093676.2179108,88,33.11,1072,32
1788093676.2681522,88,33.11,1072,32
1788093676.3185048,88,33.11,1072,32
1788093676.3686802,88,33.11,1072,32
1788093676.4190538,88,33.11,1072,32
1788093676.4695861,88,33.11,1072,32
1788093676.5201304,88,33.11,1072,32
1788093676.5704794,88,33.11,1072,32
1788093676.6208246,88,33.11,1072,32
1788093676.6709824,88,30.756,1207,32
1788093676.7213566,88,30.756,1207,32
1788093676.7716844,88,30.756,1207,32
1788093676.8219383,88,30.756,1207,32
1788093676.8723803,88,30.756,1207,32
1788093676.9229023,88,30.756,1207,32
1788093676.9735255,88,30.756,1207,32
1788093677.0240963,88,30.756,1207,32
1788093677.0746605,88,30.756,1207,32
1788093677.1251385,89,32.77,540,32
1788093677.1756713,89,32.77,540,32
1788093677.2261693,89,32.77,540,32
1788093677.2767642,89,32.77,540,32
1788093677.327036,89,32.77,540,32
1788093677.3775606,89,32.77,540,32
1788093677.4281077,89,32.77,540,32
1788093677.4783897,89,32.77,540,32
1788093677.528791,89,32.77,540,32
1788093677.579245,89,32.77,540,32
1788093677.629648,88,33.222,982,1
1788093677.6798573,88,33.222,982,1
1788093677.73042,88,33.222,982,1
1788093677.7807717,88,33.222,982,1
1788093677.831269,88,33.222,982,1
1788093677.8822553,88,33.222,982,1
1788093677.9328084,88,33.222,982,1
1788093677.9830034,88,33.222,982,1
1788093678.0332518,88,33.222,982,1
1788093678.0835657,88,33.222,982,1
1788093678.1339638,89,31.944,1207,32
1788093678.1842027,89,31.944,1207,32
1788093678.2343624,89,31.944,1207,32
1788093678.2848525,89,31.944,1207,32
1788093678.3351567,89,31.944,1207,32
1788093678.385365,89,31.944,1207,32
1788093678.435751,89,31.944,1207,32
1788093678.4859123,89,31.944,1207,32
1788093678.5364807,89,31.944,1207,32
1788093678.586962,89,31.944,1207,32
1788093678.6376302,89,34.153,742,32
1788093678.688232,89,34.153,742,32
1788093678.7386901,89,34.153,742,32
1788093678.7889655,89,34.153,742,32
1788093678.839567,89,34.153,742,32
1788093678.8898447,89,34.153,742,32
1788093678.9400055,89,34.153,742,32
1788093678.9905703,89,34.153,742,32
1788093679.0407517,89,34.153,742,32
1788093679.091276,89,34.153,742,32
1788093679.1417353,88,33.665,982,32
1788093679.1918826,88,33.665,982,32
1788093679.2422838,88,33.665,982,32
1788093679.2928317,88,33.665,982,32
1788093679.3434885,88,33.665,982,32
1788093679.3939443,88,33.665,982,32
1788093679.4443817,88,33.665,982,32
1788093679.4948595,88,33.665,982,32
1788093679.545266,88,33.665,982,32
1788093679.595917,88,33.665,982,32
1788093679.6462026,88,31.787,945,32
1788093679.696558,88,31.787,945,32
1788093679.747036,88,31.787,945,32
1788093679.797269,88,31.787,945,32
1788093679.8477836,88,31.787,945,32
1788093679.8982348,88,31.787,945,32
1788093679.9485402,88,31.787,945,32
1788093679.9988148,88,31.787,945,32
1788093680.0492086,88,31.787,945,32
1788093680.0997763,88,31.787,945,32
1788093680.150128,88,31.755,937,32
1788093680.200777,88,31.755,937,32
1788093680.2510495,88,31.755,937,32
1788093680.3013632,88,31.755,937,32
1788093680.351868,88,31.755,937,32
1788093680.4023075,88,31.755,937,32
1788093680.4526236,88,31.755,937,32
1788093680.5031314,88,31.755,937,32
1788093680.5536141,88,31.755,937,32
1788093680.6038587,88,31.755,937,32
1788093680.6540358,88,29.938,1237,32
1788093680.704389,88,29.938,1237,32
1788093680.75472,88,29.938,1237,32
1788093680.8049383,88,29.938,1237,32
1788093680.855495,88,29.938,1237,32
1788093680.905697,88,29.938,1237,32
1788093680.9559329,88,29.938,1237,32
1788093681.006367,88,29.938,1237,32
1788093681.0570202,88,29.938,1237,32
1788093681.1073916,88,29.938,1237,32
1788093681.1577122,89,32.615,1237,32
1788093681.2080758,89,32.615,1237,32
1788093681.2585623,89,32.615,1237,32
1788093681.30909,89,32.615,1237,32
1788093681.3594353,89,32.615,1237,32
1788093681.40975,89,32.615,1237,32
1788093681.4600298,89,32.615,1237,32
1788093681.5103858,89,32.615,1237,32
1788093681.5606666,89,32.615,1237,32
1788093681.6111767,89,32.615,1237,32
1788093681.661406,88,35.458,382,32
1788093681.7120633,88,35.458,382,32
1788093681.7624094,88,35.458,382,32
1788093681.8127713,88,35.458,382,32
1788093681.8629682,88,35.458,382,32
1788093681.9133034,88,35.458,382,32
1788093681.963942,88,35.458,382,32
1788093682.0143857,88,35.458,382,32
1788093682.0648773,88,35.458,382,32
1788093682.1154253,88,35.458,382,32
1788093682.1662164,89,33.328,1237,32
1788093682.2168522,89,33.328,1237,32
1788093682.267461,89,33.328,1237,32
1788093682.3180976,89,33.328,1237,32
1788093682.3685644,89,33.328,1237,32
1788093682.418877,89,33.328,1237,32
1788093682.4692142,89,33.328,1237,32
1788093682.5196207,89,33.328,1237,32
1788093682.5701184,89,33.328,1237,32
1788093682.6206255,89,33.328,1237,32
1788093682.671179,89,33.746,712,32
1788093682.7215242,89,33.746,712,32
1788093682.7717626,89,33.746,712,32
1788093682.822386,89,33.746,712,32
1788093682.8726547,89,33.746,712,32
1788093682.922859,89,33.746,712,32
1788093682.9733558,89,33.746,712,32
1788093683.0237691,89,33.746,712,32
1788093683.074451,89,33.746,712,32
1788093683.1248865,88,34.258,585,32
1788093683.1753087,88,34.258,585,32
1788093683.2257967,88,34.258,585,32
1788093683.2760963,88,34.258,585,32
1788093683.32645,88,34.258,585,32
1788093683.3768575,88,34.258,585,32
1788093683.4274411,88,34.258,585,32
1788093683.4777238,88,34.258,585,32
1788093683.5281537,88,34.258,585,32
1788093683.5788155,88,34.258,585,32
1788093683.6290495,88,32.096,787,32
1788093683.6797028,88,32.096,787,32
1788093683.7304983,88,32.096,787,32
1788093683.7810483,88,32.096,787,32
1788093683.8314352,88,32.096,787,32
1788093683.88197,88,32.096,787,32
1788093683.9323184,88,32.096,787,32
1788093683.9825552,88,32.096,787,32
1788093684.0329976,88,32.096,787,32
1788093684.0831976,88,32.096,787,32
1788093684.1338685,89,32.806,1095,32
1788093684.1841419,89,32.806,1095,32
1788093684.2346342,89,32.806,1095,32
1788093684.284954,89,32.806,1095,32
1788093684.335147,89,32.806,1095,32
1788093684.3854427,89,32.806,1095,32
1788093684.4356365,89,32.806,1095,32
1788093684.4861393,89,32.806,1095,32
1788093684.5367415,89,32.806,1095,32
1788093684.5871074,89,32.806,1095,32
1788093684.6379037,89,32.688,1237,32
1788093684.6884778,89,32.688,1237,32
1788093684.7387667,89,32.688,1237,32
1788093684.789159,89,32.688,1237,32
1788093684.8398366,89,32.688,1237,32
1788093684.8903773,89,32.688,1237,32
1788093684.9408722,89,32.688,1237,32
1788093684.9914033,89,32.688,1237,32
1788093685.0420794,89,32.688,1237,32
1788093685.0925562,89,32.688,1237,32
1788093685.1431406,89,33.918,720,32
1788093685.193368,89,33.918,720,32
1788093685.2436724,89,33.918,720,32
1788093685.2940605,89,33.918,720,32
1788093685.344525,89,33.918,720,32
1788093685.3954453,89,33.918,720,32
1788093685.4458666,89,33.918,720,32
1788093685.4962919,89,33.918,720,32
1788093685.5467334,89,33.918,720,32
1788093685.5969357,89,33.918,720,32
1788093685.6474679,88,34.776,892,32
1788093685.6981633,88,34.776,892,32
1788093685.7487357,88,34.776,892,32
1788093685.799198,88,34.776,892,32
1788093685.849467,88,34.776,892,32
1788093685.9000595,88,34.776,892,32
1788093685.950486,88,34.776,892,32
1788093686.00102,88,34.776,892,32
1788093686.051688,88,34.776,892,32
1788093686.102054,88,34.776,892,32
1788093686.1524293,88,32.278,592,32
1788093686.2028573,88,32.278,592,32
1788093686.2535536,88,32.278,592,32
1788093686.3041406,88,32.278,592,32
1788093686.3546185,88,32.278,592,32
1788093686.4052286,88,32.278,592,32
1788093686.4554431,88,32.278,592,32
1788093686.5056796,88,32.278,592,32
1788093686.5562518,88,32.278,592,32
1788093686.606524,88,32.278,592,32
1788093686.6567602,88,31.802,832,32
1788093686.7070124,88,31.802,832,32
1788093686.757227,88,31.802,832,32
1788093686.807815,88,31.802,832,32
1788093686.8580663,88,31.802,832,32
1788093686.9084098,88,31.802,832,32
1788093686.9591167,88,31.802,832,32
1788093687.0093284,88,31.802,832,32
1788093687.0597734,88,31.802,832,32
1788093687.1100042,88,31.802,832,32
1788093687.160523,88,31.757,847,32
1788093687.2107794,88,31.757,847,32
1788093687.2612927,88,31.757,847,32
1788093687.3115182,88,31.757,847,32
1788093687.3619318,88,31.757,847,32
1788093687.4121215,88,31.757,847,32
1788093687.4627855,88,31.757,847,32
1788093687.5131934,88,31.757,847,32
1788093687.5637963,88,31.757,847,32
1788093687.6140254,88,31.757,847,32
1788093687.6644166,89,32.806,1117,32
1788093687.7146668,89,32.806,1117,32
1788093687.764985,89,32.806,1117,32
1788093687.8151965,89,32.806,1117,32
1788093687.8654013,89,32.806,1117,32
1788093687.9157405,89,32.806,1117,32
1788093687.9662342,89,32.806,1117,32
1788093688.0164828,89,32.806,1117,32
1788093688.0672505,89,32.806,1117,32
1788093688.117453,89,32.806,1117,32
1788093688.1677957,89,34.63,1237,32
1788093688.2184055,89,34.63,1237,32
1788093688.268899,89,34.63,1237,32
1788093688.319465,89,34.63,1237,32
1788093688.370054,89,34.63,1237,32
1788093688.4204206,89,34.63,1237,32
1788093688.4705493,89,34.63,1237,32
1788093688.5208356,89,34.63,1237,32
1788093688.5711246,89,34.63,1237,32
1788093688.6217482,89,34.63,1237,32
1788093688.6722176,89,33.286,1065,32
1788093688.7226617,89,33.286,1065,32
1788093688.7729776,89,33.286,1065,32
1788093688.8236036,89,33.286,1065,32
1788093688.8739045,89,33.286,1065,32
1788093688.924467,89,33.286,1065,32
1788093688.9747777,89,33.286,1065,32
1788093689.0251813,89,33.286,1065,32
1788093689.0754104,89,33.286,1065,32
1788093689.125639,88,32.34,667,32
1788093689.176186,88,32.34,667,32
1788093689.226672,88,32.34,667,32
1788093689.277076,88,32.34,667,32
1788093689.3275702,88,32.34,667,32
1788093689.3780932,88,32.34,667,32
1788093689.4283826,88,32.34,667,32
1788093689.4788036,88,32.34,667,32
1788093689.5290446,88,32.34,667,32
1788093689.579206,88,32.34,667,32
1788093689.629615,88,33.356,795,32
1788093689.6803198,88,33.356,795,32
1788093689.7307646,88,33.356,795,32
1788093689.7811005,88,33.356,795,32
1788093689.8312683,88,33.356,795,32
1788093689.8817177,88,33.356,795,32
1788093689.9321404,88,33.356,795,32
1788093689.9824944,88,33.356,795,32
1788093690.0331392,88,33.356,795,32
1788093690.0838304,88,33.356,795,32
1788093690.13414,89,32.418,1132,32
1788093690.1844113,89,32.418,1132,32
1788093690.234837,89,32.418,1132,32
1788093690.2852166,89,32.418,1132,32
1788093690.3356915,89,32.418,1132,32
1788093690.386195,89,32.418,1132,32
1788093690.436692,89,32.418,1132,32
1788093690.4872606,89,32.418,1132,32
1788093690.5376828,89,32.418,1132,32
1788093690.5880334,89,32.418,1132,32
1788093690.638596,89,34.074,1237,32
1788093690.689255,89,34.074,1237,32
1788093690.7398086,89,34.074,1237,32
1788093690.7903893,89,34.074,1237,32
1788093690.840769,89,34.074,1237,32
1788093690.891249,89,34.074,1237,32
1788093690.9416819,89,34.074,1237,32
1788093690.992204,89,34.074,1237,32
1788093691.042332,89,34.074,1237,32
1788093691.0925615,89,34.074,1237,32
1788093691.1429746,89,35.132,1132,32
1788093691.1933901,89,35.132,1132,32
1788093691.2438247,89,35.132,1132,32
1788093691.2940633,89,35.132,1132,32
1788093691.3444464,89,35.132,1132,32
1788093691.3950317,89,35.132,1132,32
1788093691.44558,89,35.132,1132,32
1788093691.4958365,89,35.132,1132,32
1788093691.5460935,89,35.132,1132,32
1788093691.5967355,89,35.132,1132,32
1788093691.6471176,89,34.7,1012,32
1788093691.6976705,89,34.7,1012,32
1788093691.7479062,89,34.7,1012,32
1788093691.798254,89,34.7,1012,32
1788093691.8488512,89,34.7,1012,32
1788093691.8994207,89,34.7,1012,32
1788093691.949969,89,34.7,1012,32
1788093692.0002468,89,34.7,1012,32
1788093692.0504093,89,34.7,1012,32
1788093692.1008048,89,34.7,1012,32
1788093692.1513827,87,31.376,1237,32
1788093692.2016087,87,31.376,1237,32
1788093692.2520208,87,31.376,1237,32
1788093692.3026218,87,31.376,1237,32
1788093692.3531773,87,31.376,1237,32
1788093692.403652,87,31.376,1237,32
1788093692.4540353,87,31.376,1237,32
1788093692.5043194,87,31.376,1237,32
1788093692.5547402,87,31.376,1237,32
1788093692.6054459,87,31.376,1237,32
1788093692.6556742,89,32.311,1237,32
1788093692.70629,89,32.311,1237,32
1788093692.7566977,89,32.311,1237,32
1788093692.8071897,89,32.311,1237,32
1788093692.8577557,89,32.311,1237,32
1788093692.9083147,89,32.311,1237,32
1788093692.9585862,89,32.311,1237,32
1788093693.008921,89,32.311,1237,32
1788093693.0595996,89,32.311,1237,32
1788093693.11015,89,32.311,1237,32
1788093693.1605277,89,33.393,997,32
1788093693.2107625,89,33.393,997,32
1788093693.2612677,89,33.393,997,32
1788093693.311605,89,33.393,997,32
1788093693.362181,89,33.393,997,32
1788093693.412589,89,33.393,997,32
1788093693.4632323,89,33.393,997,32
1788093693.5138912,89,33.393,997,32
1788093693.5646484,89,33.393,997,32
1788093693.6151407,89,33.393,997,32
1788093693.665799,88,33.457,742,32
1788093693.7160711,88,33.457,742,32
1788093693.766747,88,33.457,742,32
1788093693.8172853,88,33.457,742,32
1788093693.8676765,88,33.457,742,32
1788093693.918154,88,33.457,742,32
1788093693.9685888,88,33.457,742,32
1788093694.0189116,88,33.457,742,32
1788093694.069288,88,33.457,742,32
1788093694.1198826,88,33.457,742,32
1788093694.170279,88,32.431,862,32
1788093694.220477,88,32.431,862,32
1788093694.2709086,88,32.431,862,32
1788093694.3214371,88,32.431,862,32
1788093694.3719566,88,32.431,862,32
1788093694.4222355,88,32.431,862,32
1788093694.4726713,88,32.431,862,32
1788093694.523261,88,32.431,862,32
1788093694.5737286,88,32.431,862,32
1788093694.624195,88,32.502,892,32
1788093694.674751,88,32.502,892,32
1788093694.7249856,88,32.502,892,32
1788093694.7755537,88,32.502,892,32
1788093694.8257751,88,32.502,892,32
1788093694.875971,88,32.502,892,32
1788093694.9265816,88,32.502,892,32
1788093694.97708,88,32.502,892,32
1788093695.0273652,88,32.502,892,32
1788093695.077804,88,32.502,892,32
1788093695.1284606,88,32.441,982,32
1788093695.1786964,88,32.441,982,32
1788093695.2290263,88,32.441,982,32
1788093695.2794073,88,32.441,982,32
1788093695.3298995,88,32.441,982,32
1788093695.3801568,88,32.441,982,32
1788093695.430735,88,32.441,982,32
1788093695.4810445,88,32.441,982,32
1788093695.5312157,88,32.441,982,32
1788093695.5816126,88,32.441,982,32
1788093695.6321242,88,32.465,735,32
1788093695.682493,88,32.465,735,32
1788093695.7327309,88,32.465,735,32
1788093695.7832189,88,32.465,735,32
1788093695.8336549,88,32.465,735,32
1788093695.8841014,88,32.465,735,32
1788093695.9342978,88,32.465,735,32
1788093695.98497,88,32.465,735,32
1788093696.0354574,88,32.465,735,32
1788093696.0859313,88,32.465,735,32
1788093696.1364274,88,29.98,1237,32
1788093696.1870875,88,29.98,1237,32
1788093696.2377703,88,29.98,1237,32
1788093696.2882035,88,29.98,1237,32
1788093696.338753,88,29.98,1237,32
1788093696.38901,88,29.98,1237,32
1788093696.4394655,88,29.98,1237,32
1788093696.489771,88,29.98,1237,32
1788093696.5402853,88,29.98,1237,32
1788093696.5905328,88,29.98,1237,32
1788093696.6409185,89,32.473,1117,32
1788093696.691284,89,32.473,1117,32
1788093696.7419114,89,32.473,1117,32
1788093696.7923553,89,32.473,1117,32
1788093696.842918,89,32.473,1117,32
1788093696.8934417,89,32.473,1117,32
1788093696.9437263,89,32.473,1117,32
1788093696.994529,89,32.473,1117,32
1788093697.0447342,89,32.473,1117,32
1788093697.0954194,89,32.473,1117,32
1788093697.145895,88,33.969,825,32
1788093697.1962633,88,33.969,825,32
1788093697.2465074,88,33.969,825,32
1788093697.2971213,88,33.969,825,32
1788093697.3474197,88,33.969,825,32
1788093697.3980308,88,33.969,825,32
1788093697.4484956,88,33.969,825,32
1788093697.498998,88,33.969,825,32
1788093697.5493355,88,33.969,825,32
1788093697.5999658,88,33.969,825,32
1788093697.650702,89,33.507,240,32
1788093697.7010305,89,33.507,240,32
1788093697.7513707,89,33.507,240,32
1788093697.8019257,89,33.507,240,32
1788093697.852294,89,33.507,240,32
1788093697.902751,89,33.507,240,32
1788093697.952978,89,33.507,240,32
1788093698.0034106,89,33.507,240,32
1788093698.0537236,89,33.507,240,32
1788093698.1042829,89,33.507,240,32
1788093698.1548648,88,32.774,892,32
1788093698.2053387,88,32.774,892,32
1788093698.2556584,88,32.774,892,32
1788093698.3060899,88,32.774,892,32
1788093698.3565352,88,32.774,892,32
1788093698.4068954,88,32.774,892,32
1788093698.457378,88,32.774,892,32
1788093698.5078115,88,32.774,892,32
1788093698.5582361,88,32.774,892,32
1788093698.6085858,88,32.774,892,32
1788093698.6592784,88,32.12,937,32
1788093698.7097394,88,32.12,937,32
1788093698.7598858,88,32.12,937,32
1788093698.8102167,88,32.12,937,32
1788093698.8604279,88,32.12,937,32
1788093698.9110048,88,32.12,937,32
1788093698.9615571,88,32.12,937,32
1788093699.0118427,88,32.12,937,32
1788093699.0620956,88,32.12,937,32
1788093699.1124802,88,32.12,937,32
1788093699.1629755,88,32.585,915,32
1788093699.2135413,88,32.585,915,32
1788093699.2638493,88,32.585,915,32
1788093699.314383,88,32.585,915,32
1788093699.3647351,88,32.585,915,32
1788093699.4152005,88,32.585,915,32
1788093699.4657955,88,32.585,915,32
1788093699.5164843,88,32.585,915,32
1788093699.5668201,88,32.585,915,32
1788093699.617175,88,32.585,915,32
1788093699.6674995,88,32.776,982,32
1788093699.7176642,88,32.776,982,32
1788093699.7678604,88,32.776,982,32
1788093699.8185978,88,32.776,982,32
1788093699.8689642,88,32.776,982,32
1788093699.9193437,88,32.776,982,32
1788093699.9695606,88,32.776,982,32
1788093700.0201428,88,32.776,982,32
1788093700.070677,88,32.776,982,32
1788093700.1212156,88,32.776,982,32
1788093700.1715233,87,30.028,1237,32
1788093700.221886,87,30.028,1237,32
1788093700.2723143,87,30.028,1237,32
1788093700.3228352,87,30.028,1237,32
1788093700.3731403,87,30.028,1237,32
1788093700.423349,87,30.028,1237,32
1788093700.473663,87,30.028,1237,32
1788093700.5241432,87,30.028,1237,32
1788093700.5744002,87,30.028,1237,32
1788093700.6246564,89,32.075,742,32
1788093700.6752503,89,32.075,742,32
1788093700.7257137,89,32.075,742,32
1788093700.7763977,89,32.075,742,32
1788093700.8266554,89,32.075,742,32
1788093700.8770015,89,32.075,742,32
1788093700.9276514,89,32.075,742,32
1788093700.9779508,89,32.075,742,32
1788093701.0283873,89,32.075,742,32
1788093701.078824,89,32.075,742,32
1788093701.12938,88,32.556,937,32
1788093701.1796892,88,32.556,937,32
1788093701.2300346,88,32.556,937,32
1788093701.2805576,88,32.556,937,32
1788093701.3308957,88,32.556,937,32
1788093701.3813927,88,32.556,937,32
1788093701.432062,88,32.556,937,32
1788093701.4827015,88,32.556,937,32
1788093701.5328965,88,32.556,937,32
1788093701.5834339,88,32.556,937,32
1788093701.634111,88,31.882,1207,32
1788093701.684685,88,31.882,1207,32
1788093701.7353034,88,31.882,1207,32
1788093701.786127,88,31.882,1207,32
1788093701.8363855,88,31.882,1207,32
1788093701.8865469,88,31.882,1207,32
1788093701.9369066,88,31.882,1207,32
1788093701.9872513,88,31.882,1207,32
1788093702.0378282,88,31.882,1207,32
1788093702.0885243,88,31.882,1207,32
1788093702.139034,88,32.52,1185,32
1788093702.1893523,88,32.52,1185,32
1788093702.2396982,88,32.52,1185,32
1788093702.2902114,88,32.52,1185,32
1788093702.340838,88,32.52,1185,32
1788093702.3910253,88,32.52,1185,32
1788093702.4415998,88,32.52,1185,32
1788093702.4919791,88,32.52,1185,32
1788093702.542304,88,32.52,1185,32
1788093702.592929,88,32.52,1185,32
1788093702.6436048,88,32.663,1027,32
1788093702.6943498,88,32.663,1027,32
1788093702.7449014,88,32.663,1027,32
1788093702.7953367,88,32.663,1027,32
1788093702.845839,88,32.663,1027,32
1788093702.8964012,88,32.663,1027,32
1788093702.9469438,88,32.663,1027,32
1788093702.9971955,88,32.663,1027,32
1788093703.047888,88,32.663,1027,32
1788093703.098523,88,32.663,1027,32
1788093703.148878,88,32.758,952,32
1788093703.1991227,88,32.758,952,32
1788093703.2496097,88,32.758,952,32
1788093703.3002143,88,32.758,952,32
1788093703.3508265,88,32.758,952,32
1788093703.4010746,88,32.758,952,32
1788093703.4518323,88,32.758,952,32
1788093703.5022597,88,32.758,952,32
1788093703.552744,88,32.758,952,32
1788093703.6033864,88,32.758,952,32
1788093703.6540568,88,32.891,1065,32
1788093703.704528,88,32.891,1065,32
1788093703.7550676,88,32.891,1065,32
1788093703.805239,88,32.891,1065,32
1788093703.8555605,88,32.891,1065,32
1788093703.9057791,88,32.891,1065,32
1788093703.9561205,88,32.891,1065,32
1788093704.0064685,88,32.891,1065,32
1788093704.056722,88,32.891,1065,32
1788093704.1068614,88,32.891,1065,32
1788093704.1571486,88,31.067,1237,32
1788093704.207396,88,31.067,1237,32
1788093704.257726,88,31.067,1237,32
1788093704.308056,88,31.067,1237,32
1788093704.358637,88,31.067,1237,32
1788093704.4090211,88,31.067,1237,32
1788093704.459504,88,31.067,1237,32
1788093704.5100737,88,31.067,1237,32
1788093704.560705,88,31.067,1237,32
1788093704.6112926,88,31.067,1237,32
1788093704.6616743,89,33.154,742,32
1788093704.7119954,89,33.154,742,32
1788093704.7623699,89,33.154,742,32
1788093704.8128178,89,33.154,742,32
1788093704.863164,89,33.154,742,32
1788093704.9134052,89,33.154,742,32
1788093704.9639678,89,33.154,742,32
1788093705.014533,89,33.154,742,32
1788093705.065147,89,33.154,742,32
1788093705.115412,89,33.154,742,32
1788093705.1658802,88,33.968,577,32
1788093705.2162113,88,33.968,577,32
1788093705.266752,88,33.968,577,32
1788093705.31729,88,33.968,577,32
1788093705.3677793,88,33.968,577,32
1788093705.4182146,88,33.968,577,32
1788093705.4688535,88,33.968,577,32
1788093705.5190306,88,33.968,577,32
1788093705.5697796,88,33.968,577,32
1788093705.6201124,88,33.968,577,32
1788093705.6703417,88,31.688,1065,32
1788093705.720604,88,31.688,1065,32
1788093705.7710316,88,31.688,1065,32
1788093705.821317,88,31.688,1065,32
1788093705.8719513,88,31.688,1065,32
1788093705.9224646,88,31.688,1065,32
1788093705.972967,88,31.688,1065,32
1788093706.0234442,88,31.688,1065,32
1788093706.0740092,88,31.688,1065,32
1788093706.1242547,88,33.074,1042,32
1788093706.174853,89,33.074,1042,32
1788093706.2255332,89,33.074,1042,32
1788093706.2759051,89,33.074,1042,32
1788093706.3265266,89,33.074,1042,32
1788093706.3767598,89,33.074,1042,32
1788093706.4273462,89,33.074,1042,32
1788093706.4776387,89,33.074,1042,32
1788093706.528234,89,33.074,1042,32
1788093706.5786264,89,33.074,1042,32
1788093706.6290615,89,34.795,1080,32
1788093706.679361,89,34.795,1080,32
1788093706.7295055,89,34.795,1080,32
1788093706.7798398,89,34.795,1080,32
1788093706.8300595,89,34.795,1080,32
1788093706.8805842,89,34.795,1080,32
1788093706.930913,89,34.795,1080,32
1788093706.981516,89,34.795,1080,32
1788093707.031994,89,34.795,1080,32
1788093707.0823617,89,34.795,1080,32
1788093707.1330538,89,34.772,1140,32
1788093707.1832912,89,34.772,1140,32
1788093707.2339318,89,34.772,1140,32
1788093707.2843227,89,34.772,1140,32
1788093707.3344975,89,34.772,1140,32
1788093707.3850253,89,34.772,1140,32
1788093707.4354503,89,34.772,1140,32
1788093707.4861014,89,34.772,1140,32
1788093707.5367126,89,34.772,1140,32
1788093707.5870466,89,34.772,1140,32
1788093707.6375499,89,34.844,1237,32
1788093707.687959,89,34.844,1237,32
1788093707.7382593,89,34.844,1237,32
1788093707.788845,89,34.844,1237,32
1788093707.8392444,89,34.844,1237,32
1788093707.8896801,89,34.844,1237,32
1788093707.9399588,89,34.844,1237,32
1788093707.9905355,89,34.844,1237,32
1788093708.040992,89,34.844,1237,32
1788093708.0916467,89,34.844,1237,32
1788093708.1421778,89,32.372,1222,32
1788093708.1925585,89,32.372,1222,32
1788093708.2429583,89,32.372,1222,32
1788093708.293466,89,32.372,1222,32
1788093708.3440266,89,32.372,1222,32
1788093708.3942888,89,32.372,1222,32
1788093708.4447782,89,32.372,1222,32
1788093708.4952018,89,32.372,1222,32
1788093708.545537,89,32.372,1222,32
1788093708.5961773,89,32.372,1222,32
1788093708.6465166,88,31.643,742,32
1788093708.6968942,88,31.643,742,32
1788093708.7471857,88,31.643,742,32
1788093708.7973533,88,31.643,742,32
1788093708.8479822,88,31.643,742,32
1788093708.8983169,88,31.643,742,32
1788093708.9484477,88,31.643,742,32
1788093708.998667,88,31.643,742,32
1788093709.049441,88,31.643,742,32
1788093709.0998728,88,31.643,742,32
1788093709.1501186,88,32.989,1140,32
1788093709.2003777,88,32.989,1140,32
1788093709.2506933,88,32.989,1140,32
1788093709.301142,88,32.989,1140,32
1788093709.3513937,88,32.989,1140,32
1788093709.4019725,88,32.989,1140,32
1788093709.452654,88,32.989,1140,32
1788093709.5030212,88,32.989,1140,32
1788093709.5535967,88,32.989,1140,32
1788093709.6041257,88,32.989,1140,32
1788093709.6543977,89,33.342,1192,32
1788093709.704878,89,33.342,1192,32
1788093709.7552662,89,33.342,1192,32
1788093709.8056107,89,33.342,1192,32
1788093709.8560941,89,33.342,1192,32
1788093709.9065247,89,33.342,1192,32
1788093709.9569483,89,33.342,1192,32
1788093710.0071573,89,33.342,1192,32
1788093710.0576346,89,33.342,1192,32
1788093710.1081493,89,33.342,1192,32
1788093710.1586185,89,35.06,1117,32
1788093710.2090302,89,35.06,1117,32
1788093710.2595735,89,35.06,1117,32
1788093710.3102763,89,35.06,1117,32
1788093710.3606405,89,35.06,1117,32
1788093710.4109714,89,35.06,1117,32
1788093710.461241,89,35.06,1117,32
1788093710.511641,89,35.06,1117,32
1788093710.5618505,89,35.06,1117,32
1788093710.612401,89,35.06,1117,32
1788093710.6629946,89,34.627,997,32
1788093710.7131832,89,34.627,997,32
1788093710.7636864,89,34.627,997,32
1788093710.8142583,89,34.627,997,32
1788093710.8646505,89,34.627,997,32
1788093710.9152331,89,34.627,997,32
1788093710.96557,89,34.627,997,32
1788093711.0159318,89,34.627,997,32
1788093711.0662308,89,34.627,997,32
1788093711.1169412,89,34.627,997,32
1788093711.1676776,89,34.2,1117,32
1788093711.2181282,89,34.2,1117,32
1788093711.2687712,89,34.2,1117,32
1788093711.3192573,89,34.2,1117,32
1788093711.3694534,89,34.2,1117,32
1788093711.4197726,89,34.2,1117,32
1788093711.4700508,89,34.2,1117,32
1788093711.5206604,89,34.2,1117,32
1788093711.5711937,89,34.2,1117,32
1788093711.6216874,89,34.2,1117,32
1788093711.6722462,88,31.435,1237,32
1788093711.7227304,88,31.435,1237,32
1788093711.7730782,88,31.435,1237,32
1788093711.8236892,88,31.435,1237,32
1788093711.8739457,88,31.435,1237,32
1788093711.9245195,88,31.435,1237,32
1788093711.9748828,88,31.435,1237,32
1788093712.0255296,88,31.435,1237,32
1788093712.0760999,88,31.435,1237,32
1788093712.1264796,88,32.063,390,32
1788093712.1769803,88,32.063,390,32
1788093712.2277172,88,32.063,390,32
1788093712.2781608,88,32.063,390,32
1788093712.3284774,88,32.063,390,32
1788093712.3789494,88,32.063,390,32
1788093712.4293325,88,32.063,390,32
1788093712.4797301,88,32.063,390,32
1788093712.5303826,88,32.063,390,32
1788093712.5806525,88,32.063,390,32
1788093712.6311944,88,31.302,960,32
1788093712.681509,88,31.302,960,32
1788093712.7319977,88,31.302,960,32
1788093712.7822695,88,31.302,960,32
1788093712.832427,88,31.302,960,32
1788093712.882577,88,31.302,960,32
1788093712.9330857,88,31.302,960,32
1788093712.9833176,88,31.302,960,32
1788093713.0336955,88,31.302,960,32
1788093713.0841029,88,31.302,960,32
1788093713.1345322,89,31.163,1065,32
1788093713.1847506,89,31.163,1065,32
1788093713.23542,89,31.163,1065,32
1788093713.2858226,89,31.163,1065,32
1788093713.336129,89,31.163,1065,32
1788093713.386626,89,31.163,1065,32
1788093713.4372625,89,31.163,1065,32
1788093713.487671,89,31.163,1065,32
1788093713.5382066,89,31.163,1065,32
1788093713.5885367,89,31.163,1065,32
1788093713.638721,89,33.309,997,32
1788093713.6892054,89,33.309,997,32
1788093713.7394626,89,33.309,997,32
1788093713.7898533,89,33.309,997,32
1788093713.8402948,89,33.309,997,32
1788093713.8908346,89,33.309,997,32
1788093713.9411988,89,33.309,997,32
1788093713.9916062,89,33.309,997,32
1788093714.0420778,89,33.309,997,32
1788093714.0927088,89,33.309,997,32
1788093714.1432676,89,33.905,1102,32
1788093714.1935446,89,33.905,1102,32
1788093714.243833,89,33.905,1102,32
1788093714.2941034,89,33.905,1102,32
1788093714.3445513,89,33.905,1102,32
1788093714.3949766,89,33.905,1102,32
1788093714.4454606,89,33.905,1102,32
1788093714.4957032,89,33.905,1102,32
1788093714.5458734,89,33.905,1102,32
1788093714.5962062,89,33.905,1102,32
1788093714.6468043,89,33.648,997,32
1788093714.6972213,89,33.648,997,32
1788093714.7478447,89,33.648,997,32
1788093714.7982044,89,33.648,997,32
1788093714.848541,89,33.648,997,32
1788093714.8990073,89,33.648,997,32
1788093714.9493368,89,33.648,997,32
1788093714.9996974,89,33.648,997,32
1788093715.049867,89,33.648,997,32
1788093715.1001384,89,33.648,997,32
1788093715.150629,89,33.437,1065,32
1788093715.2011158,89,33.437,1065,32
1788093715.251571,89,33.437,1065,32
1788093715.3019583,89,33.437,1065,32
1788093715.352355,89,33.437,1065,32
1788093715.403051,89,33.437,1065,32
1788093715.4536777,89,33.437,1065,32
1788093715.5042915,89,33.437,1065,32
1788093715.5547714,89,33.437,1065,32
1788093715.6052747,89,33.437,1065,32
1788093715.6559134,88,30.476,1237,32
1788093715.7063758,88,30.476,1237,32
1788093715.7566528,88,30.476,1237,32
1788093715.8069625,88,30.476,1237,32
1788093715.857203,88,30.476,1237,32
1788093715.907885,88,30.476,1237,32
1788093715.95842,88,30.476,1237,32
1788093716.008667,88,30.476,1237,32
1788093716.059029,88,30.476,1237,32
1788093716.1096768,88,30.476,1237,32
1788093716.1601543,89,32.187,802,32
1788093716.2107732,89,32.187,802,32
1788093716.2611568,89,32.187,802,32
1788093716.3117046,89,32.187,802,32
1788093716.362038,89,32.187,802,32
1788093716.4123373,89,32.187,802,32
1788093716.4627838,89,32.187,802,32
1788093716.513451,89,32.187,802,32
1788093716.5641398,89,32.187,802,32
1788093716.6146011,89,32.187,802,32
1788093716.6648297,88,34.764,922,32
1788093716.715493,88,34.764,922,32
1788093716.7658727,88,34.764,922,32
1788093716.8163593,88,34.764,922,32
1788093716.8670366,88,34.764,922,32
1788093716.9177175,88,34.764,922,32
1788093716.967992,88,34.764,922,32
1788093717.0181994,88,34.764,922,32
1788093717.0688803,88,34.764,922,32
1788093717.1193826,88,34.764,922,32
1788093717.1700082,88,32.326,982,32
1788093717.2202394,88,32.326,982,32
1788093717.2704349,88,32.326,982,32
1788093717.3207734,88,32.326,982,32
1788093717.3711972,88,32.326,982,32
1788093717.4215922,88,32.326,982,32
1788093717.4721591,88,32.326,982,32
1788093717.5224578,88,32.326,982,32
1788093717.5727518,88,32.326,982,32
1788093717.6228812,88,32.326,982,32
1788093717.6731086,88,32.343,727,32
1788093717.72374,88,32.343,727,32
1788093717.7740567,88,32.343,727,32
1788093717.8245888,88,32.343,727,32
1788093717.8749087,88,32.343,727,32
1788093717.925216,88,32.343,727,32
1788093717.9757047,88,32.343,727,32
1788093718.0261185,88,32.343,727,32
1788093718.0763817,88,32.343,727,32
1788093718.1268373,88,32.367,907,32
1788093718.1773922,88,32.367,907,32
1788093718.2277875,88,32.367,907,32
1788093718.2781,88,32.367,907,32
1788093718.3284557,88,32.367,907,32
1788093718.3790092,88,32.367,907,32
1788093718.4293177,88,32.367,907,32
1788093718.4803317,88,32.367,907,32
1788093718.5307276,88,32.367,907,32
1788093718.5809443,88,32.367,907,32
1788093718.63123,88,32.157,990,32
1788093718.6817942,88,32.157,990,32
1788093718.7321272,88,32.157,990,32
1788093718.7826595,88,32.157,990,32
1788093718.8330255,88,32.157,990,32
1788093718.8832345,88,32.157,990,32
1788093718.9335716,88,32.157,990,32
1788093718.9837935,88,32.157,990,32
1788093719.0341241,88,32.157,990,32
1788093719.0842752,88,32.157,990,32
1788093719.1345005,88,32.37,742,32
1788093719.1847668,88,32.37,742,32
1788093719.2354362,88,32.37,742,32
1788093719.2859235,88,32.37,742,32
1788093719.3361275,88,32.37,742,32
1788093719.3863554,88,32.37,742,32
1788093719.4371588,88,32.37,742,32
1788093719.4873366,88,32.37,742,32
1788093719.5376806,88,32.37,742,32
1788093719.5883346,88,32.37,742,32
1788093719.638669,88,30.514,1162,32
1788093719.6890757,88,30.514,1162,32
1788093719.7392743,88,30.514,1162,32
1788093719.7899842,88,30.514,1162,32
1788093719.8405337,88,30.514,1162,32
1788093719.8908541,88,30.514,1162,32
1788093719.9414353,88,30.514,1162,32
1788093719.9917774,88,30.514,1162,32
1788093720.0424154,88,30.514,1162,32
1788093720.0926712,88,30.514,1162,32
1788093720.1433764,89,32.016,322,32
1788093720.193909,89,32.016,322,32
1788093720.244192,89,32.016,322,32
1788093720.2943437,89,32.016,322,32
1788093720.344528,89,32.016,322,32
1788093720.3948069,89,32.016,322,32
1788093720.44506,89,32.016,322,32
1788093720.4956496,89,32.016,322,32
1788093720.5460885,89,32.016,322,32
1788093720.596483,89,32.016,322,32
1788093720.6467955,88,33.552,975,32
1788093720.6975117,88,33.552,975,32
1788093720.7477684,88,33.552,975,32
1788093720.7982328,88,33.552,975,32
1788093720.8489287,88,33.552,975,32
1788093720.89913,88,33.552,975,32
1788093720.949412,88,33.552,975,32
1788093720.9997075,88,33.552,975,32
1788093721.0501106,88,33.552,975,32
1788093721.1003914,88,33.552,975,32
1788093721.1506462,88,31.846,1012,32
1788093721.201225,88,31.846,1012,32
1788093721.251463,88,31.846,1012,32
1788093721.3018773,88,31.846,1012,32
1788093721.3525069,88,31.846,1012,32
1788093721.402712,88,31.846,1012,32
1788093721.4532266,88,31.846,1012,32
1788093721.5038035,88,31.846,1012,32
1788093721.5544202,88,31.846,1012,32
1788093721.6048088,88,31.846,1012,32
1788093721.6552587,88,32.727,945,32
1788093721.7057533,88,32.727,945,32
1788093721.7561805,88,32.727,945,32
1788093721.8067524,88,32.727,945,32
1788093721.8572912,88,32.727,945,32
1788093721.907829,88,32.727,945,32
1788093721.95824,88,32.727,945,32
1788093722.00852,88,32.727,945,32
1788093722.0586967,88,32.727,945,32
1788093722.109256,88,32.727,945,32
1788093722.159482,88,32.79,802,32
1788093722.2099023,88,32.79,802,32
1788093722.2603762,88,32.79,802,32
1788093722.310796,88,32.79,802,32
1788093722.3613708,88,32.79,802,32
1788093722.411784,88,32.79,802,32
1788093722.462097,88,32.79,802,32
1788093722.512375,88,32.79,802,32
1788093722.5628037,88,32.79,802,32
1788093722.6133249,88,32.79,802,32
1788093722.6634955,88,32.643,862,32
1788093722.7141354,88,32.643,862,32
1788093722.7644064,88,32.643,862,32
1788093722.8146586,88,32.643,862,32
1788093722.8649685,88,32.643,862,32
1788093722.9152074,88,32.643,862,32
1788093722.9657795,88,32.643,862,32
1788093723.0163443,88,32.643,862,32
1788093723.0665798,88,32.643,862,32
1788093723.1171937,88,32.643,862,32
1788093723.1678061,88,32.639,1042,32
1788093723.2184336,88,32.639,1042,32
1788093723.2687054,88,32.639,1042,32
1788093723.3188982,88,32.639,1042,32
1788093723.3691313,88,32.639,1042,32
1788093723.4194255,88,32.639,1042,32
1788093723.4699082,88,32.639,1042,32
1788093723.5205624,88,32.639,1042,32
1788093723.5712965,88,32.639,1042,32
1788093723.621565,88,32.639,1042,32
1788093723.6717293,88,31.339,1237,32
1788093723.7223172,88,31.339,1237,32
1788093723.772688,88,31.339,1237,32
1788093723.8229787,88,31.339,1237,32
1788093723.873212,88,31.339,1237,32
1788093723.923457,88,31.339,1237,32
1788093723.973966,88,31.339,1237,32
1788093724.0242028,88,31.339,1237,32
1788093724.0745854,88,31.339,1237,32
1788093724.1249146,88,31.339,1237,32
1788093724.1753073,89,32.854,1020,32
1788093724.225968,89,32.854,1020,32
1788093724.276437,89,32.854,1020,32
1788093724.3268864,89,32.854,1020,32
1788093724.3772569,89,32.854,1020,32
1788093724.427712,89,32.854,1020,32
1788093724.4783168,89,32.854,1020,32
1788093724.5285733,89,32.854,1020,32
1788093724.5790892,89,32.854,1020,32
1788093724.6296995,89,35.456,1185,32
1788093724.6803432,89,35.456,1185,32
1788093724.730919,89,35.456,1185,32
1788093724.7816074,89,35.456,1185,32
1788093724.8319855,89,35.456,1185,32
1788093724.8824599,89,35.456,1185,32
1788093724.9329662,89,35.456,1185,32
1788093724.9833827,89,35.456,1185,32
1788093725.033736,89,35.456,1185,32
1788093725.084233,89,35.456,1185,32
1788093725.134679,89,34.465,1140,32
1788093725.1850007,89,34.465,1140,32
1788093725.235595,89,34.465,1140,32
1788093725.285747,89,34.465,1140,32
1788093725.3364022,89,34.465,1140,32
1788093725.3866088,89,34.465,1140,32
1788093725.4372113,89,34.465,1140,32
1788093725.4875574,89,34.465,1140,32
1788093725.5381656,89,34.465,1140,32
1788093725.588682,89,34.465,1140,32
1788093725.6391773,89,34.369,1020,32
1788093725.6895866,89,34.369,1020,32
1788093725.7397673,89,34.369,1020,32
1788093725.7900443,89,34.369,1020,32
1788093725.8405688,89,34.369,1020,32
1788093725.8911517,89,34.369,1020,32
1788093725.941827,89,34.369,1020,32
1788093725.9921885,89,34.369,1020,32
1788093726.0423882,89,34.369,1020,32
1788093726.0928092,89,34.369,1020,32
1788093726.143113,89,34.052,997,32
1788093726.193638,89,34.052,997,32
1788093726.2443926,89,34.052,997,32
1788093726.2950244,89,34.052,997,32
1788093726.3453286,89,34.052,997,32
1788093726.3956544,89,34.052,997,32
1788093726.4460363,89,34.052,997,32
1788093726.4966092,89,34.052,997,32
1788093726.5472288,89,34.052,997,32
1788093726.5978909,89,34.052,997,32
1788093726.648547,89,33.939,1192,32
1788093726.699248,89,33.939,1192,32
1788093726.7496104,89,33.939,1192,32
1788093726.8000798,89,33.939,1192,32
1788093726.850516,89,33.939,1192,32
1788093726.9009242,89,33.939,1192,32
1788093726.9512205,89,33.939,1192,32
1788093727.0018106,89,33.939,1192,32
1788093727.0521855,89,33.939,1192,32
1788093727.1024244,89,33.939,1192,32
1788093727.1529572,87,30.744,1237,32
1788093727.203523,87,30.744,1237,32
1788093727.2541718,87,30.744,1237,32
1788093727.3046033,87,30.744,1237,32
1788093727.355089,87,30.744,1237,32
1788093727.4053016,87,30.744,1237,32
1788093727.4558418,87,30.744,1237,32
1788093727.50602,87,30.744,1237,32
1788093727.5562387,87,30.744,1237,32
1788093727.6067288,87,30.744,1237,32
1788093727.6571465,89,31.965,1222,32
1788093727.7074575,89,31.965,1222,32
1788093727.7580836,89,31.965,1222,32
1788093727.808446,89,31.965,1222,32
1788093727.8590615,89,31.965,1222,32
1788093727.9092293,89,31.965,1222,32
1788093727.9598408,89,31.965,1222,32
1788093728.0102994,89,31.965,1222,32
1788093728.06094,89,31.965,1222,32
1788093728.111562,89,31.965,1222,32
1788093728.1621048,88,34.431,907,32
1788093728.2126012,88,34.431,907,32
1788093728.2631269,88,34.431,907,32
1788093728.3137436,88,34.431,907,32
1788093728.3644307,88,34.431,907,32
1788093728.415083,88,34.431,907,32
1788093728.4652872,88,34.431,907,32
1788093728.5155468,88,34.431,907,32
1788093728.566016,88,34.431,907,32
1788093728.6165862,88,34.431,907,32
1788093728.6667178,88,32.333,825,32
1788093728.7171133,88,32.333,825,32
1788093728.7675903,88,32.333,825,32
1788093728.8180814,88,32.333,825,32
1788093728.8685486,88,32.333,825,32
1788093728.9187486,88,32.333,825,32
1788093728.9689953,88,32.333,825,32
1788093729.0193226,88,32.333,825,32
1788093729.0696914,88,32.333,825,32
1788093729.120022,88,32.333,825,32
1788093729.1701999,88,32.0,847,32
1788093729.2204819,88,32.0,847,32
1788093729.2709358,88,32.0,847,32
1788093729.321564,88,32.0,847,32
1788093729.3720205,88,32.0,847,32
1788093729.4223208,88,32.0,847,32
1788093729.472937,88,32.0,847,32
1788093729.5235338,88,32.0,847,32
1788093729.5741522,88,32.0,847,32
1788093729.6247818,88,32.0,847,32
1788093729.674952,88,31.939,795,32
1788093729.7253764,88,31.939,795,32
1788093729.7755482,88,31.939,795,32
1788093729.8261106,88,31.939,795,32
1788093729.8765516,88,31.939,795,32
1788093729.927112,88,31.939,795,32
1788093729.9773688,88,31.939,795,32
1788093730.02801,88,31.939,795,32
1788093730.078147,88,31.939,795,32
1788093730.128463,89,33.56,1222,32
1788093730.178672,89,33.56,1222,32
1788093730.2293243,89,33.56,1222,32
1788093730.2799406,89,33.56,1222,32
1788093730.3303282,89,33.56,1222,32
1788093730.3807244,89,33.56,1222,32
1788093730.4313524,89,33.56,1222,32
1788093730.481719,89,33.56,1222,32
1788093730.532312,89,33.56,1222,32
1788093730.58253,89,33.56,1222,32
1788093730.632902,88,33.33,232,32
1788093730.6833956,88,33.33,232,32
1788093730.7337005,88,33.33,232,32
1788093730.7841477,88,33.33,232,32
1788093730.834591,88,33.33,232,32
1788093730.8851762,88,33.33,232,32
1788093730.9355123,88,33.33,232,32
1788093730.985732,88,33.33,232,32
1788093731.0363076,88,33.33,232,32
1788093731.0865288,88,33.33,232,32
1788093731.1368897,87,30.197,1305,1
1788093731.1872046,87,30.197,1305,1
1788093731.2374525,87,30.197,1305,1
1788093731.2880907,87,30.197,1305,1
1788093731.3387587,87,30.197,1305,1
1788093731.389447,87,30.197,1305,1
1788093731.4400072,87,30.197,1305,1
1788093731.4903638,87,30.197,1305,1
1788093731.5408437,87,30.197,1305,1
1788093731.5914536,87,30.197,1305,1
1788093731.6420631,89,31.554,1057,32
1788093731.6926231,89,31.554,1057,32
1788093731.7430105,89,31.554,1057,32
1788093731.7935708,89,31.554,1057,32
1788093731.843748,89,31.554,1057,32
1788093731.8944814,89,31.554,1057,32
1788093731.9449813,89,31.554,1057,32
1788093731.9952698,89,31.554,1057,32
1788093732.0454943,89,31.554,1057,32
1788093732.0962,89,31.554,1057,32
1788093732.1466258,88,32.55,442,32
1788093732.1969154,88,32.55,442,32
1788093732.2471504,88,32.55,442,32
1788093732.2975116,88,32.55,442,32
1788093732.3479002,88,32.55,442,32
1788093732.3980856,88,32.55,442,32
1788093732.4484713,88,32.55,442,32
1788093732.4987695,88,32.55,442,32
1788093732.5490825,88,32.55,442,32
1788093732.5993361,88,32.55,442,32
1788093732.64969,88,32.297,1072,32
1788093732.7000914,88,32.297,1072,32
1788093732.7506552,88,32.297,1072,32
1788093732.8011835,88,32.297,1072,32
1788093732.8516772,88,32.297,1072,32
1788093732.902241,88,32.297,1072,32
1788093732.9525397,88,32.297,1072,32
1788093733.0028372,88,32.297,1072,32
1788093733.0531225,88,32.297,1072,32
1788093733.1036453,88,32.297,1072,32
1788093733.1543148,89,33.177,1102,32
1788093733.2045436,89,33.177,1102,32
1788093733.2548068,89,33.177,1102,32
1788093733.3055716,89,33.177,1102,32
1788093733.3559215,89,33.177,1102,32
1788093733.4060545,89,33.177,1102,32
1788093733.456493,89,33.177,1102,32
1788093733.507102,89,33.177,1102,32
1788093733.5573025,89,33.177,1102,32
1788093733.6077485,89,33.177,1102,32
1788093733.6580873,89,34.694,1147,32
1788093733.7087529,89,34.694,1147,32
1788093733.759266,89,34.694,1147,32
1788093733.8097541,89,34.694,1147,32
1788093733.8602145,89,34.694,1147,32
1788093733.910431,89,34.694,1147,32
1788093733.9610343,89,34.694,1147,32
1788093734.0112567,89,34.694,1147,32
1788093734.0616093,89,34.694,1147,32
1788093734.1119363,89,34.694,1147,32
1788093734.1622374,89,34.807,1207,32
1788093734.2124398,89,34.807,1207,32
1788093734.262901,89,34.807,1207,32
1788093734.3134725,89,34.807,1207,32
1788093734.3636985,89,34.807,1207,32
1788093734.4138832,89,34.807,1207,32
1788093734.4643579,89,34.807,1207,32
1788093734.5148306,89,34.807,1207,32
1788093734.5652912,89,34.807,1207,32
1788093734.6159205,89,34.807,1207,32
1788093734.6663463,89,34.878,1230,32
1788093734.7168179,89,34.878,1230,32
1788093734.7669826,89,34.878,1230,32
1788093734.8176298,89,34.878,1230,32
1788093734.8681138,89,34.878,1230,32
1788093734.918301,89,34.878,1230,32
1788093734.9685156,89,34.878,1230,32
1788093735.0191245,89,34.878,1230,32
1788093735.069659,89,34.878,1230,32
1788093735.1201658,89,34.878,1230,32
1788093735.1705966,89,32.548,1237,32
1788093735.2212021,89,32.548,1237,32
1788093735.2718492,89,32.548,1237,32
1788093735.3222377,89,32.548,1237,32
1788093735.372577,89,32.548,1237,32
1788093735.4228778,89,32.548,1237,32
1788093735.4731338,89,32.548,1237,32
1788093735.5234702,89,32.548,1237,32
1788093735.573899,89,32.548,1237,32
1788093735.6243706,89,32.548,1237,32
1788093735.6746418,89,33.0,720,32
1788093735.7253091,89,33.0,720,32
1788093735.7755497,89,33.0,720,32
1788093735.8258207,89,33.0,720,32
1788093735.8761315,89,33.0,720,32
1788093735.9263148,89,33.0,720,32
1788093735.976555,89,33.0,720,32
1788093736.026689,89,33.0,720,32
1788093736.0774164,89,33.0,720,32
1788093736.1275706,89,33.0,720,32
1788093736.1779504,88,33.708,495,32
1788093736.2283223,88,33.708,495,32
1788093736.27857,88,33.708,495,32
1788093736.3289926,88,33.708,495,32
1788093736.3795767,88,33.708,495,32
1788093736.4303288,88,33.708,495,32
1788093736.480741,88,33.708,495,32
1788093736.5308897,88,33.708,495,32
1788093736.581327,88,33.708,495,32
1788093736.632031,88,31.102,772,32
1788093736.682261,88,31.102,772,32
1788093736.7326791,88,31.102,772,32
1788093736.783454,88,31.102,772,32
1788093736.8336987,88,31.102,772,32
1788093736.8841903,88,31.102,772,32
1788093736.9343762,88,31.102,772,32
1788093736.9849083,88,31.102,772,32
1788093737.0353997,88,31.102,772,32
1788093737.0859892,88,31.102,772,32
1788093737.1364527,89,32.709,1087,32
1788093737.1870794,89,32.709,1087,32
1788093737.2375364,89,32.709,1087,32
1788093737.287743,89,32.709,1087,32
1788093737.3378658,89,32.709,1087,32
1788093737.3883033,89,32.709,1087,32
1788093737.4388776,89,32.709,1087,32
1788093737.4893706,89,32.709,1087,32
1788093737.5396237,89,32.709,1087,32
1788093737.589877,89,32.709,1087,32
1788093737.6400993,89,34.641,1095,32
1788093737.6905982,89,34.641,1095,32
1788093737.741056,89,34.641,1095,32
1788093737.79146,89,34.641,1095,32
1788093737.841892,89,34.641,1095,32
1788093737.8922122,89,34.641,1095,32
1788093737.942607,89,34.641,1095,32
1788093737.9931262,89,34.641,1095,32
1788093738.0436683,89,34.641,1095,32
1788093738.0939367,89,34.641,1095,32
1788093738.144453,88,33.084,855,32
1788093738.1949656,88,33.084,855,32
1788093738.245211,88,33.084,855,32
1788093738.2957406,88,33.084,855,32
1788093738.3462825,88,33.084,855,32
1788093738.3966591,88,33.084,855,32
1788093738.4471664,88,33.084,855,32
1788093738.4977994,88,33.084,855,32
1788093738.548043,88,33.084,855,32
1788093738.5982177,88,33.084,855,32
1788093738.6488047,88,31.619,1057,32
1788093738.699143,88,31.619,1057,32
1788093738.7497416,88,31.619,1057,32
1788093738.800014,88,31.619,1057,32
1788093738.8503532,88,31.619,1057,32
1788093738.9007804,88,31.619,1057,32
1788093738.951096,88,31.619,1057,32
1788093739.0014446,88,31.619,1057,32
1788093739.051776,88,31.619,1057,32
1788093739.1021903,88,31.619,1057,32
1788093739.152554,87,29.023,1237,32
1788093739.2031653,87,29.023,1237,32
1788093739.2537646,87,29.023,1237,32
1788093739.3043861,87,29.023,1237,32
1788093739.3548336,87,29.023,1237,32
1788093739.405437,87,29.023,1237,32
1788093739.4556928,87,29.023,1237,32
1788093739.5062337,87,29.023,1237,32
1788093739.556869,87,29.023,1237,32
1788093739.6072097,87,29.023,1237,32
1788093739.6576803,89,31.382,1237,32
1788093739.7083113,89,31.382,1237,32
1788093739.7585804,89,31.382,1237,32
1788093739.8088872,89,31.382,1237,32
1788093739.8595934,89,31.382,1237,32
1788093739.9102376,89,31.382,1237,32
1788093739.9607012,89,31.382,1237,32
1788093740.0111349,89,31.382,1237,32
1788093740.0617712,89,31.382,1237,32
1788093740.1120057,89,31.382,1237,32
1788093740.1623592,89,35.405,1050,32
1788093740.2129233,89,35.405,1050,32
1788093740.2631977,89,35.405,1050,32
1788093740.3133483,89,35.405,1050,32
1788093740.3636947,89,35.405,1050,32
1788093740.4141223,89,35.405,1050,32
1788093740.4647274,89,35.405,1050,32
1788093740.515383,89,35.405,1050,32
1788093740.5657306,89,35.405,1050,32
1788093740.6161933,89,35.405,1050,32
1788093740.6665888,89,34.084,1065,32
1788093740.7169778,89,34.084,1065,32
1788093740.7673843,89,34.084,1065,32
1788093740.8179603,89,34.084,1065,32
1788093740.8684344,89,34.084,1065,32
1788093740.9188917,89,34.084,1065,32
1788093740.9692886,89,34.084,1065,32
1788093741.0196733,89,34.084,1065,32
1788093741.0700486,89,34.084,1065,32
1788093741.1203516,89,34.084,1065,32
1788093741.170788,88,33.368,1020,32
1788093741.2212129,88,33.368,1020,32
1788093741.2718554,88,33.368,1020,32
1788093741.3223913,88,33.368,1020,32
1788093741.3727,88,33.368,1020,32
1788093741.4232337,88,33.368,1020,32
1788093741.4739292,88,33.368,1020,32
1788093741.5245278,88,33.368,1020,32
1788093741.574956,88,33.368,1020,32
1788093741.6251833,88,33.368,1020,32
1788093741.6758556,89,33.398,997,32
1788093741.7260535,89,33.398,997,32
1788093741.7766128,89,33.398,997,32
1788093741.8270643,89,33.398,997,32
1788093741.8777215,89,33.398,997,32
1788093741.9279609,89,33.398,997,32
1788093741.9783516,89,33.398,997,32
1788093742.028526,89,33.398,997,32
1788093742.078957,89,33.398,997,32
1788093742.129225,89,33.449,885,32
1788093742.179633,89,33.449,885,32
1788093742.230018,89,33.449,885,32
1788093742.2805483,89,33.449,885,32
1788093742.3310988,89,33.449,885,32
1788093742.3815906,89,33.449,885,32
1788093742.4321182,89,33.449,885,32
1788093742.4824908,89,33.449,885,32
1788093742.5327346,89,33.449,885,32
1788093742.5831192,89,33.449,885,32
1788093742.6334414,88,32.794,1237,32
1788093742.6836724,88,32.794,1237,32
1788093742.733837,88,32.794,1237,32
1788093742.7841594,88,32.794,1237,32
1788093742.8344119,88,32.794,1237,32
1788093742.8846183,88,32.794,1237,32
1788093742.9351635,88,32.794,1237,32
1788093742.9856718,88,32.794,1237,32
1788093743.0362756,88,32.794,1237,32
1788093743.0869029,88,32.794,1237,32
1788093743.137231,89,31.941,1237,32
1788093743.1878583,89,31.941,1237,32
1788093743.2384162,89,31.941,1237,32
1788093743.2889967,89,31.941,1237,32
1788093743.3393626,89,31.941,1237,32
1788093743.3897045,89,31.941,1237,32
1788093743.440369,89,31.941,1237,32
1788093743.4905953,89,31.941,1237,32
1788093743.54112,89,31.941,1237,32
1788093743.5917773,89,31.941,1237,32
1788093743.642315,88,31.804,847,32
1788093743.6927707,88,31.804,847,32
1788093743.743239,88,31.804,847,32
1788093743.7936978,88,31.804,847,32
1788093743.844047,88,31.804,847,32
1788093743.894269,88,31.804,847,32
1788093743.9448884,88,31.804,847,32
1788093743.9952831,88,31.804,847,32
1788093744.0457234,88,31.804,847,32
1788093744.096303,88,31.804,847,32
1788093744.1468778,88,32.864,765,32
1788093744.1975703,88,32.864,765,32
1788093744.2482255,88,32.864,765,32
1788093744.298681,88,32.864,765,32
1788093744.3493533,88,32.864,765,32
1788093744.4000034,88,32.864,765,32
1788093744.450613,88,32.864,765,32
1788093744.501216,88,32.864,765,32
1788093744.5518622,88,32.864,765,32
1788093744.6023195,88,32.864,765,32
1788093744.6526158,88,31.93,877,32
1788093744.7030647,88,31.93,877,32
1788093744.7534308,88,31.93,877,32
1788093744.8038585,88,31.93,877,32
1788093744.8543828,88,31.93,877,32
1788093744.904634,88,31.93,877,32
1788093744.9552922,88,31.93,877,32
1788093745.005719,88,31.93,877,32
1788093745.0560563,88,31.93,877,32
1788093745.106453,88,31.93,877,32
1788093745.1570098,88,31.847,660,32
1788093745.2075849,88,31.847,660,32
1788093745.2579525,88,31.847,660,32
1788093745.3083186,88,31.847,660,32
1788093745.3586771,88,31.847,660,32
1788093745.4092855,88,31.847,660,32
1788093745.459918,88,31.847,660,32
1788093745.5100882,88,31.847,660,32
1788093745.5606246,88,31.847,660,32
1788093745.610811,88,31.847,660,32
1788093745.661407,88,31.762,840,32
1788093745.7119832,88,31.762,840,32
1788093745.7626467,88,31.762,840,32
1788093745.8129241,88,31.762,840,32
1788093745.8634775,88,31.762,840,32
1788093745.914008,88,31.762,840,32
1788093745.96472,88,31.762,840,32
1788093746.014899,88,31.762,840,32
1788093746.0655541,88,31.762,840,32
1788093746.116096,88,31.762,840,32
1788093746.1662784,88,31.811,780,32
1788093746.216795,88,31.811,780,32
1788093746.2670393,88,31.811,780,32
1788093746.3175921,88,31.811,780,32
1788093746.3681855,88,31.811,780,32
1788093746.4186726,88,31.811,780,32
1788093746.4690895,88,31.811,780,32
1788093746.5197513,88,31.811,780,32
1788093746.5700142,88,31.811,780,32
1788093746.6205838,88,31.811,780,32
1788093746.671047,88,32.066,1185,32
1788093746.721648,88,32.066,1185,32
1788093746.772007,88,32.066,1185,32
1788093746.822636,88,32.066,1185,32
1788093746.8731139,88,32.066,1185,32
1788093746.923522,88,32.066,1185,32
1788093746.9738827,88,32.066,1185,32
1788093747.0241158,88,32.066,1185,32
1788093747.0744405,88,32.066,1185,32
1788093747.124702,88,32.066,1185,32
1788093747.1752796,88,30.876,1237,32
1788093747.2255757,88,30.876,1237,32
1788093747.2759676,88,30.876,1237,32
1788093747.3262856,88,30.876,1237,32
1788093747.3767848,88,30.876,1237,32
1788093747.4273734,88,30.876,1237,32
1788093747.477739,88,30.876,1237,32
1788093747.5279996,88,30.876,1237,32
1788093747.578532,88,30.876,1237,32
1788093747.6289728,88,30.876,1102,32
1788093747.6794908,89,33.504,1102,32
1788093747.7300422,89,33.504,1102,32
1788093747.78054,89,33.504,1102,32
1788093747.8311284,89,33.504,1102,32
1788093747.881542,89,33.504,1102,32
1788093747.9319563,89,33.504,1102,32
1788093747.98261,89,33.504,1102,32
1788093748.0331318,89,33.504,1102,32
1788093748.0835118,89,33.504,1102,32
1788093748.133983,89,35.87,990,32
1788093748.184165,89,35.87,990,32
1788093748.234335,89,35.87,990,32
1788093748.2846675,89,35.87,990,32
1788093748.335312,89,35.87,990,32
1788093748.3857868,89,35.87,990,32
1788093748.4364712,89,35.87,990,32
1788093748.4867563,89,35.87,990,32
1788093748.5374248,89,35.87,990,32
1788093748.5879717,89,35.87,990,32
1788093748.6385546,88,33.936,960,32
1788093748.6889994,88,33.936,960,32
1788093748.7396364,88,33.936,960,32
1788093748.7900205,88,33.936,960,32
1788093748.8404338,88,33.936,960,32
1788093748.8909814,88,33.936,960,32
1788093748.9412463,88,33.936,960,32
1788093748.9916508,88,33.936,960,32
1788093749.0422,88,33.936,960,32
1788093749.092826,88,33.936,960,32
1788093749.1431372,89,33.707,1065,32
1788093749.1937633,89,33.707,1065,32
1788093749.244353,89,33.707,1065,32
1788093749.2949145,89,33.707,1065,32
1788093749.3452191,89,33.707,1065,32
1788093749.3957071,89,33.707,1065,32
1788093749.4460812,89,33.707,1065,32
1788093749.496362,89,33.707,1065,32
1788093749.546885,89,33.707,1065,32
1788093749.5974255,89,33.707,1065,32
1788093749.6475701,89,33.646,1117,32
1788093749.6980796,89,33.646,1117,32
1788093749.7487218,89,33.646,1117,32
1788093749.7991447,89,33.646,1117,32
1788093749.8495965,89,33.646,1117,32
1788093749.8999844,89,33.646,1117,32
1788093749.9501848,89,33.646,1117,32
1788093750.0008452,89,33.646,1117,32
1788093750.0511682,89,33.646,1117,32
1788093750.1013985,89,33.646,1117,32
1788093750.1516857,89,33.553,1005,32
1788093750.2018545,89,33.553,1005,32
1788093750.2523324,89,33.553,1005,32
1788093750.3027763,89,33.553,1005,32
1788093750.3532412,89,33.553,1005,32
1788093750.4034986,89,33.553,1005,32
1788093750.454034,89,33.553,1005,32
1788093750.5041935,89,33.553,1005,32
1788093750.5546484,89,33.553,1005,32
1788093750.6049116,89,33.553,1005,32
1788093750.6552238,87,30.162,1237,32
1788093750.7058191,87,30.162,1237,32
1788093750.7563045,87,30.162,1237,32
1788093750.8067691,87,30.162,1237,32
1788093750.8574464,87,30.162,1237,32
1788093750.9076605,87,30.162,1237,32
1788093750.9580169,87,30.162,1237,32
1788093751.008469,87,30.162,1237,32
1788093751.0589063,87,30.162,1237,32
1788093751.1093104,87,30.162,1237,32
1788093751.1595302,89,31.481,1237,32
1788093751.2101736,89,31.481,1237,32
1788093751.2604256,89,31.481,1237,32
1788093751.3109314,89,31.481,1237,32
1788093751.3614604,89,31.481,1237,32
1788093751.412107,89,31.481,1237,32
1788093751.4626806,89,31.481,1237,32
1788093751.513179,89,31.481,1237,32
1788093751.5632856,89,31.481,1237,32
1788093751.613843,89,31.481,1237,32
1788093751.664558,89,33.8,960,32
1788093751.7152548,89,33.8,960,32
1788093751.7657726,89,33.8,960,32
1788093751.8159854,89,33.8,960,32
1788093751.8665526,89,33.8,960,32
1788093751.916855,89,33.8,960,32
1788093751.9673073,89,33.8,960,32
1788093752.0177996,89,33.8,960,32
1788093752.0681481,89,33.8,960,32
1788093752.1184945,89,33.8,960,32
1788093752.1686916,88,33.478,690,32
1788093752.219121,88,33.478,690,32
1788093752.2697,88,33.478,690,32
1788093752.3202405,88,33.478,690,32
1788093752.3704488,88,33.478,690,32
1788093752.420924,88,33.478,690,32
1788093752.4713984,88,33.478,690,32
1788093752.5216827,88,33.478,690,32
1788093752.571856,88,33.478,690,32
1788093752.6226423,88,33.478,690,32
1788093752.6732984,88,32.192,915,32
1788093752.7237635,88,32.192,915,32
1788093752.7742977,88,32.192,915,32
1788093752.8247876,88,32.192,915,32
1788093752.8751006,88,32.192,915,32
1788093752.92578,88,32.192,915,32
1788093752.9760022,88,32.192,915,32
1788093753.0265174,88,32.192,915,32
1788093753.077005,88,32.192,915,32
1788093753.1274755,88,32.192,915,32
1788093753.178094,88,32.465,967,32
1788093753.2287006,88,32.465,967,32
1788093753.2788029,88,32.465,967,32
1788093753.329327,88,32.465,967,32
1788093753.3795989,88,32.465,967,32
1788093753.4298995,88,32.465,967,32
1788093753.4802856,88,32.465,967,32
1788093753.5306084,88,32.465,967,32
1788093753.581232,88,32.465,967,32
1788093753.631649,88,32.14,922,32
1788093753.6820643,88,32.14,922,32
1788093753.7323232,88,32.14,922,32
1788093753.7828581,88,32.14,922,32
1788093753.8331661,88,32.14,922,32
1788093753.8836677,88,32.14,922,32
1788093753.934144,88,32.14,922,32
1788093753.9845629,88,32.14,922,32
1788093754.0351021,88,32.14,922,32
1788093754.0857246,88,32.14,922,32
1788093754.135949,88,32.274,1005,32
1788093754.186422,88,32.274,1005,32
1788093754.236691,88,32.274,1005,32
1788093754.2869554,88,32.274,1005,32
1788093754.337214,88,32.274,1005,32
1788093754.3875756,88,32.274,1005,32
1788093754.4380822,88,32.274,1005,32
1788093754.4887397,88,32.274,1005,32
1788093754.5393326,88,32.274,1005,32
1788093754.5895522,88,32.274,1005,32
1788093754.6399434,87,29.525,1237,32
1788093754.6904275,87,29.525,1237,32
1788093754.740975,87,29.525,1237,32
1788093754.791446,87,29.525,1237,32
1788093754.8419616,87,29.525,1237,32
1788093754.892277,87,29.525,1237,32
1788093754.9424686,87,29.525,1237,32
1788093754.9928093,87,29.525,1237,32
1788093755.0433872,87,29.525,1237,32
1788093755.093642,87,29.525,1237,32
1788093755.1439881,89,31.771,1237,32
1788093755.1943538,89,31.771,1237,32
1788093755.2447305,89,31.771,1237,32
1788093755.2954535,89,31.771,1237,32
1788093755.346091,89,31.771,1237,32
1788093755.3967063,89,31.771,1237,32
1788093755.4469757,89,31.771,1237,32
1788093755.4973545,89,31.771,1237,32
1788093755.5475748,89,31.771,1237,32
1788093755.598014,89,31.771,1237,32
1788093755.6486053,88,32.568,622,32
1788093755.6987987,88,32.568,622,32
1788093755.7493188,88,32.568,622,32
1788093755.799668,88,32.568,622,32
1788093755.8498683,88,32.568,622,32
1788093755.9002295,88,32.568,622,32
1788093755.950803,88,32.568,622,32
1788093756.0011399,88,32.568,622,32
1788093756.051601,88,32.568,622,32
1788093756.1019456,88,32.568,622,32
1788093756.1523767,89,32.892,1230,32
1788093756.202664,89,32.892,1230,32
1788093756.2531989,89,32.892,1230,32
1788093756.3037932,89,32.892,1230,32
1788093756.354104,89,32.892,1230,32
1788093756.4046528,89,32.892,1230,32
1788093756.4552476,89,32.892,1230,32
1788093756.505844,89,32.892,1230,32
1788093756.5562928,89,32.892,1230,32
1788093756.6068492,89,32.892,1230,32
1788093756.6573277,89,33.9,210,32
1788093756.7076826,89,33.9,210,32
1788093756.7584293,89,33.9,210,32
1788093756.8088593,89,33.9,210,32
1788093756.8590565,89,33.9,210,32
1788093756.9094162,89,33.9,210,32
1788093756.9598663,89,33.9,210,32
1788093757.0102284,89,33.9,210,32
1788093757.0604782,89,33.9,210,32
1788093757.1109734,89,33.9,210,32
1788093757.1615796,88,32.907,997,32
1788093757.2120864,88,32.907,997,32
1788093757.2624462,88,32.907,997,32
1788093757.3128247,88,32.907,997,32
1788093757.363061,88,32.907,997,32
1788093757.413298,88,32.907,997,32
1788093757.464019,88,32.907,997,32
1788093757.5146003,88,32.907,997,32
1788093757.564858,88,32.907,997,32
1788093757.615307,88,32.907,997,32
1788093757.6656806,88,31.309,690,32
1788093757.716036,88,31.309,690,32
1788093757.766715,88,31.309,690,32
1788093757.8169646,88,31.309,690,32
1788093757.8674657,88,31.309,690,32
1788093757.917672,88,31.309,690,32
1788093757.9682634,88,31.309,690,32
1788093758.0186472,88,31.309,690,32
1788093758.0690005,88,31.309,690,32
1788093758.119295,88,31.309,690,32
1788093758.1697989,88,32.329,915,32
1788093758.220235,88,32.329,915,32
1788093758.270581,88,32.329,915,32
1788093758.3212237,88,32.329,915,32
1788093758.3714907,88,32.329,915,32
1788093758.4220092,88,32.329,915,32
1788093758.4725175,88,32.329,915,32
1788093758.5230033,88,32.329,915,32
1788093758.5735593,88,32.329,915,32
1788093758.6237037,88,32.329,915,32
1788093758.6741848,88,31.273,1290,1
1788093758.7245493,88,31.273,1290,1
1788093758.7748885,88,31.273,1290,1
1788093758.8252008,88,31.273,1290,1
1788093758.8757198,88,31.273,1290,1
1788093758.9263394,88,31.273,1290,1
1788093758.9768925,88,31.273,1290,1
1788093759.0273073,88,31.273,1290,1
1788093759.077936,88,31.273,1290,1
1788093759.128465,88,31.273,1290,1
1788093759.178752,89,31.28,1237,32
1788093759.2292838,89,31.28,1237,32
1788093759.279486,89,31.28,1237,32
1788093759.3297098,89,31.28,1237,32
1788093759.3801813,89,31.28,1237,32
1788093759.4306371,89,31.28,1237,32
1788093759.4810421,89,31.28,1237,32
1788093759.531552,89,31.28,1237,32
1788093759.5818994,89,31.28,1237,32
1788093759.6324515,88,31.515,435,32
1788093759.6829476,88,31.515,435,32
1788093759.733121,88,31.515,435,32
1788093759.783698,88,31.515,435,32
1788093759.8341916,88,31.515,435,32
1788093759.8847234,88,31.515,435,32
1788093759.934964,88,31.515,435,32
1788093759.9852724,88,31.515,435,32
1788093760.0355053,88,31.515,435,32
1788093760.08609,88,31.515,435,32
1788093760.136687,88,33.008,990,32
1788093760.1870549,88,33.008,990,32
1788093760.2377033,88,33.008,990,32
1788093760.2883255,88,33.008,990,32
1788093760.33891,88,33.008,990,32
1788093760.3894737,88,33.008,990,32
1788093760.43973,88,33.008,990,32
1788093760.490365,88,33.008,990,32
1788093760.5408359,88,33.008,990,32
1788093760.5914571,88,33.008,990,32
1788093760.642073,88,32.051,990,32
1788093760.6922507,88,32.051,990,32
1788093760.7425125,88,32.051,990,32
1788093760.7929077,88,32.051,990,32
1788093760.8431985,88,32.051,990,32
1788093760.8935468,88,32.051,990,32
1788093760.943902,88,32.051,990,32
1788093760.994421,88,32.051,990,32
1788093761.0446308,88,32.051,990,32
1788093761.094992,88,32.051,990,32
1788093761.145187,88,32.474,727,32
1788093761.195787,88,32.474,727,32
1788093761.2463493,88,32.474,727,32
1788093761.2970726,88,32.474,727,32
1788093761.347669,88,32.474,727,32
1788093761.3980434,88,32.474,727,32
1788093761.4483845,88,32.474,727,32
1788093761.49889,88,32.474,727,32
1788093761.5491636,88,32.474,727,32
1788093761.5996552,88,32.474,727,32
1788093761.6501286,88,32.38,877,32
1788093761.7004929,88,32.38,877,32
1788093761.7509055,88,32.38,877,32
1788093761.8012187,88,32.38,877,32
1788093761.8516228,88,32.38,877,32
1788093761.9020689,88,32.38,877,32
1788093761.952465,88,32.38,877,32
1788093762.0028176,88,32.38,877,32
1788093762.053034,88,32.38,877,32
1788093762.1035922,88,32.38,877,32
1788093762.1540625,88,32.455,1147,32
1788093762.204604,88,32.455,1147,32
1788093762.254951,88,32.455,1147,32
1788093762.3055093,88,32.455,1147,32
1788093762.3559008,88,32.455,1147,32
1788093762.4063518,88,32.455,1147,32
1788093762.4569597,88,32.455,1147,32
1788093762.507334,88,32.455,1147,32
1788093762.557705,88,32.455,1147,32
1788093762.6079867,88,32.455,1147,32
1788093762.6584089,88,31.613,1237,32
1788093762.7086837,88,31.613,1237,32
1788093762.7592213,88,31.613,1237,32
1788093762.8094316,88,31.613,1237,32
1788093762.8597255,88,31.613,1237,32
1788093762.9100628,88,31.613,1237,32
1788093762.9606934,88,31.613,1237,32
1788093763.0109894,88,31.613,1237,32
1788093763.0616057,88,31.613,1237,32
1788093763.111922,88,31.613,1237,32
1788093763.162528,88,30.09,1237,32
1788093763.212725,88,30.09,1237,32
1788093763.2632987,88,30.09,1237,32
1788093763.3135293,88,30.09,1237,32
1788093763.3641028,88,30.09,1237,32
1788093763.4144034,88,30.09,1237,32
1788093763.4650095,88,30.09,1237,32
1788093763.5156474,88,30.09,1237,32
1788093763.5660274,88,30.09,1237,32
1788093763.6163917,88,30.09,1237,32
1788093763.6668992,89,32.284,1162,32
1788093763.7173505,89,32.284,1162,32
1788093763.7677388,89,32.284,1162,32
1788093763.8178604,89,32.284,1162,32
1788093763.8681347,89,32.284,1162,32
1788093763.9186525,89,32.284,1162,32
1788093763.969024,89,32.284,1162,32
1788093764.0194755,89,32.284,1162,32
1788093764.069654,89,32.284,1162,32
1788093764.1201565,89,32.284,1162,32
1788093764.170688,88,33.658,742,32
1788093764.2212777,88,33.658,742,32
1788093764.2716506,88,33.658,742,32
1788093764.3222659,88,33.658,742,32
1788093764.3728542,88,33.658,742,32
1788093764.4230835,88,33.658,742,32
1788093764.4735074,88,33.658,742,32
1788093764.5238948,88,33.658,742,32
1788093764.574105,88,33.658,742,32
1788093764.6242445,88,33.658,742,32
1788093764.6748445,88,31.019,555,32
1788093764.7253559,88,31.019,555,32
1788093764.77588,88,31.019,555,32
1788093764.8263521,88,31.019,555,32
1788093764.8766513,88,31.019,555,32
1788093764.927168,88,31.019,555,32
1788093764.977724,88,31.019,555,32
1788093765.0281982,88,31.019,555,32
1788093765.078446,88,31.019,555,32
1788093765.1288147,88,31.019,555,32
1788093765.1792116,88,31.502,697,32
1788093765.2296658,88,31.502,697,32
1788093765.2803645,88,31.502,697,32
1788093765.3306208,88,31.502,697,32
1788093765.381262,88,31.502,697,32
1788093765.4316287,88,31.502,697,32
1788093765.4820013,88,31.502,697,32
1788093765.5325801,88,31.502,697,32
1788093765.5828328,88,31.502,697,32
1788093765.6331527,88,31.782,1102,32
1788093765.683507,88,31.782,1102,32
1788093765.7339985,88,31.782,1102,32
1788093765.7846334,88,31.782,1102,32
1788093765.8352022,88,31.782,1102,32
1788093765.88584,88,31.782,1102,32
1788093765.9363613,88,31.782,1102,32
1788093765.9869444,88,31.782,1102,32
1788093766.0374532,88,31.782,1102,32
1788093766.0878992,88,31.782,1102,32
1788093766.1383216,89,33.983,1185,32
1788093766.188774,89,33.983,1185,32
1788093766.2393367,89,33.983,1185,32
1788093766.2896645,89,33.983,1185,32
1788093766.3399262,89,33.983,1185,32
1788093766.3905659,89,33.983,1185,32
1788093766.4406815,89,33.983,1185,32
1788093766.4910793,89,33.983,1185,32
1788093766.5413303,89,33.983,1185,32
1788093766.5918088,89,33.983,1185,32
1788093766.6423314,89,35.188,997,32
1788093766.6924837,89,35.188,997,32
1788093766.7429037,89,35.188,997,32
1788093766.7934718,89,35.188,997,32
1788093766.843602,89,35.188,997,32
1788093766.8939867,89,35.188,997,32
1788093766.944189,89,35.188,997,32
1788093766.9947174,89,35.188,997,32
1788093767.045322,89,35.188,997,32
1788093767.0956316,89,35.188,997,32
1788093767.1459985,89,32.193,1237,32
1788093767.1962397,89,32.193,1237,32
1788093767.246721,89,32.193,1237,32
1788093767.2971606,89,32.193,1237,32
1788093767.3475168,89,32.193,1237,32
1788093767.3978236,89,32.193,1237,32
1788093767.448462,89,32.193,1237,32
1788093767.4988515,89,32.193,1237,32
1788093767.5494268,89,32.193,1237,32
1788093767.599995,89,32.193,1237,32
1788093767.6505141,88,30.753,517,32
1788093767.7010546,88,30.753,517,32
1788093767.7512627,88,30.753,517,32
1788093767.8016798,88,30.753,517,32
1788093767.8522906,88,30.753,517,32
1788093767.9028308,88,30.753,517,32
1788093767.953107,88,30.753,517,32
1788093768.0035923,88,30.753,517,32
1788093768.0540261,88,30.753,517,32
1788093768.1045406,88,30.753,517,32
1788093768.1548128,88,32.564,1140,32
1788093768.2054682,88,32.564,1140,32
1788093768.2556896,88,32.564,1140,32
1788093768.3062258,88,32.564,1140,32
1788093768.3568616,88,32.564,1140,32
1788093768.407264,88,32.564,1140,32
1788093768.4577289,88,32.564,1140,32
1788093768.5081036,88,32.564,1140,32
1788093768.55859,88,32.564,1140,32
1788093768.6089878,88,32.564,1140,32
1788093768.6594305,89,33.572,1192,32
1788093768.7099988,89,33.572,1192,32
1788093768.7605522,89,33.572,1192,32
1788093768.8109174,89,33.572,1192,32
1788093768.8610702,89,33.572,1192,32
1788093768.9116158,89,33.572,1192,32
1788093768.9622886,89,33.572,1192,32
1788093769.0126665,89,33.572,1192,32
1788093769.0633528,89,33.572,1192,32
1788093769.1141198,89,33.572,1192,32
1788093769.1652126,89,35.317,1162,32
1788093769.2157893,89,35.317,1162,32
1788093769.2661622,89,35.317,1162,32
1788093769.3167517,89,35.317,1162,32
1788093769.3669183,89,35.317,1162,32
1788093769.417296,89,35.317,1162,32
1788093769.4676738,89,35.317,1162,32
1788093769.518162,89,35.317,1162,32
1788093769.5684528,89,35.317,1162,32
1788093769.6188877,89,35.317,1162,32
1788093769.6695278,88,32.456,247,32
1788093769.719901,88,32.456,247,32
1788093769.770358,88,32.456,247,32
1788093769.82069,88,32.456,247,32
1788093769.8711872,88,32.456,247,32
1788093769.9218085,88,32.456,247,32
1788093769.9719772,88,32.456,247,32
1788093770.0223215,88,32.456,247,32
1788093770.0725029,88,32.456,247,32
1788093770.1231253,88,32.456,247,32
1788093770.1735022,88,30.882,675,32
1788093770.2238836,88,30.882,675,32
1788093770.274175,88,30.882,675,32
1788093770.324499,88,30.882,675,32
1788093770.374887,88,30.882,675,32
1788093770.4250224,88,30.882,675,32
1788093770.475242,88,30.882,675,32
1788093770.5255198,88,30.882,675,32
1788093770.5758283,88,30.882,675,32
1788093770.6262484,88,30.882,675,32
1788093770.67659,88,31.707,907,32
1788093770.7271843,88,31.707,907,32
1788093770.7776408,88,31.707,907,32
1788093770.8277931,88,31.707,907,32
1788093770.8779266,88,31.707,907,32
1788093770.9284415,88,31.707,907,32
1788093770.9786017,88,31.707,907,32
1788093771.0293138,88,31.707,907,32
1788093771.0797787,88,31.707,907,32
1788093771.1304088,88,31.707,907,32
1788093771.1805413,86,29.161,1042,1
1788093771.2307525,86,29.161,1042,1
1788093771.281131,86,29.161,1042,1
1788093771.3313851,86,29.161,1042,1
1788093771.38199,86,29.161,1042,1
1788093771.4322846,86,29.161,1042,1
1788093771.482684,86,29.161,1042,1
1788093771.5332055,86,29.161,1042,1
1788093771.583665,86,29.161,1042,1
1788093771.6340961,89,31.066,1237,32
1788093771.6843793,89,31.066,1237,32
1788093771.7347922,89,31.066,1237,32
1788093771.7852924,89,31.066,1237,32
1788093771.8356807,89,31.066,1237,32
1788093771.8860075,89,31.066,1237,32
1788093771.9366186,89,31.066,1237,32
1788093771.986873,89,31.066,1237,32
1788093772.0373511,89,31.066,1237,32
1788093772.08788,89,31.066,1237,32
1788093772.1382303,88,33.061,712,32
1788093772.18848,88,33.061,712,32
1788093772.2388704,88,33.061,712,32
1788093772.28958,88,33.061,712,32
1788093772.3400657,88,33.061,712,32
1788093772.3906384,88,33.061,712,32
1788093772.4409566,88,33.061,712,32
1788093772.4914937,88,33.061,712,32
1788093772.5421815,88,33.061,712,32
1788093772.592682,88,33.061,712,32
1788093772.6433244,88,32.297,1042,32
1788093772.6936357,88,32.297,1042,32
1788093772.7440276,88,32.297,1042,32
1788093772.7942684,88,32.297,1042,32
1788093772.8446138,88,32.297,1042,32
1788093772.8950408,88,32.297,1042,32
1788093772.94565,88,32.297,1042,32
1788093772.9959342,88,32.297,1042,32
1788093773.0464303,88,32.297,1042,32
1788093773.0969274,88,32.297,1042,32
1788093773.1474571,89,33.016,1057,32
1788093773.1980317,89,33.016,1057,32
1788093773.2484102,89,33.016,1057,32
1788093773.2989812,89,33.016,1057,32
1788093773.3493116,89,33.016,1057,32
1788093773.3998384,89,33.016,1057,32
1788093773.450059,89,33.016,1057,32
1788093773.500693,89,33.016,1057,32
1788093773.5510492,89,33.016,1057,32
1788093773.6016636,89,33.016,1057,32
1788093773.652162,89,35.079,1095,32
1788093773.7025924,89,35.079,1095,32
1788093773.7530246,89,35.079,1095,32
1788093773.8034558,89,35.079,1095,32
1788093773.8537807,89,35.079,1095,32
1788093773.9043438,89,35.079,1095,32
1788093773.9549778,89,35.079,1095,32
1788093774.00558,89,35.079,1095,32
1788093774.0561323,89,35.079,1095,32
1788093774.1066084,89,35.079,1095,32
1788093774.1569526,89,34.203,862,32
1788093774.2074122,89,34.203,862,32
1788093774.2577002,89,34.203,862,32
1788093774.3080604,89,34.203,862,32
1788093774.3584142,89,34.203,862,32
1788093774.4085777,89,34.203,862,32
1788093774.4591863,89,34.203,862,32
1788093774.5098627,89,34.203,862,32
1788093774.560293,89,34.203,862,32
1788093774.61057,89,34.203,862,32
1788093774.6610317,89,33.002,1005,32
1788093774.711685,89,33.002,1005,32
1788093774.762073,89,33.002,1005,32
1788093774.8125248,89,33.002,1005,32
1788093774.862993,89,33.002,1005,32
1788093774.913575,89,33.002,1005,32
1788093774.9640062,89,33.002,1005,32
1788093775.014632,89,33.002,1005,32
1788093775.0650952,89,33.002,1005,32
1788093775.1156738,89,33.002,1005,32
1788093775.1661777,88,29.979,1237,32
1788093775.2166698,88,29.979,1237,32
1788093775.267033,88,29.979,1237,32
1788093775.317546,88,29.979,1237,32
1788093775.3681061,88,29.979,1237,32
1788093775.4186077,88,29.979,1237,32
1788093775.4689481,88,29.979,1237,32
1788093775.5195477,88,29.979,1237,32
1788093775.5699487,88,29.979,1237,32
1788093775.6205394,88,29.979,1237,32
1788093775.6707017,89,31.543,1117,32
1788093775.720859,89,31.543,1117,32
1788093775.7710392,89,31.543,1117,32
1788093775.8213377,89,31.543,1117,32
1788093775.871781,89,31.543,1117,32
1788093775.9219754,89,31.543,1117,32
1788093775.9725575,89,31.543,1117,32
1788093776.0227182,89,31.543,1117,32
1788093776.0732682,89,31.543,1117,32
1788093776.123726,89,31.543,1117,32
1788093776.1743333,89,35.15,705,32
1788093776.2246304,89,35.15,705,32
1788093776.2751882,89,35.15,705,32
1788093776.3257744,89,35.15,705,32
1788093776.3760004,89,35.15,705,32
1788093776.4263191,89,35.15,705,32
1788093776.4767683,89,35.15,705,32
1788093776.5272634,89,35.15,705,32
1788093776.5777767,89,35.15,705,32
1788093776.628358,89,35.15,705,32
1788093776.6788726,89,33.375,915,32
1788093776.7294188,89,33.375,915,32
1788093776.7796466,89,33.375,915,32
1788093776.8302958,89,33.375,915,32
1788093776.88059,89,33.375,915,32
1788093776.931139,89,33.375,915,32
1788093776.9813406,89,33.375,915,32
1788093777.0317087,89,33.375,915,32
1788093777.0820117,89,33.375,915,32
1788093777.1326082,88,32.386,712,32
1788093777.1832054,88,32.386,712,32
1788093777.2333891,88,32.386,712,32
1788093777.2836692,88,32.386,712,32
1788093777.3341029,88,32.386,712,32
1788093777.3844602,88,32.386,712,32
1788093777.435058,88,32.386,712,32
1788093777.4853945,88,32.386,712,32
1788093777.5358956,88,32.386,712,32
1788093777.5865326,88,32.386,712,32
1788093777.6367211,88,32.326,907,32
1788093777.6870043,88,32.326,907,32
1788093777.7373464,88,32.326,907,32
1788093777.787561,88,32.326,907,32
1788093777.8381758,88,32.326,907,32
1788093777.8884556,88,32.326,907,32
1788093777.9387455,88,32.326,907,32
1788093777.9889648,88,32.326,907,32
1788093778.0393302,88,32.326,907,32
1788093778.0898921,88,32.326,907,32
1788093778.1400428,89,32.524,915,32
1788093778.1904523,89,32.524,915,32
1788093778.2409813,89,32.524,915,32
1788093778.291293,89,32.524,915,32
1788093778.3414936,89,32.524,915,32
1788093778.3917212,89,32.524,915,32
1788093778.4421067,89,32.524,915,32
1788093778.492529,89,32.524,915,32
1788093778.542996,89,32.524,915,32
1788093778.593461,89,32.524,915,32
1788093778.643946,88,32.372,742,32
1788093778.6944606,88,32.372,742,32
1788093778.7446368,88,32.372,742,32
1788093778.794908,88,32.372,742,32
1788093778.845078,88,32.372,742,32
1788093778.8952172,88,32.372,742,32
1788093778.9455996,88,32.372,742,32
1788093778.9962478,88,32.372,742,32
1788093779.0465198,88,32.372,742,32
1788093779.0970628,88,32.372,742,32
1788093779.147432,88,30.691,1237,32
1788093779.1980002,88,30.691,1237,32
1788093779.248617,88,30.691,1237,32
1788093779.2989428,88,30.691,1237,32
1788093779.349354,88,30.691,1237,32
1788093779.3996537,88,30.691,1237,32
1788093779.450076,88,30.691,1237,32
1788093779.5006084,88,30.691,1237,32
1788093779.5510135,88,30.691,1237,32
1788093779.601282,88,30.691,1237,32
1788093779.651542,89,31.73,1020,32
1788093779.7021947,89,31.73,1020,32
1788093779.752479,89,31.73,1020,32
1788093779.8031235,89,31.73,1020,32
1788093779.8533401,89,31.73,1020,32
1788093779.9037516,89,31.73,1020,32
1788093779.9541085,89,31.73,1020,32
1788093780.004427,89,31.73,1020,32
1788093780.0549688,89,31.73,1020,32
1788093780.1053343,89,31.73,1020,32
1788093780.1558878,88,33.968,997,32
1788093780.2063556,88,33.968,997,32
1788093780.2566235,88,33.968,997,32
1788093780.3069735,88,33.968,997,32
1788093780.3571892,88,33.968,997,32
1788093780.4073787,88,33.968,997,32
1788093780.4575973,88,33.968,997,32
1788093780.5079787,88,33.968,997,32
1788093780.5582798,88,33.968,997,32
1788093780.608488,88,33.968,997,32
1788093780.6590524,88,32.543,1027,32
1788093780.7093477,88,32.543,1027,32
1788093780.7599678,88,32.543,1027,32
1788093780.8103955,88,32.543,1027,32
1788093780.8610907,88,32.543,1027,32
1788093780.9115484,88,32.543,1027,32
1788093780.9617372,88,32.543,1027,32
1788093781.011957,88,32.543,1027,32
1788093781.0625522,88,32.543,1027,32
1788093781.1129682,88,32.543,1027,32
1788093781.1634948,88,32.578,1012,32
1788093781.2141225,88,32.578,1012,32
1788093781.2644053,88,32.578,1012,32
1788093781.3146656,88,32.578,1012,32
1788093781.365134,88,32.578,1012,32
1788093781.4156418,88,32.578,1012,32
1788093781.4659512,88,32.578,1012,32
1788093781.516403,88,32.578,1012,32
1788093781.566593,88,32.578,1012,32
1788093781.6169422,88,32.578,1012,32
1788093781.6673894,88,32.564,1020,32
1788093781.7176864,88,32.564,1020,32
1788093781.7681913,88,32.564,1020,32
1788093781.818397,88,32.564,1020,32
1788093781.8686595,88,32.564,1020,32
1788093781.9188385,88,32.564,1020,32
1788093781.9693358,88,32.564,1020,32
1788093782.0195096,88,32.564,1020,32
1788093782.0697124,88,32.564,1020,32
1788093782.120265,88,32.564,1020,32
1788093782.1708555,89,32.637,952,32
1788093782.2214925,89,32.637,952,32
1788093782.2717044,89,32.637,952,32
1788093782.322155,89,32.637,952,32
1788093782.3725224,89,32.637,952,32
1788093782.4236221,89,32.637,952,32
1788093782.4738617,89,32.637,952,32
1788093782.5240145,89,32.637,952,32
1788093782.574573,89,32.637,952,32
1788093782.62518,89,32.637,952,32
1788093782.6756766,88,32.505,1237,32
1788093782.7259343,88,32.505,1237,32
1788093782.7764113,88,32.505,1237,32
1788093782.8268166,88,32.505,1237,32
1788093782.8770404,88,32.505,1237,32
1788093782.9274185,88,32.505,1237,32
1788093782.9776497,88,32.505,1237,32
1788093783.0279365,88,32.505,1237,32
1788093783.0782323,88,32.505,1237,32
1788093783.1288738,88,32.505,1237,32
1788093783.1796002,89,30.99,1237,32
1788093783.2300172,89,30.99,1237,32
1788093783.2801867,89,30.99,1237,32
1788093783.3304179,89,30.99,1237,32
1788093783.38094,89,30.99,1237,32
1788093783.4314437,89,30.99,1237,32
1788093783.4819477,89,30.99,1237,32
1788093783.532366,89,30.99,1237,32
1788093783.582523,89,30.99,1237,32
1788093783.633101,88,31.169,712,32
1788093783.6836596,88,31.169,712,32
1788093783.733923,88,31.169,712,32
1788093783.7843876,88,31.169,712,32
1788093783.8350394,88,31.169,712,32
1788093783.8856628,88,31.169,712,32
1788093783.9358168,88,31.169,712,32
1788093783.9863772,88,31.169,712,32
1788093784.0367236,88,31.169,712,32
1788093784.086885,88,31.169,712,32
1788093784.1371055,88,33.169,907,32
1788093784.1872983,88,33.169,907,32
1788093784.237522,88,33.169,907,32
1788093784.2879977,88,33.169,907,32
1788093784.338213,88,33.169,907,32
1788093784.3884125,88,33.169,907,32
1788093784.438906,88,33.169,907,32
1788093784.489298,88,33.169,907,32
1788093784.539888,88,33.169,907,32
1788093784.5904355,88,33.169,907,32
1788093784.6408322,88,32.442,982,32
1788093784.690989,88,32.442,982,32
1788093784.7414207,88,32.442,982,32
1788093784.7921612,88,32.442,982,32
1788093784.8430755,88,32.442,982,32
1788093784.8934069,88,32.442,982,32
1788093784.943959,88,32.442,982,32
1788093784.9941032,88,32.442,982,32
1788093785.0444129,88,32.442,982,32
1788093785.0948558,88,32.442,982,32
1788093785.1455076,88,32.548,757,32
1788093785.1961741,88,32.548,757,32
1788093785.246698,88,32.548,757,32
1788093785.2970483,88,32.548,757,32
1788093785.347694,88,32.548,757,32
1788093785.398052,88,32.548,757,32
1788093785.4484718,88,32.548,757,32
1788093785.4990351,88,32.548,757,32
1788093785.5492556,88,32.548,757,32
1788093785.599653,88,32.548,757,32
1788093785.650356,88,32.497,712,32
1788093785.7008603,88,32.497,712,32
1788093785.7510445,88,32.497,712,32
1788093785.8013349,88,32.497,712,32
1788093785.8518684,88,32.497,712,32
1788093785.9025035,88,32.497,712,32
1788093785.9531085,88,32.497,712,32
1788093786.003426,88,32.497,712,32
1788093786.053959,88,32.497,712,32
1788093786.1043932,88,32.497,712,32
1788093786.1549833,88,32.297,1035,32
1788093786.2052357,88,32.297,1035,32
1788093786.2555902,88,32.297,1035,32
1788093786.3062084,88,32.297,1035,32
1788093786.3567626,88,32.297,1035,32
1788093786.4072146,88,32.297,1035,32
1788093786.457604,88,32.297,1035,32
1788093786.5082438,88,32.297,1035,32
1788093786.5586863,88,32.297,1035,32
1788093786.6090488,88,32.297,1035,32
1788093786.6594455,88,31.867,1237,32
1788093786.7099156,88,31.867,1237,32
1788093786.7604275,88,31.867,1237,32
1788093786.8106802,88,31.867,1237,32
1788093786.8610525,88,31.867,1237,32
1788093786.9112673,88,31.867,1237,32
1788093786.9615805,88,31.867,1237,32
1788093787.0120847,88,31.867,1237,32
1788093787.0623474,88,31.867,1237,32
1788093787.1126156,88,31.867,1237,32
1788093787.1630373,89,30.262,1237,32
1788093787.213673,89,30.262,1237,32
1788093787.2642841,89,30.262,1237,32
1788093787.3148413,89,30.262,1237,32
1788093787.3654187,89,30.262,1237,32
1788093787.4158378,89,30.262,1237,32
1788093787.4664042,89,30.262,1237,32
1788093787.5167797,89,30.262,1237,32
1788093787.567089,89,30.262,1237,32
1788093787.6177847,89,30.262,1237,32
1788093787.6681712,89,32.113,1237,32
1788093787.718933,89,32.113,1237,32
1788093787.7693548,89,32.113,1237,32
1788093787.8198726,89,32.113,1237,32
1788093787.870391,89,32.113,1237,32
1788093787.9209404,89,32.113,1237,32
1788093787.9712665,89,32.113,1237,32
1788093788.0220044,89,32.113,1237,32
1788093788.0724542,89,32.113,1237,32
1788093788.1231344,89,32.113,1237,32
1788093788.1742766,89,34.484,877,32
1788093788.2247798,89,34.484,877,32
1788093788.275342,89,34.484,877,32
1788093788.3255854,89,34.484,877,32
1788093788.375821,89,34.484,877,32
1788093788.4259963,89,34.484,877,32
1788093788.4761708,89,34.484,877,32
1788093788.526704,89,34.484,877,32
1788093788.577165,89,34.484,877,32
1788093788.6275084,89,34.484,877,32
1788093788.6781623,88,32.154,765,32
1788093788.7286415,88,32.154,765,32
1788093788.779025,88,32.154,765,32
1788093788.8296318,88,32.154,765,32
1788093788.8798816,88,32.154,765,32
1788093788.9300942,88,32.154,765,32
1788093788.980565,88,32.154,765,32
1788093789.031175,88,32.154,765,32
1788093789.0816267,88,32.154,765,32
1788093789.1318028,88,32.154,765,32
1788093789.18239,88,31.64,915,32
1788093789.2330134,88,31.64,915,32
1788093789.2832146,88,31.64,915,32
1788093789.3336074,88,31.64,915,32
1788093789.383924,88,31.64,915,32
1788093789.4341595,88,31.64,915,32
1788093789.484583,88,31.64,915,32
1788093789.5350273,88,31.64,915,32
1788093789.5856926,88,31.64,915,32
1788093789.6358778,88,31.847,585,32
1788093789.6864476,88,31.847,585,32
1788093789.7367058,88,31.847,585,32
1788093789.7872722,88,31.847,585,32
1788093789.8379312,88,31.847,585,32
1788093789.8881717,88,31.847,585,32
1788093789.9387386,88,31.847,585,32
1788093789.9892201,88,31.847,585,32
1788093790.0395303,88,31.847,585,32
1788093790.0898273,88,31.847,585,32
1788093790.1401968,88,31.713,832,32
1788093790.1905293,88,31.713,832,32
1788093790.2409759,88,31.713,832,32
1788093790.2913537,88,31.713,832,32
1788093790.341494,88,31.713,832,32
1788093790.3919265,88,31.713,832,32
1788093790.4421406,88,31.713,832,32
1788093790.4922931,88,31.713,832,32
1788093790.5426948,88,31.713,832,32
1788093790.5933263,88,31.713,832,32
1788093790.6439443,88,31.878,697,32
1788093790.694379,88,31.878,697,32
1788093790.7445872,88,31.878,697,32
1788093790.794827,88,31.878,697,32
1788093790.8452735,88,31.878,697,32
1788093790.8954928,88,31.878,697,32
1788093790.9457498,88,31.878,697,32
1788093790.9960663,88,31.878,697,32
1788093791.0463881,88,31.878,697,32
1788093791.1090975,88,31.878,697,32
1788093791.1613848,88,29.874,1237,32
1788093791.211942,88,29.874,1237,32
1788093791.262287,88,29.874,1237,32
1788093791.312626,88,29.874,1237,32
1788093791.3630445,88,29.874,1237,32
1788093791.4133284,88,29.874,1237,32
1788093791.4639719,88,29.874,1237,32
1788093791.5144517,88,29.874,1237,32
1788093791.5647082,88,29.874,1237,32
1788093791.6151793,88,29.874,1237,32
1788093791.6672733,89,31.785,1125,32
1788093791.7175453,89,31.785,1125,32
1788093791.7679567,89,31.785,1125,32
1788093791.8181827,89,31.785,1125,32
1788093791.8683238,89,31.785,1125,32
1788093791.918884,89,31.785,1125,32
1788093791.9691327,89,31.785,1125,32
1788093792.0194893,89,31.785,1125,32
1788093792.070126,89,31.785,1125,32
1788093792.1205742,89,31.785,1125,32
1788093792.1709108,88,34.408,210,32
1788093792.221519,88,34.408,210,32
1788093792.2719052,88,34.408,210,32
1788093792.3222692,88,34.408,210,32
1788093792.37271,88,34.408,210,32
1788093792.4231727,88,34.408,210,32
1788093792.4734938,88,34.408,210,32
1788093792.5238674,88,34.408,210,32
1788093792.5740783,88,34.408,210,32
1788093792.624375,88,34.408,210,32
1788093792.6746867,88,31.548,1072,1
1788093792.7251897,88,31.548,1072,1
1788093792.7753894,88,31.548,1072,1
1788093792.8257077,88,31.548,1072,1
1788093792.8762105,88,31.548,1072,1
1788093792.9266279,88,31.548,1072,1
1788093792.97726,88,31.548,1072,1
1788093793.027536,88,31.548,1072,1
1788093793.0779088,88,31.548,1072,1
1788093793.1285837,88,31.548,1072,1
1788093793.1792288,89,31.853,810,32
1788093793.2295363,89,31.853,810,32
1788093793.280117,89,31.853,810,32
1788093793.3303888,89,31.853,810,32
1788093793.3807225,89,31.853,810,32
1788093793.4310226,89,31.853,810,32
1788093793.4815555,89,31.853,810,32
1788093793.532016,89,31.853,810,32
1788093793.5824716,89,31.853,810,32
1788093793.6330898,89,31.853,810,32
1788093793.683556,89,33.559,840,32
1788093793.7340574,89,33.559,840,32
1788093793.784631,89,33.559,840,32
1788093793.835084,89,33.559,840,32
1788093793.88548,89,33.559,840,32
1788093793.936049,89,33.559,840,32
1788093793.9866505,89,33.559,840,32
1788093794.0371978,89,33.559,840,32
1788093794.0876737,89,33.559,840,32
1788093794.1380553,88,32.006,900,32
1788093794.1882315,88,32.006,900,32
1788093794.2386458,88,32.006,900,32
1788093794.2890575,88,32.006,900,32
1788093794.3394222,88,32.006,900,32
1788093794.3896575,88,32.006,900,32
1788093794.440143,88,32.006,900,32
1788093794.4908795,88,32.006,900,32
1788093794.541308,88,32.006,900,32
1788093794.5916388,88,32.006,900,32
1788093794.6421611,88,31.989,787,32
1788093794.6922946,88,31.989,787,32
1788093794.7425303,88,31.989,787,32
1788093794.792865,88,31.989,787,32
1788093794.8433867,88,31.989,787,32
1788093794.893593,88,31.989,787,32
1788093794.952296,88,31.989,787,32
1788093795.0026104,88,31.989,787,32
1788093795.0528421,88,31.989,787,32
1788093795.1031506,88,31.989,787,32
1788093795.1534166,87,30.335,1297,32
1788093795.2039711,87,30.335,1297,32
1788093795.2544005,87,30.335,1297,32
1788093795.30482,87,30.335,1297,32
1788093795.3554204,87,30.335,1297,32
1788093795.4061196,87,30.335,1297,32
1788093795.4566114,87,30.335,1297,32
1788093795.5068433,87,30.335,1297,32
1788093795.5570276,87,30.335,1297,32
1788093795.6074688,87,30.335,1297,32
1788093795.6579285,89,30.877,1117,32
1788093795.7083616,89,30.877,1117,32
1788093795.7586436,89,30.877,1117,32
1788093795.8091235,89,30.877,1117,32
1788093795.8597019,89,30.877,1117,32
1788093795.9103317,89,30.877,1117,32
1788093795.9604914,89,30.877,1117,32
1788093796.0107682,89,30.877,1117,32
1788093796.0612314,89,30.877,1117,32
1788093796.1117103,89,30.877,1117,32
1788093796.1619663,89,32.252,1050,32
1788093796.2122915,89,32.252,1050,32
1788093796.262782,89,32.252,1050,32
1788093796.313411,89,32.252,1050,32
1788093796.3640935,89,32.252,1050,32
1788093796.4146023,89,32.252,1050,32
1788093796.464889,89,32.252,1050,32
1788093796.5155103,89,32.252,1050,32
1788093796.5660744,89,32.252,1050,32
1788093796.6167796,89,32.252,1050,32
1788093796.666939,89,33.941,915,32
1788093796.7173088,89,33.941,915,32
1788093796.7678113,89,33.941,915,32
1788093796.8182518,89,33.941,915,32
1788093796.8687685,89,33.941,915,32
1788093796.9192324,89,33.941,915,32
1788093796.9695368,89,33.941,915,32
1788093797.0199423,89,33.941,915,32
1788093797.0704932,89,33.941,915,32
1788093797.120854,89,33.941,915,32
1788093797.1713326,89,32.835,1050,32
1788093797.2215486,89,32.835,1050,32
1788093797.271991,89,32.835,1050,32
1788093797.3224745,89,32.835,1050,32
1788093797.3726852,89,32.835,1050,32
1788093797.423199,89,32.835,1050,32
1788093797.473759,89,32.835,1050,32
1788093797.524314,89,32.835,1050,32
1788093797.5749278,89,32.835,1050,32
1788093797.6253352,89,32.835,1050,32
1788093797.675898,88,32.93,937,32
1788093797.7263784,88,32.93,937,32
1788093797.7769873,88,32.93,937,32
1788093797.8276844,88,32.93,937,32
1788093797.878125,88,32.93,937,32
1788093797.9283998,88,32.93,937,32
1788093797.9789376,88,32.93,937,32
1788093798.0295627,88,32.93,937,32
1788093798.0799904,88,32.93,937,32
1788093798.1305287,88,32.93,937,32
1788093798.1810174,89,32.584,1200,32
1788093798.231293,89,32.584,1200,32
1788093798.2814882,89,32.584,1200,32
1788093798.331802,89,32.584,1200,32
1788093798.3822486,89,32.584,1200,32
1788093798.4326026,89,32.584,1200,32
1788093798.4828513,89,32.584,1200,32
1788093798.5332122,89,32.584,1200,32
1788093798.5837967,89,32.584,1200,32
1788093798.6342263,89,32.584,1200,32
1788093798.6846259,88,32.181,1072,32
1788093798.7350657,88,32.181,1072,32
1788093798.7857268,88,32.181,1072,32
1788093798.8363967,88,32.181,1072,32
1788093798.887245,88,32.181,1072,32
1788093798.9378543,88,32.181,1072,32
1788093798.9882271,88,32.181,1072,32
1788093799.0387526,88,32.181,1072,32
1788093799.0891163,88,32.181,1072,32
1788093799.1394262,86,28.726,1117,1
1788093799.1898236,86,28.726,1117,1
1788093799.2402828,86,28.726,1117,1
1788093799.2907293,86,28.726,1117,1
1788093799.3409214,86,28.726,1117,1
1788093799.3914163,86,28.726,1117,1
1788093799.4417021,86,28.726,1117,1
1788093799.4919503,86,28.726,1117,1
1788093799.542144,86,28.726,1117,1
1788093799.592415,86,28.726,1117,1
1788093799.643025,88,28.952,1237,32
1788093799.6935441,88,28.952,1237,32
1788093799.743762,88,28.952,1237,32
1788093799.7940228,88,28.952,1237,32
1788093799.8445098,88,28.952,1237,32
1788093799.895048,88,28.952,1237,32
1788093799.9453812,88,28.952,1237,32
1788093799.9957337,88,28.952,1237,32
1788093800.046379,88,28.952,1237,32
1788093800.096963,88,28.952,1237,32
1788093800.1472807,89,31.824,1020,32
1788093800.1974757,89,31.824,1020,32
1788093800.247675,89,31.824,1020,32
1788093800.2979617,89,31.824,1020,32
1788093800.3482327,89,31.824,1020,32
1788093800.3987706,89,31.824,1020,32
1788093800.448963,89,31.824,1020,32
1788093800.4991426,89,31.824,1020,32
1788093800.5496068,89,31.824,1020,32
1788093800.6000023,89,31.824,1020,32
1788093800.6505485,89,34.332,1050,32
1788093800.7010968,89,34.332,1050,32
1788093800.7516644,89,34.332,1050,32
1788093800.801935,89,34.332,1050,32
1788093800.8522217,89,34.332,1050,32
1788093800.9028265,89,34.332,1050,32
1788093800.95346,89,34.332,1050,32
1788093801.0037146,89,34.332,1050,32
1788093801.054194,89,34.332,1050,32
1788093801.1048727,89,34.332,1050,32
1788093801.1553452,89,33.818,997,32
1788093801.2056108,89,33.818,997,32
1788093801.2558935,89,33.818,997,32
1788093801.306526,89,33.818,997,32
1788093801.3568041,89,33.818,997,32
1788093801.4071598,89,33.818,997,32
1788093801.4577904,89,33.818,997,32
1788093801.5083685,89,33.818,997,32
1788093801.5585217,89,33.818,997,32
1788093801.6090622,89,33.818,997,32
1788093801.6592207,89,33.891,997,32
1788093801.7098653,89,33.891,997,32
1788093801.7604728,89,33.891,997,32
1788093801.8110712,89,33.891,997,32
1788093801.861575,89,33.891,997,32
1788093801.9118369,89,33.891,997,32
1788093801.962188,89,33.891,997,32
1788093802.0125308,89,33.891,997,32
1788093802.063023,89,33.891,997,32
1788093802.1134222,89,33.891,997,32
1788093802.1641061,89,33.84,1155,32
1788093802.2145,89,33.84,1155,32
1788093802.264783,89,33.84,1155,32
1788093802.3153756,89,33.84,1155,32
1788093802.365936,89,33.84,1155,32
1788093802.416489,89,33.84,1155,32
1788093802.4670632,89,33.84,1155,32
1788093802.5173995,89,33.84,1155,32
1788093802.567692,89,33.84,1155,32
1788093802.6181886,89,33.84,1155,32
1788093802.668513,89,33.897,825,32
1788093802.7187657,89,33.897,825,32
1788093802.7690387,89,33.897,825,32
1788093802.8196409,89,33.897,825,32
1788093802.8700686,89,33.897,825,32
1788093802.920716,89,33.897,825,32
1788093802.9712896,89,33.897,825,32
1788093803.0217445,89,33.897,825,32
1788093803.0718749,89,33.897,825,32
1788093803.1221416,89,33.897,825,32
1788093803.1726725,88,30.484,1237,32
1788093803.2229962,88,30.484,1237,32
1788093803.273473,88,30.484,1237,32
1788093803.3238962,88,30.484,1237,32
1788093803.3742404,88,30.484,1237,32
1788093803.4246206,88,30.484,1237,32
1788093803.4749281,88,30.484,1237,32
1788093803.5253136,88,30.484,1237,32
1788093803.5757413,88,30.484,1237,32
1788093803.625957,88,30.484,1237,32
1788093803.676645,89,31.903,1027,32
1788093803.7270122,89,31.903,1027,32
1788093803.7772322,89,31.903,1027,32
1788093803.8278103,89,31.903,1027,32
1788093803.878264,89,31.903,1027,32
1788093803.928663,89,31.903,1027,32
1788093803.9791992,89,31.903,1027,32
1788093804.0298262,89,31.903,1027,32
1788093804.0801682,89,31.903,1027,32
1788093804.1307278,89,31.903,1027,32
1788093804.1810608,88,33.942,667,32
1788093804.2316072,88,33.942,667,32
1788093804.2822318,88,33.942,667,32
1788093804.332444,88,33.942,667,32
1788093804.3827057,88,33.942,667,32
1788093804.433003,88,33.942,667,32
1788093804.4832277,88,33.942,667,32
1788093804.5338395,88,33.942,667,32
1788093804.5841093,88,33.942,667,32
1788093804.6345596,88,33.942,667,32
1788093804.6848593,88,31.107,607,32
1788093804.7351198,88,31.107,607,32
1788093804.785828,88,31.107,607,32
1788093804.8363626,88,31.107,607,32
1788093804.886621,88,31.107,607,32
1788093804.9372098,88,31.107,607,32
1788093804.9873707,88,31.107,607,32
1788093805.0377603,88,31.107,607,32
1788093805.0879147,88,31.107,607,32
1788093805.1385596,88,30.686,517,32
1788093805.1888235,88,30.686,517,32
1788093805.2394066,88,30.686,517,32
1788093805.290023,88,30.686,517,32
1788093805.3404672,88,30.686,517,32
1788093805.391014,88,30.686,517,32
1788093805.4411876,88,30.686,517,32
1788093805.4914958,88,30.686,517,32
1788093805.5419748,88,30.686,517,32
1788093805.5925066,88,30.686,517,32
1788093805.6430593,88,31.363,1042,1
1788093805.6933243,88,31.363,1042,1
1788093805.7438366,88,31.363,1042,1
1788093805.7942014,88,31.363,1042,1
1788093805.8444438,88,31.363,1042,1
1788093805.8946216,88,31.363,1042,1
1788093805.945029,88,31.363,1042,1
1788093805.9956603,88,31.363,1042,1
1788093806.0459676,88,31.363,1042,1
1788093806.0964396,88,31.363,1042,1
1788093806.1471384,89,33.215,1065,32
1788093806.197453,89,33.215,1065,32
1788093806.2477174,89,33.215,1065,32
1788093806.2979238,89,33.215,1065,32
1788093806.3484154,89,33.215,1065,32
1788093806.399036,89,33.215,1065,32
1788093806.449337,89,33.215,1065,32
1788093806.499604,89,33.215,1065,32
1788093806.549785,89,33.215,1065,32
1788093806.600348,89,33.215,1065,32
1788093806.6509323,89,35.152,1042,32
1788093806.7012994,89,35.152,1042,32
1788093806.751848,89,35.152,1042,32
1788093806.8023918,89,35.152,1042,32
1788093806.8529117,89,35.152,1042,32
1788093806.9034703,89,35.152,1042,32
1788093806.9540176,89,35.152,1042,32
1788093807.0044458,89,35.152,1042,32
1788093807.0546768,89,35.152,1042,32
1788093807.1049356,89,35.152,1042,32
1788093807.1555297,88,32.136,315,32
1788093807.205895,88,32.136,315,32
1788093807.256326,88,32.136,315,32
1788093807.3066125,88,32.136,315,32
1788093807.357031,88,32.136,315,32
1788093807.4075983,88,32.136,315,32
1788093807.4580743,88,32.136,315,32
1788093807.5084085,88,32.136,315,32
1788093807.5590327,88,32.136,315,32
1788093807.6095467,88,32.136,315,32
1788093807.6599894,89,29.179,1237,32
1788093807.7106314,89,29.179,1237,32
1788093807.7613335,89,29.179,1237,32
1788093807.8116994,89,29.179,1237,32
1788093807.8622952,89,29.179,1237,32
1788093807.9127278,89,29.179,1237,32
1788093807.9629607,89,29.179,1237,32
1788093808.013164,89,29.179,1237,32
1788093808.0642018,89,29.179,1237,32
1788093808.1144884,89,29.179,1237,32
1788093808.1648972,89,31.853,1042,32
1788093808.2153444,89,31.853,1042,32
1788093808.2656891,89,31.853,1042,32
1788093808.3163772,89,31.853,1042,32
1788093808.3670843,89,31.853,1042,32
1788093808.4176576,89,31.853,1042,32
1788093808.4681945,89,31.853,1042,32
1788093808.5185516,89,31.853,1042,32
1788093808.5687966,89,31.853,1042,32
1788093808.6189945,89,31.853,1042,32
1788093808.66968,89,35.056,982,32
1788093808.7201145,89,35.056,982,32
1788093808.7704082,89,35.056,982,32
1788093808.8206403,89,35.056,982,32
1788093808.8711731,89,35.056,982,32
1788093808.9216683,89,35.056,982,32
1788093808.9722512,89,35.056,982,32
1788093809.0226135,89,35.056,982,32
1788093809.073216,89,35.056,982,32
1788093809.1234415,89,35.056,982,32
1788093809.174033,89,33.643,967,32
1788093809.2247496,89,33.643,967,32
1788093809.2749977,89,33.643,967,32
1788093809.3254154,89,33.643,967,32
1788093809.375582,89,33.643,967,32
1788093809.4257708,89,33.643,967,32
1788093809.476174,89,33.643,967,32
1788093809.5266979,89,33.643,967,32
1788093809.5771005,89,33.643,967,32
1788093809.6274304,89,33.643,967,32
1788093809.6780171,89,33.722,922,32
1788093809.7284226,89,33.722,922,32
1788093809.7787125,89,33.722,922,32
1788093809.8292563,89,33.722,922,32
1788093809.8794973,89,33.722,922,32
1788093809.929636,89,33.722,922,32
1788093809.9801276,89,33.722,922,32
1788093810.0304635,89,33.722,922,32
1788093810.0810235,89,33.722,922,32
1788093810.1313388,89,33.722,922,32
1788093810.1826253,89,33.756,982,32
1788093810.2409856,89,33.756,982,32
1788093810.295557,89,33.756,982,32
1788093810.3484085,89,33.756,982,32
1788093810.3995264,89,33.756,982,32
1788093810.4498572,89,33.756,982,32
1788093810.5003293,89,33.756,982,32
1788093810.550886,89,33.756,982,32
1788093810.6012955,89,33.756,982,32
1788093810.6515474,88,32.262,1237,32
1788093810.7115908,88,32.262,1237,32
1788093810.762058,88,32.262,1237,32
1788093810.812542,88,32.262,1237,32
1788093810.8628874,88,32.262,1237,32
1788093810.913407,88,32.262,1237,32
1788093810.9635897,88,32.262,1237,32
1788093811.013969,88,32.262,1237,32
1788093811.0641348,88,32.262,1237,32
1788093811.1146326,88,32.262,1237,32
1788093811.165196,88,30.668,1237,32
1788093811.2158234,88,30.668,1237,32
1788093811.265984,88,30.668,1237,32
1788093811.3162093,88,30.668,1237,32
1788093811.3665311,88,30.668,1237,32
1788093811.4171312,88,30.668,1237,32
1788093811.467453,88,30.668,1237,32
1788093811.517942,88,30.668,1237,32
1788093811.568326,88,30.668,1237,32
1788093811.618797,88,30.668,1237,32
1788093811.6691275,89,30.928,1237,32
1788093811.7196205,89,30.928,1237,32
1788093811.7702835,89,30.928,1237,32
1788093811.8207188,89,30.928,1237,32
1788093811.8710043,89,30.928,1237,32
1788093811.9212875,89,30.928,1237,32
1788093811.9718173,89,30.928,1237,32
1788093812.022262,89,30.928,1237,32
1788093812.0727773,89,30.928,1237,32
1788093812.1234016,89,30.928,1237,32
1788093812.173805,88,30.526,720,32
1788093812.2241204,88,30.526,720,32
1788093812.2744389,88,30.526,720,32
1788093812.3248343,88,30.526,720,32
1788093812.3754618,88,30.526,720,32
1788093812.4260557,88,30.526,720,32
1788093812.476661,88,30.526,720,32
1788093812.5271502,88,30.526,720,32
1788093812.5774307,88,30.526,720,32
1788093812.6277366,88,30.526,720,32
1788093812.6782813,88,31.415,442,32
1788093812.7285392,88,31.415,442,32
1788093812.778974,88,31.415,442,32
1788093812.8298285,88,31.415,442,32
1788093812.88018,88,31.415,442,32
1788093812.9307182,88,31.415,442,32
1788093812.9809291,88,31.415,442,32
1788093813.031159,88,31.415,442,32
1788093813.0816054,88,31.415,442,32
1788093813.1322632,88,31.415,442,32
1788093813.1824331,89,31.585,997,32
1788093813.2328637,89,31.585,997,32
1788093813.283096,89,31.585,997,32
1788093813.3334632,89,31.585,997,32
1788093813.3838513,89,31.585,997,32
1788093813.4340436,89,31.585,997,32
1788093813.4842818,89,31.585,997,32
1788093813.5346344,89,31.585,997,32
1788093813.5851862,89,31.585,997,32
1788093813.6354887,89,31.585,997,32
1788093813.6858993,89,33.678,1020,32
1788093813.736459,89,33.678,1020,32
1788093813.7869103,89,33.678,1020,32
1788093813.8371081,89,33.678,1020,32
1788093813.8876219,89,33.678,1020,32
1788093813.93799,89,33.678,1020,32
1788093813.9884489,89,33.678,1020,32
1788093814.0387917,89,33.678,1020,32
1788093814.0892797,89,33.678,1020,32
1788093814.1398277,89,33.541,660,32
1788093814.190445,89,33.541,660,32
1788093814.2409782,89,33.541,660,32
1788093814.291346,89,33.541,660,32
1788093814.3419757,89,33.541,660,32
1788093814.3926108,89,33.541,660,32
1788093814.4430094,89,33.541,660,32
1788093814.4933422,89,33.541,660,32
1788093814.5436087,89,33.541,660,32
1788093814.594066,89,33.541,660,32
1788093814.6443741,88,32.142,712,32
1788093814.694591,88,32.142,712,32
1788093814.744805,88,32.142,712,32
1788093814.7951877,88,32.142,712,32
1788093814.845531,88,32.142,712,32
1788093814.896046,88,32.142,712,32
1788093814.9465506,88,32.142,712,32
1788093814.9968212,88,32.142,712,32
1788093815.0474682,88,32.142,712,32
1788093815.097965,88,32.142,712,32
1788093815.1485934,88,30.875,690,32
1788093815.198996,88,30.875,690,32
1788093815.2496088,88,30.875,690,32
1788093815.2999015,88,30.875,690,32
1788093815.3503819,88,30.875,690,32
1788093815.4010518,88,30.875,690,32
1788093815.451602,88,30.875,690,32
1788093815.5022943,88,30.875,690,32
1788093815.552906,88,30.875,690,32
1788093815.60335,88,30.875,690,32
1788093815.6535552,87,28.796,1125,1
1788093815.704129,87,28.796,1125,1
1788093815.7546983,87,28.796,1125,1
1788093815.805395,87,28.796,1125,1
1788093815.8556669,87,28.796,1125,1
1788093815.9062116,87,28.796,1125,1
1788093815.956432,87,28.796,1125,1
1788093816.0069516,87,28.796,1125,1
1788093816.0573766,87,28.796,1125,1
1788093816.1076832,87,28.796,1125,1
1788093816.1582422,89,30.642,1192,32
1788093816.208696,89,30.642,1192,32
1788093816.2591875,89,30.642,1192,32
1788093816.3094628,89,30.642,1192,32
1788093816.3598666,89,30.642,1192,32
1788093816.4101188,89,30.642,1192,32
1788093816.4602497,89,30.642,1192,32
1788093816.5107965,89,30.642,1192,32
1788093816.561272,89,30.642,1192,32
1788093816.611535,89,30.642,1192,32
1788093816.662075,89,34.123,945,32
1788093816.7124994,89,34.123,945,32
1788093816.7627423,89,34.123,945,32
1788093816.8131223,89,34.123,945,32
1788093816.8633344,89,34.123,945,32
1788093816.913818,89,34.123,945,32
1788093816.9644418,89,34.123,945,32
1788093817.0148234,89,34.123,945,32
1788093817.065131,89,34.123,945,32
1788093817.1154554,89,34.123,945,32
1788093817.1657572,89,33.369,802,32
1788093817.2161822,89,33.369,802,32
1788093817.2666786,89,33.369,802,32
1788093817.3169343,89,33.369,802,32
1788093817.3675992,89,33.369,802,32
1788093817.4178545,89,33.369,802,32
1788093817.4684436,89,33.369,802,32
1788093817.5189862,89,33.369,802,32
1788093817.5695255,89,33.369,802,32
1788093817.6199105,89,33.369,802,32
1788093817.6704566,88,32.192,945,32
1788093817.7209382,88,32.192,945,32
1788093817.7711778,88,32.192,945,32
1788093817.821899,88,32.192,945,32
1788093817.872448,88,32.192,945,32
1788093817.9231744,88,32.192,945,32
1788093817.9735787,88,32.192,945,32
1788093818.0239367,88,32.192,945,32
1788093818.0743086,88,32.192,945,32
1788093818.1247785,88,32.192,945,32
1788093818.1750302,88,32.423,952,32
1788093818.2256727,88,32.423,952,32
1788093818.276226,88,32.423,952,32
1788093818.326737,88,32.423,952,32
1788093818.3773038,88,32.423,952,32
1788093818.4282932,88,32.423,952,32
1788093818.4786763,88,32.423,952,32
1788093818.5292656,88,32.423,952,32
1788093818.5797427,88,32.423,952,32
1788093818.6299262,88,32.423,952,32
1788093818.680303,88,32.384,742,32
1788093818.730723,88,32.384,742,32
1788093818.7812872,88,32.384,742,32
1788093818.8315017,88,32.384,742,32
1788093818.8818889,88,32.384,742,32
1788093818.9324205,88,32.384,742,32
1788093818.9828327,88,32.384,742,32
1788093819.033156,88,32.384,742,32
1788093819.08337,88,32.384,742,32
1788093819.1336093,88,32.384,742,32
1788093819.184086,88,32.267,915,32
1788093819.2344115,88,32.267,915,32
1788093819.2846785,88,32.267,915,32
1788093819.3349626,88,32.267,915,32
1788093819.385345,88,32.267,915,32
1788093819.4356816,88,32.267,915,32
1788093819.4858108,88,32.267,915,32
1788093819.5362766,88,32.267,915,32
1788093819.5865703,88,32.267,915,32
1788093819.636808,88,32.267,915,32
1788093819.6869855,88,29.886,1050,1
1788093819.737209,88,29.886,1050,1
1788093819.7875404,88,29.886,1050,1
1788093819.8381324,88,29.886,1050,1
1788093819.888624,88,29.886,1050,1
1788093819.939271,88,29.886,1050,1
1788093819.989803,88,29.886,1050,1
1788093820.0402708,88,29.886,1050,1
1788093820.0906146,88,29.886,1050,1
1788093820.1409554,89,31.857,1087,32
1788093820.1915884,89,31.857,1087,32
1788093820.24189,89,31.857,1087,32
1788093820.2923362,89,31.857,1087,32
1788093820.3429623,89,31.857,1087,32
1788093820.3931792,89,31.857,1087,32
1788093820.443478,89,31.857,1087,32
1788093820.4936256,89,31.857,1087,32
1788093820.5442421,89,31.857,1087,32
1788093820.594575,89,31.857,1087,32
1788093820.6450493,89,34.827,712,32
1788093820.6957386,89,34.827,712,32
1788093820.7458766,89,34.827,712,32
1788093820.7963574,89,34.827,712,32
1788093820.8467085,89,34.827,712,32
1788093820.8974214,89,34.827,712,32
1788093820.9476118,89,34.827,712,32
1788093820.998241,89,34.827,712,32
1788093821.048493,89,34.827,712,32
1788093821.0986826,89,34.827,712,32
1788093821.1492088,88,32.36,832,32
1788093821.1994596,88,32.36,832,32
1788093821.249833,88,32.36,832,32
1788093821.300503,88,32.36,832,32
1788093821.3510323,88,32.36,832,32
1788093821.4012659,88,32.36,832,32
1788093821.4518838,88,32.36,832,32
1788093821.502232,88,32.36,832,32
1788093821.5527377,88,32.36,832,32
1788093821.6029224,88,32.36,832,32
1788093821.6531935,88,31.61,705,32
1788093821.7038372,88,31.61,705,32
1788093821.754454,88,31.61,705,32
1788093821.8051085,88,31.61,705,32
1788093821.855558,88,31.61,705,32
1788093821.9057157,88,31.61,705,32
1788093821.9562278,88,31.61,705,32
1788093822.0065985,88,31.61,705,32
1788093822.056868,88,31.61,705,32
1788093822.1075234,88,31.61,705,32
1788093822.1578972,88,31.783,810,32
1788093822.2084494,88,31.783,810,32
1788093822.258756,88,31.783,810,32
1788093822.3090255,88,31.783,810,32
1788093822.3594856,88,31.783,810,32
1788093822.4101152,88,31.783,810,32
1788093822.46069,88,31.783,810,32
1788093822.5108516,88,31.783,810,32
1788093822.56127,88,31.783,810,32
1788093822.6118467,88,31.783,810,32
1788093822.6622689,88,31.578,682,32
1788093822.712777,88,31.578,682,32
1788093822.7630305,88,31.578,682,32
1788093822.81351,88,31.578,682,32
1788093822.8640673,88,31.578,682,32
1788093822.9146173,88,31.578,682,32
1788093822.9653482,88,31.578,682,32
1788093823.0155866,88,31.578,682,32
1788093823.0662622,88,31.578,682,32
1788093823.1166596,88,31.578,682,32
1788093823.1669433,88,31.274,705,32
1788093823.21728,88,31.274,705,32
1788093823.2675753,88,31.274,705,32
1788093823.3178089,88,31.274,705,32
1788093823.368465,88,31.274,705,32
1788093823.4186304,88,31.274,705,32
1788093823.4692976,88,31.274,705,32
1788093823.5196517,88,31.274,705,32
1788093823.5702798,88,31.274,705,32
1788093823.6208382,88,31.274,705,32
1788093823.6712062,87,28.908,1200,1
1788093823.721618,87,28.908,1200,1
1788093823.7722247,87,28.908,1200,1
1788093823.8229706,87,28.908,1200,1
1788093823.873666,87,28.908,1200,1
1788093823.9241629,87,28.908,1200,1
1788093823.974714,87,28.908,1200,1
1788093824.0252383,87,28.908,1200,1
1788093824.075537,87,28.908,1200,1
1788093824.125979,87,28.908,1200,1
1788093824.1767044,89,30.148,1237,32
1788093824.2269728,89,30.148,1237,32
1788093824.2772458,89,30.148,1237,32
1788093824.3278348,89,30.148,1237,32
1788093824.3783395,89,30.148,1237,32
1788093824.428891,89,30.148,1237,32
1788093824.4790623,89,30.148,1237,32
1788093824.5296016,89,30.148,1237,32
1788093824.5798552,89,30.148,1237,32
1788093824.6304593,89,30.148,1237,32
1788093824.6811903,88,31.453,270,32
1788093824.7316904,88,31.453,270,32
1788093824.7823594,88,31.453,270,32
1788093824.8329332,88,31.453,270,32
1788093824.8835053,88,31.453,270,32
1788093824.9339721,88,31.453,270,32
1788093824.9846966,88,31.453,270,32
1788093825.0351422,88,31.453,270,32
1788093825.0856326,88,31.453,270,32
1788093825.1359556,88,31.453,270,32
1788093825.1865776,88,32.0,1072,32
1788093825.2368863,88,32.0,1072,32
1788093825.287293,88,32.0,1072,32
1788093825.3379645,88,32.0,1072,32
1788093825.3883305,88,32.0,1072,32
1788093825.438744,88,32.0,1072,32
1788093825.489146,88,32.0,1072,32
1788093825.5396965,88,32.0,1072,32
1788093825.5902183,88,32.0,1072,32
1788093825.640512,89,31.72,1095,32
1788093825.690849,89,31.72,1095,32
1788093825.7412255,89,31.72,1095,32
1788093825.7915812,89,31.72,1095,32
1788093825.8421507,89,31.72,1095,32
1788093825.89263,89,31.72,1095,32
1788093825.94324,89,31.72,1095,32
1788093825.993737,89,31.72,1095,32
1788093826.043986,89,31.72,1095,32
1788093826.094546,89,31.72,1095,32
1788093826.144873,89,33.173,1020,32
1788093826.195321,89,33.173,1020,32
1788093826.2459774,89,33.173,1020,32
1788093826.2965257,89,33.173,1020,32
1788093826.3467565,89,33.173,1020,32
1788093826.3971543,89,33.173,1020,32
1788093826.447418,89,33.173,1020,32
1788093826.4978085,89,33.173,1020,32
1788093826.5481625,89,33.173,1020,32
1788093826.598614,89,33.173,1020,32
1788093826.6488059,89,33.207,877,32
1788093826.6990361,89,33.207,877,32
1788093826.7493663,89,33.207,877,32
1788093826.7997968,89,33.207,877,32
1788093826.8500314,89,33.207,877,32
1788093826.9004908,89,33.207,877,32
1788093826.950634,89,33.207,877,32
1788093827.00118,89,33.207,877,32
1788093827.0515099,89,33.207,877,32
1788093827.1018052,89,33.207,877,32
1788093827.1524389,89,33.287,967,32
1788093827.2029269,89,33.287,967,32
1788093827.2537117,89,33.287,967,32
1788093827.3043015,89,33.287,967,32
1788093827.3547747,89,33.287,967,32
1788093827.4050834,89,33.287,967,32
1788093827.4554439,89,33.287,967,32
1788093827.5057063,89,33.287,967,32
1788093827.556118,89,33.287,967,32
1788093827.6064095,89,33.287,967,32
1788093827.6568024,87,30.673,1222,32
1788093827.7069607,87,30.673,1222,32
1788093827.7574983,87,30.673,1222,32
1788093827.8077643,87,30.673,1222,32
1788093827.8579428,87,30.673,1222,32
1788093827.9081619,87,30.673,1222,32
1788093827.95859,87,30.673,1222,32
1788093828.0090752,87,30.673,1222,32
1788093828.0594497,87,30.673,1222,32
1788093828.1100664,87,30.673,1222,32
1788093828.1606114,89,32.114,622,32
1788093828.2109814,89,32.114,622,32
1788093828.2614143,89,32.114,622,32
1788093828.3116887,89,32.114,622,32
1788093828.3618624,89,32.114,622,32
1788093828.4122326,89,32.114,622,32
1788093828.4628563,89,32.114,622,32
1788093828.5131755,89,32.114,622,32
1788093828.5636427,89,32.114,622,32
1788093828.613875,89,32.114,622,32
1788093828.664329,88,31.05,885,32
1788093828.7148654,88,31.05,885,32
1788093828.7652025,88,31.05,885,32
1788093828.8156743,88,31.05,885,32
1788093828.8659008,88,31.05,885,32
1788093828.916261,88,31.05,885,32
1788093828.966425,88,31.05,885,32
1788093829.016617,88,31.05,885,32
1788093829.0669904,88,31.05,885,32
1788093829.1172905,88,31.05,885,32
1788093829.1677449,89,30.848,1117,32
1788093829.2182608,89,30.848,1117,32
1788093829.2685444,89,30.848,1117,32
1788093829.318941,89,30.848,1117,32
1788093829.3692274,89,30.848,1117,32
1788093829.419479,89,30.848,1117,32
1788093829.4699526,89,30.848,1117,32
1788093829.5204515,89,30.848,1117,32
1788093829.5706651,89,30.848,1117,32
1788093829.6213105,89,30.848,1117,32
1788093829.67178,89,33.153,1042,32
1788093829.722251,89,33.153,1042,32
1788093829.7724202,89,33.153,1042,32
1788093829.8226428,89,33.153,1042,32
1788093829.873371,89,33.153,1042,32
1788093829.9236917,89,33.153,1042,32
1788093829.9742062,89,33.153,1042,32
1788093830.024807,89,33.153,1042,32
1788093830.075532,89,33.153,1042,32
1788093830.1257002,89,33.153,1042,32
1788093830.176287,89,33.892,1140,32
1788093830.2265284,89,33.892,1140,32
1788093830.2771082,89,33.892,1140,32
1788093830.327783,89,33.892,1140,32
1788093830.3781617,89,33.892,1140,32
1788093830.4287105,89,33.892,1140,32
1788093830.4788928,89,33.892,1140,32
1788093830.529646,89,33.892,1140,32
1788093830.5803173,89,33.892,1140,32
1788093830.6306114,89,33.892,1140,32
1788093830.6812208,89,33.873,772,32
1788093830.731662,89,33.873,772,32
1788093830.7820709,89,33.873,772,32
1788093830.8324962,89,33.873,772,32
1788093830.8831456,89,33.873,772,32
1788093830.9335902,89,33.873,772,32
1788093830.9841669,89,33.873,772,32
1788093831.0346901,89,33.873,772,32
1788093831.084891,89,33.873,772,32
1788093831.1354227,89,33.873,772,32
1788093831.186056,89,32.566,795,32
1788093831.236538,89,32.566,795,32
1788093831.2869194,89,32.566,795,32
1788093831.3373399,89,32.566,795,32
1788093831.3877733,89,32.566,795,32
1788093831.4384391,89,32.566,795,32
1788093831.4886131,89,32.566,795,32
1788093831.5392842,89,32.566,795,32
1788093831.5898285,89,32.566,795,32
1788093831.6403675,87,29.043,892,1
1788093831.6907606,87,29.043,892,1
1788093831.7410853,87,29.043,892,1
1788093831.7915986,87,29.043,892,1
1788093831.8419678,87,29.043,892,1
1788093831.8922238,87,29.043,892,1
1788093831.9426222,87,29.043,892,1
1788093831.9931414,87,29.043,892,1
1788093832.043756,87,29.043,892,1
1788093832.0940824,87,29.043,892,1
1788093832.1444132,89,28.51,1237,32
1788093832.1950605,89,28.51,1237,32
1788093832.2454405,89,28.51,1237,32
1788093832.295867,89,28.51,1237,32
1788093832.3462229,89,28.51,1237,32
1788093832.3964877,89,28.51,1237,32
1788093832.4468632,89,28.51,1237,32
1788093832.4972327,89,28.51,1237,32
1788093832.5474505,89,28.51,1237,32
1788093832.5977867,89,28.51,1237,32
1788093832.6482053,88,29.892,382,32
1788093832.698429,88,29.892,382,32
1788093832.7491238,88,29.892,382,32
1788093832.799407,88,29.892,382,32
1788093832.8496633,88,29.892,382,32
1788093832.89998,88,29.892,382,32
1788093832.9505916,88,29.892,382,32
1788093833.000848,88,29.892,382,32
1788093833.051403,88,29.892,382,32
1788093833.1019773,88,29.892,382,32
1788093833.1521811,88,31.697,1042,1
1788093833.2025232,88,31.697,1042,1
1788093833.2531877,88,31.697,1042,1
1788093833.303514,88,31.697,1042,1
1788093833.353822,88,31.697,1042,1
1788093833.4044034,88,31.697,1042,1
1788093833.454628,88,31.697,1042,1
1788093833.5052147,88,31.697,1042,1
1788093833.5557563,88,31.697,1042,1
1788093833.605904,88,31.697,1042,1
1788093833.6561983,89,31.55,967,32
1788093833.7065823,89,31.55,967,32
1788093833.7570841,89,31.55,967,32
1788093833.807705,89,31.55,967,32
1788093833.858007,89,31.55,967,32
1788093833.9084964,89,31.55,967,32
1788093833.9589615,89,31.55,967,32
1788093834.0091925,89,31.55,967,32
1788093834.0596275,89,31.55,967,32
1788093834.1099303,89,31.55,967,32
1788093834.160105,89,33.684,1110,32
1788093834.2107708,89,33.684,1110,32
1788093834.2612255,89,33.684,1110,32
1788093834.311513,89,33.684,1110,32
1788093834.3617918,89,33.684,1110,32
1788093834.4123452,89,33.684,1110,32
1788093834.462733,89,33.684,1110,32
1788093834.5133955,89,33.684,1110,32
1788093834.564001,89,33.684,1110,32
1788093834.6151533,89,33.684,1110,32
1788093834.6656723,89,34.103,997,32
1788093834.7158442,89,34.103,997,32
1788093834.7664115,89,34.103,997,32
1788093834.8169687,89,34.103,997,32
1788093834.867325,89,34.103,997,32
1788093834.9179056,89,34.103,997,32
1788093834.9685278,89,34.103,997,32
1788093835.0187778,89,34.103,997,32
1788093835.0693693,89,34.103,997,32
1788093835.1196258,89,34.103,997,32
1788093835.1698177,89,33.838,967,32
1788093835.2204404,89,33.838,967,32
1788093835.2706716,89,33.838,967,32
1788093835.3212,89,33.838,967,32
1788093835.3717456,89,33.838,967,32
1788093835.4221916,89,33.838,967,32
1788093835.4727027,89,33.838,967,32
1788093835.5230403,89,33.838,967,32
1788093835.5735548,89,33.838,967,32
1788093835.6239014,89,33.838,967,32
1788093835.674485,88,31.46,1237,32
1788093835.7249093,88,31.46,1237,32
1788093835.7751284,88,31.46,1237,32
1788093835.8255482,88,31.46,1237,32
1788093835.875961,88,31.46,1237,32
1788093835.9263241,88,31.46,1237,32
1788093835.976745,88,31.46,1237,32
1788093836.0272348,88,31.46,1237,32
1788093836.07763,88,31.46,1237,32
1788093836.1279657,88,31.46,1237,32
1788093836.1785858,89,30.91,1237,32
1788093836.2290936,89,30.91,1237,32
1788093836.2796893,89,30.91,1237,32
1788093836.3299696,89,30.91,1237,32
1788093836.380444,89,30.91,1237,32
1788093836.431044,89,30.91,1237,32
1788093836.481544,89,30.91,1237,32
1788093836.5317223,89,30.91,1237,32
1788093836.5823283,89,30.91,1237,32
1788093836.6325073,89,30.91,1237,32
1788093836.6827142,89,32.654,1102,32
1788093836.7330365,89,32.654,1102,32
1788093836.7835546,89,32.654,1102,32
1788093836.8339894,89,32.654,1102,32
1788093836.884488,89,32.654,1102,32
1788093836.93501,89,32.654,1102,32
1788093836.9852843,89,32.654,1102,32
1788093837.03575,89,32.654,1102,32
1788093837.086282,89,32.654,1102,32
1788093837.136573,89,32.654,1102,32
1788093837.1868145,88,33.379,240,32
1788093837.2375205,88,33.379,240,32
1788093837.2880912,88,33.379,240,32
1788093837.3384874,88,33.379,240,32
1788093837.3891423,88,33.379,240,32
1788093837.4393528,88,33.379,240,32
1788093837.4898334,88,33.379,240,32
1788093837.5400841,88,33.379,240,32
1788093837.590593,88,33.379,240,32
1788093837.6409492,88,31.334,922,32
1788093837.691237,88,31.334,922,32
1788093837.7415755,88,31.334,922,32
1788093837.7918098,88,31.334,922,32
1788093837.842279,88,31.334,922,32
1788093837.8925378,88,31.334,922,32
1788093837.9427898,88,31.334,922,32
1788093837.993385,88,31.334,922,32
1788093838.0437477,88,31.334,922,32
1788093838.0943816,88,31.334,922,32
1788093838.144761,88,31.231,967,32
1788093838.195123,88,31.231,967,32
1788093838.245319,88,31.231,967,32
1788093838.2958915,88,31.231,967,32
1788093838.3463066,88,31.231,967,32
1788093838.3970313,88,31.231,967,32
1788093838.4475524,88,31.231,967,32
1788093838.4977224,88,31.231,967,32
1788093838.5483153,88,31.231,967,32
1788093838.5988688,88,31.231,967,32
1788093838.6493745,89,32.613,967,32
1788093838.7000618,89,32.613,967,32
1788093838.7507308,89,32.613,967,32
1788093838.801113,89,32.613,967,32
1788093838.8514192,89,32.613,967,32
1788093838.9017231,89,32.613,967,32
1788093838.952502,89,32.613,967,32
1788093839.0030613,89,32.613,967,32
1788093839.0534525,89,32.613,967,32
1788093839.1037562,89,32.613,967,32
1788093839.1542077,88,32.682,937,32
1788093839.2044456,88,32.682,937,32
1788093839.2548852,88,32.682,937,32
1788093839.3050756,88,32.682,937,32
1788093839.3556075,88,32.682,937,32
1788093839.4060657,88,32.682,937,32
1788093839.4564202,88,32.682,937,32
1788093839.506816,88,32.682,937,32
1788093839.5572636,88,32.682,937,32
1788093839.6076365,88,32.682,937,32
1788093839.6578555,88,32.666,892,32
1788093839.7081192,88,32.666,892,32
1788093839.7582514,88,32.666,892,32
1788093839.8083897,88,32.666,892,32
1788093839.8593013,88,32.666,892,32
1788093839.9098651,88,32.666,892,32
1788093839.9602714,88,32.666,892,32
1788093840.0106015,88,32.666,892,32
1788093840.0608082,88,32.666,892,32
1788093840.1111715,88,32.666,892,32
1788093840.1617289,88,30.162,1200,1
1788093840.2123125,88,30.162,1200,1
1788093840.26273,88,30.162,1200,1
1788093840.3128946,88,30.162,1200,1
1788093840.3633056,88,30.162,1200,1
1788093840.413881,88,30.162,1200,1
1788093840.4642534,88,30.162,1200,1
1788093840.514634,88,30.162,1200,1
1788093840.5649898,88,30.162,1200,1
1788093840.6153255,88,30.162,1200,1
1788093840.6658902,88,29.478,712,32
1788093840.7162623,88,29.478,712,32
1788093840.7668514,88,29.478,712,32
1788093840.8171363,88,29.478,712,32
1788093840.867626,88,29.478,712,32
1788093840.918183,88,29.478,712,32
1788093840.9684803,88,29.478,712,32
1788093841.019091,88,29.478,712,32
1788093841.0693555,88,29.478,712,32
1788093841.1197166,88,29.478,712,32
1788093841.1699336,89,32.408,1200,32
1788093841.2202926,89,32.408,1200,32
1788093841.2707303,89,32.408,1200,32
1788093841.3213086,89,32.408,1200,32
1788093841.3720574,89,32.408,1200,32
1788093841.4224424,89,32.408,1200,32
1788093841.4729083,89,32.408,1200,32
1788093841.52353,89,32.408,1200,32
1788093841.574187,89,32.408,1200,32
1788093841.6248171,89,32.408,1200,32
1788093841.6752546,88,32.156,810,32
1788093841.7255492,88,32.156,810,32
1788093841.775933,88,32.156,810,32
1788093841.8261847,88,32.156,810,32
1788093841.8766127,88,32.156,810,32
1788093841.9272943,88,32.156,810,32
1788093841.9775965,88,32.156,810,32
1788093842.0278347,88,32.156,810,32
1788093842.0784068,88,32.156,810,32
1788093842.1289513,88,32.156,810,32
1788093842.1793504,89,32.936,1087,32
1788093842.22953,89,32.936,1087,32
1788093842.280024,89,32.936,1087,32
1788093842.3301399,89,32.936,1087,32
1788093842.3804612,89,32.936,1087,32
1788093842.430884,89,32.936,1087,32
1788093842.4815602,89,32.936,1087,32
1788093842.5320203,89,32.936,1087,32
1788093842.5825114,89,32.936,1087,32
1788093842.6329072,89,32.936,1087,32
1788093842.6832385,88,32.959,982,32
1788093842.7336924,88,32.959,982,32
1788093842.7840462,88,32.959,982,32
1788093842.834489,88,32.959,982,32
1788093842.8848412,88,32.959,982,32
1788093842.9353814,88,32.959,982,32
1788093842.9856648,88,32.959,982,32
1788093843.0362153,88,32.959,982,32
1788093843.0864563,88,32.959,982,32
1788093843.1368315,88,32.959,982,32
1788093843.1871562,88,32.729,922,32
1788093843.237473,88,32.729,922,32
1788093843.2881181,88,32.729,922,32
1788093843.3388436,88,32.729,922,32
1788093843.3895128,88,32.729,922,32
1788093843.4401474,88,32.729,922,32
1788093843.4905071,88,32.729,922,32
1788093843.540815,88,32.729,922,32
1788093843.5910962,88,32.729,922,32
1788093843.64155,88,32.424,772,32
1788093843.6920488,88,32.424,772,32
1788093843.7424011,88,32.424,772,32
1788093843.792917,88,32.424,772,32
1788093843.8431625,88,32.424,772,32
1788093843.8936589,88,32.424,772,32
1788093843.9438643,88,32.424,772,32
1788093843.9942129,88,32.424,772,32
1788093844.0443733,88,32.424,772,32
1788093844.0948315,88,32.424,772,32
1788093844.1452677,88,30.403,1237,32
1788093844.1958177,88,30.403,1237,32
1788093844.2464976,88,30.403,1237,32
1788093844.2968411,88,30.403,1237,32
1788093844.3473523,88,30.403,1237,32
1788093844.3978665,88,30.403,1237,32
1788093844.4480617,88,30.403,1237,32
1788093844.4984307,88,30.403,1237,32
1788093844.548706,88,30.403,1237,32
1788093844.5992146,88,30.403,1237,32
1788093844.6493711,89,31.939,1087,32
1788093844.699689,89,31.939,1087,32
1788093844.7503145,89,31.939,1087,32
1788093844.8005586,89,31.939,1087,32
1788093844.8512654,89,31.939,1087,32
1788093844.9014745,89,31.939,1087,32
1788093844.952113,89,31.939,1087,32
1788093845.0022604,89,31.939,1087,32
1788093845.052546,89,31.939,1087,32
1788093845.1031091,89,31.939,1087,32
1788093845.153731,89,34.956,1087,32
1788093845.2039862,89,34.956,1087,32
1788093845.2543967,89,34.956,1087,32
1788093845.3047836,89,34.956,1087,32
1788093845.354925,89,34.956,1087,32
1788093845.4051712,89,34.956,1087,32
1788093845.4556727,89,34.956,1087,32
1788093845.5059657,89,34.956,1087,32
1788093845.5563817,89,34.956,1087,32
1788093845.6066918,89,34.956,1087,32
1788093845.6568198,89,33.712,945,32
1788093845.7073407,89,33.712,945,32
1788093845.7575605,89,33.712,945,32
1788093845.8079138,89,33.712,945,32
1788093845.8580637,89,33.712,945,32
1788093845.9087539,89,33.712,945,32
1788093845.9590437,89,33.712,945,32
1788093846.0095897,89,33.712,945,32
1788093846.0597348,89,33.712,945,32
1788093846.1102629,89,33.712,945,32
1788093846.1605277,89,33.63,1050,32
1788093846.211147,89,33.63,1050,32
1788093846.2617276,89,33.63,1050,32
1788093846.3121574,89,33.63,1050,32
1788093846.3623867,89,33.63,1050,32
1788093846.412671,89,33.63,1050,32
1788093846.463442,89,33.63,1050,32
1788093846.5139916,89,33.63,1050,32
1788093846.564345,89,33.63,1050,32
1788093846.6149423,89,33.63,1050,32
1788093846.6652765,89,33.924,1080,32
1788093846.7158206,89,33.924,1080,32
1788093846.7661707,89,33.924,1080,32
1788093846.8165114,89,33.924,1080,32
1788093846.8671021,89,33.924,1080,32
1788093846.9174283,89,33.924,1080,32
1788093846.9676192,89,33.924,1080,32
1788093847.0179958,89,33.924,1080,32
1788093847.0686584,89,33.924,1080,32
1788093847.118908,89,33.924,1080,32
1788093847.169347,89,33.576,1065,32
1788093847.2199,89,33.576,1065,32
1788093847.2703671,89,33.576,1065,32
1788093847.3208,89,33.576,1065,32
1788093847.371131,89,33.576,1065,32
1788093847.4215438,89,33.576,1065,32
1788093847.4719799,89,33.576,1065,32
1788093847.5225472,89,33.576,1065,32
1788093847.5727174,89,33.576,1065,32
1788093847.623391,89,33.576,1065,32
1788093847.674008,87,31.919,1237,32
1788093847.7243714,87,31.919,1237,32
1788093847.7746975,87,31.919,1237,32
1788093847.82488,87,31.919,1237,32
1788093847.875427,87,31.919,1237,32
1788093847.9259033,87,31.919,1237,32
1788093847.9765942,87,31.919,1237,32
1788093848.0268564,87,31.919,1237,32
1788093848.0774195,87,31.919,1237,32
1788093848.1279247,87,31.919,1237,32
1788093848.1781967,89,30.83,1237,32
1788093848.2287807,89,30.83,1237,32
1788093848.2789764,89,30.83,1237,32
1788093848.3295965,89,30.83,1237,32
1788093848.3801432,89,30.83,1237,32
1788093848.4304433,89,30.83,1237,32
1788093848.4806538,89,30.83,1237,32
1788093848.5312083,89,30.83,1237,32
1788093848.5814836,89,30.83,1237,32
1788093848.6319726,89,30.83,1237,32
1788093848.682236,88,29.942,900,32
1788093848.7326162,88,29.942,900,32
1788093848.7833328,88,29.942,900,32
1788093848.8336287,88,29.942,900,32
1788093848.884007,88,29.942,900,32
1788093848.93429,88,29.942,900,32
1788093848.9847841,88,29.942,900,32
1788093849.0351233,88,29.942,900,32
1788093849.0854242,88,29.942,900,32
1788093849.1359942,88,29.942,900,32
1788093849.1862588,88,31.875,645,32
1788093849.2366097,88,31.875,645,32
1788093849.287175,88,31.875,645,32
1788093849.3377156,88,31.875,645,32
1788093849.3880594,88,31.875,645,32
1788093849.4383452,88,31.875,645,32
1788093849.4887257,88,31.875,645,32
1788093849.5392349,88,31.875,645,32
1788093849.5899763,88,31.875,645,32
1788093849.6401384,88,31.875,645,32
1788093849.6907291,88,31.622,855,32
1788093849.741347,88,31.622,855,32
1788093849.7915854,88,31.622,855,32
1788093849.8422863,88,31.622,855,32
1788093849.8925903,88,31.622,855,32
1788093849.9431942,88,31.622,855,32
1788093849.993604,88,31.622,855,32
1788093850.0440192,88,31.622,855,32
1788093850.0945363,88,31.622,855,32
1788093850.1451452,88,31.737,847,32
1788093850.1955712,88,31.737,847,32
1788093850.245857,88,31.737,847,32
1788093850.2960927,88,31.737,847,32
1788093850.3464339,88,31.737,847,32
1788093850.3967524,88,31.737,847,32
1788093850.4471416,88,31.737,847,32
1788093850.4973786,88,31.737,847,32
1788093850.547819,88,31.737,847,32
1788093850.5982604,88,31.737,847,32
1788093850.6484594,88,31.862,682,32
1788093850.6990159,88,31.862,682,32
1788093850.7495399,88,31.862,682,32
1788093850.799754,88,31.862,682,32
1788093850.849924,88,31.862,682,32
1788093850.9006114,88,31.862,682,32
1788093850.950877,88,31.862,682,32
1788093851.0011055,88,31.862,682,32
1788093851.0514617,88,31.862,682,32
1788093851.1019254,88,31.862,682,32
1788093851.1523888,88,32.032,742,32
1788093851.2029252,88,32.032,742,32
1788093851.2533393,88,32.032,742,32
1788093851.3035603,88,32.032,742,32
1788093851.3541658,88,32.032,742,32
1788093851.4048426,88,32.032,742,32
1788093851.455284,88,32.032,742,32
1788093851.505836,88,32.032,742,32
1788093851.555965,88,32.032,742,32
1788093851.6062753,88,32.032,742,32
1788093851.656644,88,31.896,862,32
1788093851.7071931,88,31.896,862,32
1788093851.7578545,88,31.896,862,32
1788093851.8084154,88,31.896,862,32
1788093851.8588445,88,31.896,862,32
1788093851.9090059,88,31.896,862,32
1788093851.9597101,88,31.896,862,32
1788093852.0099452,88,31.896,862,32
1788093852.06032,88,31.896,862,32
1788093852.1107047,88,31.896,862,32
1788093852.1613584,88,29.342,915,1
1788093852.2120094,88,29.342,915,1
1788093852.2622879,88,29.342,915,1
1788093852.312923,88,29.342,915,1
1788093852.3631227,88,29.342,915,1
1788093852.4136784,88,29.342,915,1
1788093852.4639282,88,29.342,915,1
1788093852.5141742,88,29.342,915,1
1788093852.564535,88,29.342,915,1
1788093852.6151314,88,29.342,915,1
1788093852.6654305,89,31.31,607,32
1788093852.715852,89,31.31,607,32
1788093852.7662218,89,31.31,607,32
1788093852.8164065,89,31.31,607,32
1788093852.8665507,89,31.31,607,32
1788093852.9168878,89,31.31,607,32
1788093852.967152,89,31.31,607,32
1788093853.0175781,89,31.31,607,32
1788093853.0677722,89,31.31,607,32
1788093853.118138,89,31.31,607,32
1788093853.1687455,88,33.606,870,32
1788093853.219264,88,33.606,870,32
1788093853.2697396,88,33.606,870,32
1788093853.3201227,88,33.606,870,32
1788093853.3703575,88,33.606,870,32
1788093853.4207902,88,33.606,870,32
1788093853.471488,88,33.606,870,32
1788093853.5217347,88,33.606,870,32
1788093853.5721643,88,33.606,870,32
1788093853.6227372,88,33.606,870,32
1788093853.6733193,88,32.434,660,32
1788093853.7235384,88,32.434,660,32
1788093853.7740777,88,32.434,660,32
1788093853.8246703,88,32.434,660,32
1788093853.8753297,88,32.434,660,32
1788093853.9257839,88,32.434,660,32
1788093853.976324,88,32.434,660,32
1788093854.026596,88,32.434,660,32
1788093854.07732,88,32.434,660,32
1788093854.1277375,88,32.434,660,32
1788093854.1784582,88,31.804,870,32
1788093854.228714,88,31.804,870,32
1788093854.2792523,88,31.804,870,32
1788093854.3299384,88,31.804,870,32
1788093854.3802526,88,31.804,870,32
1788093854.4310021,88,31.804,870,32
1788093854.4815197,88,31.804,870,32
1788093854.531773,88,31.804,870,32
1788093854.582245,88,31.804,870,32
1788093854.63245,88,31.804,870,32
1788093854.6826775,88,31.754,592,32
1788093854.73294,88,31.754,592,32
1788093854.783214,88,31.754,592,32
1788093854.8335478,88,31.754,592,32
1788093854.8837876,88,31.754,592,32
1788093854.9342785,88,31.754,592,32
1788093854.9845798,88,31.754,592,32
1788093855.0351186,88,31.754,592,32
1788093855.0856636,88,31.754,592,32
1788093855.1362307,88,31.754,592,32
1788093855.18685,88,31.832,885,32
1788093855.237194,88,31.832,885,32
1788093855.2875764,88,31.832,885,32
1788093855.338141,88,31.832,885,32
1788093855.3884742,88,31.832,885,32
1788093855.4391565,88,31.832,885,32
1788093855.4895425,88,31.832,885,32
1788093855.5396945,88,31.832,885,32
1788093855.5899897,88,31.832,885,32
1788093855.6404934,88,31.832,885,32
1788093855.6909435,88,31.744,585,32
1788093855.7411194,88,31.744,585,32
1788093855.7917604,88,31.744,585,32
1788093855.8419435,88,31.744,585,32
1788093855.8923285,88,31.744,585,32
1788093855.9426367,88,31.744,585,32
1788093855.9929876,88,31.744,585,32
1788093856.0435617,88,31.744,585,32
1788093856.093952,88,31.744,585,32
1788093856.144337,87,30.735,907,32
1788093856.1948862,87,30.735,907,32
1788093856.24509,87,30.735,907,32
1788093856.2955432,87,30.735,907,32
1788093856.346,87,30.735,907,32
1788093856.3966734,87,30.735,907,32
1788093856.4472115,87,30.735,907,32
1788093856.4978478,87,30.735,907,32
1788093856.5483484,87,30.735,907,32
1788093856.598746,87,30.735,907,32
1788093856.6493194,89,29.688,1117,32
1788093856.699737,89,29.688,1117,32
1788093856.7501154,89,29.688,1117,32
1788093856.8003993,89,29.688,1117,32
1788093856.850817,89,29.688,1117,32
1788093856.9013672,89,29.688,1117,32
1788093856.9517376,89,29.688,1117,32
1788093857.0020545,89,29.688,1117,32
1788093857.0527005,89,29.688,1117,32
1788093857.1031404,89,29.688,1117,32
1788093857.153602,89,31.754,1162,32
1788093857.2038007,89,31.754,1162,32
1788093857.2544613,89,31.754,1162,32
1788093857.3050199,89,31.754,1162,32
1788093857.3555062,89,31.754,1162,32
1788093857.4060385,89,31.754,1162,32
1788093857.4565454,89,31.754,1162,32
1788093857.5070348,89,31.754,1162,32
1788093857.5572057,89,31.754,1162,32
1788093857.6076558,89,31.754,1162,32
1788093857.6580114,88,33.313,510,32
1788093857.7083485,88,33.313,510,32
1788093857.759027,88,33.313,510,32
1788093857.8095284,88,33.313,510,32
1788093857.8601952,88,33.313,510,32
1788093857.9107683,88,33.313,510,32
1788093857.9612467,88,33.313,510,32
1788093858.011884,88,33.313,510,32
1788093858.0621276,88,33.313,510,32
1788093858.1124818,88,33.313,510,32
1788093858.1628437,89,32.065,1177,32
1788093858.2134585,89,32.065,1177,32
1788093858.2638423,89,32.065,1177,32
1788093858.3143785,89,32.065,1177,32
1788093858.365094,89,32.065,1177,32
1788093858.4156792,89,32.065,1177,32
1788093858.4661126,89,32.065,1177,32
1788093858.5163035,89,32.065,1177,32
1788093858.566705,89,32.065,1177,32
1788093858.6171086,89,32.065,1177,32
1788093858.667381,89,33.652,1170,32
1788093858.7178147,89,33.652,1170,32
1788093858.768301,89,33.652,1170,32
1788093858.8187647,89,33.652,1170,32
1788093858.8690145,89,33.652,1170,32
1788093858.919161,89,33.652,1170,32
1788093858.9695845,89,33.652,1170,32
1788093859.0200975,89,33.652,1170,32
1788093859.070981,89,33.652,1170,32
1788093859.1216252,89,33.652,1170,32
1788093859.1722293,88,32.658,787,32
1788093859.2226133,88,32.658,787,32
1788093859.2732186,88,32.658,787,32
1788093859.3238208,88,32.658,787,32
1788093859.3742263,88,32.658,787,32
1788093859.424867,88,32.658,787,32
1788093859.4752846,88,32.658,787,32
1788093859.5257823,88,32.658,787,32
1788093859.5759864,88,32.658,787,32
1788093859.626276,88,32.658,787,32
1788093859.6764696,88,31.168,930,32
1788093859.726786,88,31.168,930,32
1788093859.7773435,88,31.168,930,32
1788093859.8280387,88,31.168,930,32
1788093859.8786166,88,31.168,930,32
1788093859.9287968,88,31.168,930,32
1788093859.9794703,88,31.168,930,32
1788093860.030158,88,31.168,930,32
1788093860.0806077,88,31.168,930,32
1788093860.1307466,88,31.168,930,32
1788093860.1811182,88,31.428,1042,32
1788093860.2312827,88,31.428,1042,32
1788093860.281792,88,31.428,1042,32
1788093860.331961,88,31.428,1042,32
1788093860.3824587,88,31.428,1042,32
1788093860.432619,88,31.428,1042,32
1788093860.4828067,88,31.428,1042,32
1788093860.5333512,88,31.428,1042,32
1788093860.5835862,88,31.428,1042,32
1788093860.633795,88,31.428,1042,32
1788093860.6843746,88,29.258,1140,32
1788093860.7348945,88,29.258,1140,32
1788093860.7852843,88,29.258,1140,32
1788093860.8359091,88,29.258,1140,32
1788093860.8865156,88,29.258,1140,32
1788093860.9371557,88,29.258,1140,32
1788093860.9874504,88,29.258,1140,32
1788093861.0378332,88,29.258,1140,32
1788093861.0882812,88,29.258,1140,32
1788093861.13891,88,29.258,1140,32
1788093861.1894186,89,31.389,1110,32
1788093861.2398236,89,31.389,1110,32
1788093861.2903516,89,31.389,1110,32
1788093861.340728,89,31.389,1110,32
1788093861.3909247,89,31.389,1110,32
1788093861.4414482,89,31.389,1110,32
1788093861.4917412,89,31.389,1110,32
1788093861.542349,89,31.389,1110,32
1788093861.592682,89,31.389,1110,32
1788093861.643025,88,33.404,345,32
1788093861.6934705,88,33.404,345,32
1788093861.743872,88,33.404,345,32
1788093861.7944605,88,33.404,345,32
1788093861.8450375,88,33.404,345,32
1788093861.895567,88,33.404,345,32
1788093861.9457996,88,33.404,345,32
1788093861.9964778,88,33.404,345,32
1788093862.0468442,88,33.404,345,32
1788093862.0974922,88,33.404,345,32
1788093862.1478753,88,30.776,1005,32
1788093862.1983793,88,30.776,1005,32
1788093862.248589,88,30.776,1005,32
1788093862.299062,88,30.776,1005,32
1788093862.349449,88,30.776,1005,32
1788093862.399733,88,30.776,1005,32
1788093862.449952,88,30.776,1005,32
1788093862.5003135,88,30.776,1005,32
1788093862.5509596,88,30.776,1005,32
1788093862.6014273,88,30.776,1005,32
1788093862.6519346,89,31.389,967,32
1788093862.7020738,89,31.389,967,32
1788093862.7522607,89,31.389,967,32
1788093862.8027732,89,31.389,967,32
1788093862.8531396,89,31.389,967,32
1788093862.9034777,89,31.389,967,32
1788093862.9538774,89,31.389,967,32
1788093863.0044048,89,31.389,967,32
1788093863.0549877,89,31.389,967,32
1788093863.1052923,89,31.389,967,32
1788093863.1557283,89,33.419,900,32
1788093863.2062395,89,33.419,900,32
1788093863.2567227,89,33.419,900,32
1788093863.3069618,89,33.419,900,32
1788093863.357581,89,33.419,900,32
1788093863.408185,89,33.419,900,32
1788093863.4585843,89,33.419,900,32
1788093863.508871,89,33.419,900,32
1788093863.5593576,89,33.419,900,32
1788093863.60954,89,33.419,900,32
1788093863.6599963,89,33.671,1020,32
1788093863.710414,89,33.671,1020,32
1788093863.7609015,89,33.671,1020,32
1788093863.8112452,89,33.671,1020,32
1788093863.8613899,89,33.671,1020,32
1788093863.9119544,89,33.671,1020,32
1788093863.9621646,89,33.671,1020,32
1788093864.012405,89,33.671,1020,32
1788093864.062898,89,33.671,1020,32
1788093864.113135,89,33.671,1020,32
1788093864.1634622,89,33.75,1095,32
1788093864.2137208,89,33.75,1095,32
1788093864.2641687,89,33.75,1095,32
1788093864.31444,89,33.75,1095,32
1788093864.3649762,89,33.75,1095,32
1788093864.4156961,89,33.75,1095,32
1788093864.4661543,89,33.75,1095,32
1788093864.5167325,89,33.75,1095,32
1788093864.5669289,89,33.75,1095,32
1788093864.6171227,89,33.75,1095,32
1788093864.667781,89,31.347,1177,32
1788093864.7180316,89,31.347,1177,32
1788093864.7682745,89,31.347,1177,32
1788093864.8186738,89,31.347,1177,32
1788093864.8692095,89,31.347,1177,32
1788093864.919639,89,31.347,1177,32
1788093864.9697917,89,31.347,1177,32
1788093865.0200512,89,31.347,1177,32
1788093865.070393,89,31.347,1177,32
1788093865.1208732,89,31.347,1177,32
1788093865.1712873,89,32.386,285,32
1788093865.2218874,89,32.386,285,32
1788093865.2724586,89,32.386,285,32
1788093865.3230023,89,32.386,285,32
1788093865.3731983,89,32.386,285,32
1788093865.4237952,89,32.386,285,32
1788093865.4743698,89,32.386,285,32
1788093865.5248058,89,32.386,285,32
1788093865.5752144,89,32.386,285,32
1788093865.6258554,89,32.386,285,32
1788093865.6762547,88,32.296,832,32
1788093865.7269363,88,32.296,832,32
1788093865.7773767,88,32.296,832,32
1788093865.8277934,88,32.296,832,32
1788093865.878312,88,32.296,832,32
1788093865.9289289,88,32.296,832,32
1788093865.979258,88,32.296,832,32
1788093866.029828,88,32.296,832,32
1788093866.080517,88,32.296,832,32
1788093866.1313646,88,32.296,832,32
1788093866.1819706,88,30.41,885,32
1788093866.232137,88,30.41,885,32
1788093866.2824805,88,30.41,885,32
1788093866.3328185,88,30.41,885,32
1788093866.3834937,88,30.41,885,32
1788093866.4340918,88,30.41,885,32
1788093866.4844773,88,30.41,885,32
1788093866.535143,88,30.41,885,32
1788093866.5855582,88,30.41,885,32
1788093866.636165,88,30.41,885,32
1788093866.6867478,88,31.929,757,32
1788093866.7369204,88,31.929,757,32
1788093866.7873752,88,31.929,757,32
1788093866.8379712,88,31.929,757,32
1788093866.8885007,88,31.929,757,32
1788093866.9389627,88,31.929,757,32
1788093866.989641,88,31.929,757,32
1788093867.0401611,88,31.929,757,32
1788093867.0907145,88,31.929,757,32
1788093867.1409562,88,31.929,757,32
1788093867.191513,88,31.97,637,32
1788093867.2418673,88,31.97,637,32
1788093867.2920966,88,31.97,637,32
1788093867.3426542,88,31.97,637,32
1788093867.3931775,88,31.97,637,32
1788093867.44387,88,31.97,637,32
1788093867.4942834,88,31.97,637,32
1788093867.5445783,88,31.97,637,32
1788093867.5947683,88,31.97,637,32
1788093867.6452165,88,32.044,765,32
1788093867.6956222,88,32.044,765,32
1788093867.7459085,88,32.044,765,32
1788093867.7964096,88,32.044,765,32
1788093867.8465712,88,32.044,765,32
1788093867.8968453,88,32.044,765,32
1788093867.947239,88,32.044,765,32
1788093867.99759,88,32.044,765,32
1788093868.047976,88,32.044,765,32
1788093868.0982838,88,32.044,765,32
1788093868.1485422,88,32.091,825,32
1788093868.198676,88,32.091,825,32
1788093868.2488897,88,32.091,825,32
1788093868.2990968,88,32.091,825,32
1788093868.3495812,88,32.091,825,32
1788093868.3999288,88,32.091,825,32
1788093868.450503,88,32.091,825,32
1788093868.5007102,88,32.091,825,32
1788093868.5512104,88,32.091,825,32
1788093868.6016438,88,32.091,825,32
1788093868.6521869,87,30.963,1237,32
1788093868.702537,87,30.963,1237,32
1788093868.7530732,87,30.963,1237,32
1788093868.803494,87,30.963,1237,32
1788093868.853732,87,30.963,1237,32
1788093868.9041104,87,30.963,1237,32
1788093868.9544127,87,30.963,1237,32
1788093869.0050833,87,30.963,1237,32
1788093869.0556507,87,30.963,1237,32
1788093869.1059468,87,30.963,1237,32
1788093869.156102,89,31.648,1237,32
1788093869.2063558,89,31.648,1237,32
1788093869.256864,89,31.648,1237,32
1788093869.3073797,89,31.648,1237,32
1788093869.3577535,89,31.648,1237,32
1788093869.407882,89,31.648,1237,32
1788093869.4581835,89,31.648,1237,32
1788093869.508813,89,31.648,1237,32
1788093869.5592396,89,31.648,1237,32
1788093869.6098228,89,31.648,1237,32
1788093869.6602712,89,33.028,952,32
1788093869.7108016,89,33.028,952,32
1788093869.7610705,89,33.028,952,32
1788093869.8114257,89,33.028,952,32
1788093869.8618326,89,33.028,952,32
1788093869.9120085,89,33.028,952,32
1788093869.9622881,89,33.028,952,32
1788093870.0126016,89,33.028,952,32
1788093870.0630405,89,33.028,952,32
1788093870.1134849,89,33.028,952,32
1788093870.1640596,89,33.922,945,32
1788093870.214564,89,33.922,945,32
1788093870.265083,89,33.922,945,32
1788093870.3156288,89,33.922,945,32
1788093870.3657885,89,33.922,945,32
1788093870.4160402,89,33.922,945,32
1788093870.4664714,89,33.922,945,32
1788093870.5168152,89,33.922,945,32
1788093870.5673666,89,33.922,945,32
1788093870.6179326,89,33.922,945,32
1788093870.6685023,89,32.26,705,32
1788093870.7189407,89,32.26,705,32
1788093870.7692225,89,32.26,705,32
1788093870.8198235,89,32.26,705,32
1788093870.8702438,89,32.26,705,32
1788093870.9208677,89,32.26,705,32
1788093870.9712796,89,32.26,705,32
1788093871.0216002,89,32.26,705,32
1788093871.0721395,89,32.26,705,32
1788093871.1227086,89,32.26,705,32
1788093871.1732137,88,32.295,840,32
1788093871.2237542,88,32.295,840,32
1788093871.2739835,88,32.295,840,32
1788093871.3242867,88,32.295,840,32
1788093871.3748891,88,32.295,840,32
1788093871.4255881,88,32.295,840,32
1788093871.47581,88,32.295,840,32
1788093871.5263126,88,32.295,840,32
1788093871.5766363,88,32.295,840,32
1788093871.6271825,88,32.295,840,32
1788093871.677798,88,31.655,960,32
1788093871.728542,88,31.655,960,32
1788093871.7791424,88,31.655,960,32
1788093871.8295841,88,31.655,960,32
1788093871.8797245,88,31.655,960,32
1788093871.9301233,88,31.655,960,32
1788093871.9804454,88,31.655,960,32
1788093872.0306215,88,31.655,960,32
1788093872.0809426,88,31.655,960,32
1788093872.131374,88,31.655,960,32
1788093872.181708,88,31.708,705,32
1788093872.232371,88,31.708,705,32
1788093872.2829158,88,31.708,705,32
1788093872.333545,88,31.708,705,32
1788093872.3838289,88,31.708,705,32
1788093872.4342406,88,31.708,705,32
1788093872.4850338,88,31.708,705,32
1788093872.535549,88,31.708,705,32
1788093872.5859396,88,31.708,705,32
1788093872.6364222,88,31.708,705,32
1788093872.6866906,87,30.382,1237,32
1788093872.7368784,87,30.382,1237,32
1788093872.7871847,87,30.382,1237,32
1788093872.8373768,87,30.382,1237,32
1788093872.8879561,87,30.382,1237,32
1788093872.938247,87,30.382,1237,32
1788093872.988673,87,30.382,1237,32
1788093873.0393643,87,30.382,1237,32
1788093873.0897815,87,30.382,1237,32
1788093873.1403992,87,30.382,1237,32
1788093873.1907914,89,30.736,742,32
1788093873.241121,89,30.736,742,32
1788093873.2919152,89,30.736,742,32
1788093873.3421621,89,30.736,742,32
1788093873.3925428,89,30.736,742,32
1788093873.4430478,89,30.736,742,32
1788093873.493718,89,30.736,742,32
1788093873.5440273,89,30.736,742,32
1788093873.5945454,89,30.736,742,32
1788093873.644942,88,30.461,712,32
1788093873.695225,88,30.461,712,32
1788093873.7454333,88,30.461,712,32
1788093873.7959754,88,30.461,712,32
1788093873.8466158,88,30.461,712,32
1788093873.897289,88,30.461,712,32
1788093873.947948,88,30.461,712,32
1788093873.9985073,88,30.461,712,32
1788093874.0489125,88,30.461,712,32
1788093874.0995615,88,30.461,712,32
1788093874.1500409,88,31.29,577,32
1788093874.2005794,88,31.29,577,32
1788093874.2508502,88,31.29,577,32
1788093874.301146,88,31.29,577,32
1788093874.3518069,88,31.29,577,32
1788093874.4023724,88,31.29,577,32
1788093874.452741,88,31.29,577,32
1788093874.5031524,88,31.29,577,32
1788093874.5536325,88,31.29,577,32
1788093874.6041484,88,31.29,577,32
1788093874.6546433,88,30.936,495,32
1788093874.7049782,88,30.936,495,32
1788093874.755263,88,30.936,495,32
1788093874.8054922,88,30.936,495,32
1788093874.8560781,88,30.936,495,32
1788093874.9066534,88,30.936,495,32
1788093874.9570374,88,30.936,495,32
1788093875.007342,88,30.936,495,32
1788093875.057743,88,30.936,495,32
1788093875.1083348,88,30.936,495,32
1788093875.1586344,88,30.863,465,32
1788093875.2089057,88,30.863,465,32
1788093875.2591593,88,30.863,465,32
1788093875.3094418,88,30.863,465,32
1788093875.3600264,88,30.863,465,32
1788093875.4103165,88,30.863,465,32
1788093875.4608004,88,30.863,465,32
1788093875.5110292,88,30.863,465,32
1788093875.5615778,88,30.863,465,32
1788093875.6121624,88,30.863,465,32
1788093875.6627412,88,30.822,562,32
1788093875.713237,88,30.822,562,32
1788093875.7637758,88,30.822,562,32
1788093875.8141248,88,30.822,562,32
1788093875.8643713,88,30.822,562,32
1788093875.9147985,88,30.822,562,32
1788093875.9653575,88,30.822,562,32
1788093876.015752,88,30.822,562,32
1788093876.0660121,88,30.822,562,32
1788093876.1162267,88,30.822,562,32
1788093876.166674,88,30.759,757,32
1788093876.2173424,88,30.759,757,32
1788093876.2678099,88,30.759,757,32
1788093876.3181067,88,30.759,757,32
1788093876.368285,88,30.759,757,32
1788093876.4187732,88,30.759,757,32
1788093876.469237,88,30.759,757,32
1788093876.5196934,88,30.759,757,32
1788093876.569898,88,30.759,757,32
1788093876.6202366,88,30.759,757,32
1788093876.6705713,88,30.856,1057,32
1788093876.7209938,88,30.856,1057,32
1788093876.7713003,88,30.856,1057,32
1788093876.821849,88,30.856,1057,32
1788093876.8722503,88,30.856,1057,32
1788093876.922487,88,30.856,1057,32
1788093876.972942,88,30.856,1057,32
1788093877.0231411,88,30.856,1057,32
1788093877.0737338,88,30.856,1057,32
1788093877.1242018,88,30.856,1057,32
1788093877.1749055,87,31.436,1237,32
1788093877.2254593,87,31.436,1237,32
1788093877.2759101,87,31.436,1237,32
1788093877.3262203,87,31.436,1237,32
1788093877.3767622,87,31.436,1237,32
1788093877.4270003,87,31.436,1237,32
1788093877.4775975,87,31.436,1237,32
1788093877.528123,87,31.436,1237,32
1788093877.5783458,87,31.436,1237,32
1788093877.6286035,87,31.436,1237,32
1788093877.6789393,89,32.9,1035,32
1788093877.7294228,89,32.9,1035,32
1788093877.7796328,89,32.9,1035,32
1788093877.829953,89,32.9,1035,32
1788093877.8804362,89,32.9,1035,32
1788093877.9310634,89,32.9,1035,32
1788093877.9813116,89,32.9,1035,32
1788093878.0318155,89,32.9,1035,32
1788093878.082497,89,32.9,1035,32
1788093878.1327925,89,32.9,1035,32
1788093878.1833675,88,31.667,675,32
1788093878.2336636,88,31.667,675,32
1788093878.2837746,88,31.667,675,32
1788093878.3341877,88,31.667,675,32
1788093878.3844469,88,31.667,675,32
1788093878.434829,88,31.667,675,32
1788093878.4850752,88,31.667,675,32
1788093878.535537,88,31.667,675,32
1788093878.585887,88,31.667,675,32
1788093878.6363063,88,31.667,675,32
1788093878.686972,88,31.62,682,32
1788093878.7375271,88,31.62,682,32
1788093878.7877321,88,31.62,682,32
1788093878.8380446,88,31.62,682,32
1788093878.8886049,88,31.62,682,32
1788093878.939056,88,31.62,682,32
1788093878.989742,88,31.62,682,32
1788093879.0404155,88,31.62,682,32
1788093879.090784,88,31.62,682,32
1788093879.1414018,88,31.62,682,32
1788093879.191792,88,30.489,525,32
1788093879.2423167,88,30.489,525,32
1788093879.2930386,88,30.489,525,32
1788093879.3434904,88,30.489,525,32
1788093879.3941052,88,30.489,525,32
1788093879.4447262,88,30.489,525,32
1788093879.4952576,88,30.489,525,32
1788093879.545405,88,30.489,525,32
1788093879.596024,88,30.489,525,32
1788093879.64655,88,30.532,435,32
1788093879.696915,88,30.532,435,32
1788093879.7471185,88,30.532,435,32
1788093879.797613,88,30.532,435,32
1788093879.8481736,88,30.532,435,32
1788093879.8984022,88,30.532,435,32
1788093879.9489841,88,30.532,435,32
1788093879.9993937,88,30.532,435,32
1788093880.0498455,88,30.532,435,32
1788093880.100095,88,30.532,435,32
1788093880.150276,88,30.492,585,32
1788093880.2007906,88,30.492,585,32
1788093880.2510993,88,30.492,585,32
1788093880.301802,88,30.492,585,32
1788093880.3522844,88,30.492,585,32
1788093880.402614,88,30.492,585,32
1788093880.4532692,88,30.492,585,32
1788093880.503638,88,30.492,585,32
1788093880.55396,88,30.492,585,32
1788093880.6046634,88,30.492,585,32
1788093880.6550822,88,30.464,682,32
1788093880.7054505,88,30.464,682,32
1788093880.7556663,88,30.464,682,32
1788093880.8059254,88,30.464,682,32
1788093880.85639,88,30.464,682,32
1788093880.906778,88,30.464,682,32
1788093880.9574335,88,30.464,682,32
1788093881.007809,88,30.464,682,32
1788093881.058001,88,30.464,682,32
1788093881.108207,88,30.464,682,32
1788093881.1587656,88,30.492,615,32
1788093881.208917,88,30.492,615,32
1788093881.259253,88,30.492,615,32
1788093881.3095808,88,30.492,615,32
1788093881.3598206,88,30.492,615,32
1788093881.4102435,88,30.492,615,32
1788093881.4608977,88,30.492,615,32
1788093881.5111024,88,30.492,615,32
1788093881.5617409,88,30.492,615,32
1788093881.6120481,88,30.492,615,32
1788093881.6625175,88,31.571,1237,32
1788093881.7128122,88,31.571,1237,32
1788093881.763014,88,31.571,1237,32
1788093881.8133152,88,31.571,1237,32
1788093881.863747,88,31.571,1237,32
1788093881.914388,88,31.571,1237,32
1788093881.9646158,88,31.571,1237,32
1788093882.0149696,88,31.571,1237,32
1788093882.065514,88,31.571,1237,32
1788093882.116094,88,31.571,1237,32
1788093882.1664941,89,31.485,1222,32
1788093882.216816,89,31.485,1222,32
1788093882.2672114,89,31.485,1222,32
1788093882.3175924,89,31.485,1222,32
1788093882.3681123,89,31.485,1222,32
1788093882.4187622,89,31.485,1222,32
1788093882.4690378,89,31.485,1222,32
1788093882.5196123,89,31.485,1222,32
1788093882.5699124,89,31.485,1222,32
1788093882.6203723,89,31.485,1222,32
1788093882.6706007,88,32.216,742,32
1788093882.7207866,88,32.216,742,32
1788093882.7713292,88,32.216,742,32
1788093882.8216403,88,32.216,742,32
1788093882.8721128,88,32.216,742,32
1788093882.9223895,88,32.216,742,32
1788093882.9730392,88,32.216,742,32
1788093883.0236025,88,32.216,742,32
1788093883.074181,88,32.216,742,32
1788093883.124403,88,32.216,742,32
1788093883.1748416,88,32.714,727,32
1788093883.225148,88,32.714,727,32
1788093883.2753272,88,32.714,727,32
1788093883.3258965,88,32.714,727,32
1788093883.3764987,88,32.714,727,32
1788093883.4270034,88,32.714,727,32
1788093883.4774563,88,32.714,727,32
1788093883.5278018,88,32.714,727,32
1788093883.5782483,88,32.714,727,32
1788093883.6284893,88,32.714,727,32
1788093883.678965,88,30.523,457,32
1788093883.7291236,88,30.523,457,32
1788093883.7794971,88,30.523,457,32
1788093883.8297122,88,30.523,457,32
1788093883.880175,88,30.523,457,32
1788093883.93049,88,30.523,457,32
1788093883.98112,88,30.523,457,32
1788093884.0317001,88,30.523,457,32
1788093884.082238,88,30.523,457,32
1788093884.132662,88,30.523,457,32
1788093884.183246,89,31.392,1102,32
1788093884.2334228,89,31.392,1102,32
1788093884.2840116,89,31.392,1102,32
1788093884.3343399,89,31.392,1102,32
1788093884.3849952,89,31.392,1102,32
1788093884.4355671,89,31.392,1102,32
1788093884.4859555,89,31.392,1102,32
1788093884.536534,89,31.392,1102,32
1788093884.5869896,89,31.392,1102,32
1788093884.6375067,89,31.392,1102,32
1788093884.6877956,89,33.226,1125,32
1788093884.7383265,89,33.226,1125,32
1788093884.7888064,89,33.226,1125,32
1788093884.8392622,89,33.226,1125,32
1788093884.889405,89,33.226,1125,32
1788093884.9399815,89,33.226,1125,32
1788093884.9906514,89,33.226,1125,32
1788093885.041112,89,33.226,1125,32
1788093885.0914624,89,33.226,1125,32
1788093885.1417472,89,33.226,1125,32
1788093885.1920137,88,32.848,330,32
1788093885.2422333,88,32.848,330,32
1788093885.2926772,88,32.848,330,32
1788093885.3432512,88,32.848,330,32
1788093885.3937652,88,32.848,330,32
1788093885.4443588,88,32.848,330,32
1788093885.4946997,88,32.848,330,32
1788093885.5453393,88,32.848,330,32
1788093885.5957785,88,32.848,330,32
1788093885.6461492,88,30.979,840,32
1788093885.6966765,88,30.979,840,32
1788093885.7470367,88,30.979,840,32
1788093885.7974865,88,30.979,840,32
1788093885.8479986,88,30.979,840,32
1788093885.8985927,88,30.979,840,32
1788093885.9489212,88,30.979,840,32
1788093885.9994106,88,30.979,840,32
1788093886.0496995,88,30.979,840,32
1788093886.1003525,88,30.979,840,32
1788093886.1505468,87,29.276,997,32
1788093886.2011387,87,29.276,997,32
1788093886.251496,87,29.276,997,32
1788093886.3016958,87,29.276,997,32
1788093886.3529723,87,29.276,997,32
1788093886.4032905,87,29.276,997,32
1788093886.453585,87,29.276,997,32
1788093886.5040193,87,29.276,997,32
1788093886.554276,87,29.276,997,32
1788093886.6049328,87,29.276,997,32
1788093886.6553957,89,32.34,412,32
1788093886.7058232,89,32.34,412,32
1788093886.7561722,89,32.34,412,32
1788093886.8067338,89,32.34,412,32
1788093886.8572614,89,32.34,412,32
1788093886.9074614,89,32.34,412,32
1788093886.9580154,89,32.34,412,32
1788093887.0082707,89,32.34,412,32
1788093887.0587134,89,32.34,412,32
1788093887.1092055,89,32.34,412,32
1788093887.1598818,88,31.413,412,32
1788093887.2101426,88,31.413,412,32
1788093887.2606006,88,31.413,412,32
1788093887.311306,88,31.413,412,32
1788093887.361909,88,31.413,412,32
1788093887.412478,88,31.413,412,32
1788093887.4629853,88,31.413,412,32
1788093887.513212,88,31.413,412,32
1788093887.5634825,88,31.413,412,32
1788093887.6138544,88,31.413,412,32
1788093887.664119,89,30.892,1012,32
1788093887.7144086,89,30.892,1012,32
1788093887.7647374,89,30.892,1012,32
1788093887.8153121,89,30.892,1012,32
1788093887.8655212,89,30.892,1012,32
1788093887.9156816,89,30.892,1012,32
1788093887.966166,89,30.892,1012,32
1788093888.0165606,89,30.892,1012,32
1788093888.0670836,89,30.892,1012,32
1788093888.117421,89,30.892,1012,32
1788093888.1678581,89,32.256,1042,32
1788093888.2184196,89,32.256,1042,32
1788093888.2691267,89,32.256,1042,32
1788093888.3197572,89,32.256,1042,32
1788093888.3702998,89,32.256,1042,32
1788093888.420917,89,32.256,1042,32
1788093888.471176,89,32.256,1042,32
1788093888.5217226,89,32.256,1042,32
1788093888.5719862,89,32.256,1042,32
1788093888.6225338,89,32.256,1042,32
1788093888.6730926,89,34.016,1095,32
1788093888.7233474,89,34.016,1095,32
1788093888.77392,89,34.016,1095,32
1788093888.8245306,89,34.016,1095,32
1788093888.8753195,89,34.016,1095,32
1788093888.925946,89,34.016,1095,32
1788093888.976457,89,34.016,1095,32
1788093889.0270486,89,34.016,1095,32
1788093889.0776658,89,34.016,1095,32
1788093889.1278617,89,34.016,1095,32
1788093889.1780326,89,33.818,1035,32
1788093889.228469,89,33.818,1035,32
1788093889.2790341,89,33.818,1035,32
1788093889.329375,89,33.818,1035,32
1788093889.3799944,89,33.818,1035,32
1788093889.43037,89,33.818,1035,32
1788093889.4808998,89,33.818,1035,32
1788093889.5310524,89,33.818,1035,32
1788093889.5814254,89,33.818,1035,32
1788093889.6317503,89,33.818,1035,32
1788093889.682422,89,33.902,982,32
1788093889.7327332,89,33.902,982,32
1788093889.7834337,89,33.902,982,32
1788093889.8336353,89,33.902,982,32
1788093889.8838315,89,33.902,982,32
1788093889.9344225,89,33.902,982,32
1788093889.984577,89,33.902,982,32
1788093890.03524,89,33.902,982,32
1788093890.0859766,89,33.902,982,32
1788093890.136459,89,33.902,982,32
1788093890.1872284,88,30.727,1080,1
1788093890.2376919,88,30.727,1080,1
1788093890.2882235,88,30.727,1080,1
1788093890.3387318,88,30.727,1080,1
1788093890.3889964,88,30.727,1080,1
1788093890.4391649,88,30.727,1080,1
1788093890.4894574,88,30.727,1080,1
1788093890.5401943,88,30.727,1080,1
1788093890.5908246,88,30.727,1080,1
1788093890.6410053,88,30.727,1080,1
1788093890.6912637,89,31.212,1072,32
1788093890.741717,89,31.212,1072,32
1788093890.792313,89,31.212,1072,32
1788093890.8427513,89,31.212,1072,32
1788093890.8933136,89,31.212,1072,32
1788093890.9437912,89,31.212,1072,32
1788093890.994101,89,31.212,1072,32
1788093891.0443513,89,31.212,1072,32
1788093891.0948849,89,31.212,1072,32
1788093891.1455233,89,31.212,1072,32
1788093891.1957157,89,33.639,1005,32
1788093891.2464023,89,33.639,1005,32
1788093891.296935,89,33.639,1005,32
1788093891.3475742,89,33.639,1005,32
1788093891.398029,89,33.639,1005,32
1788093891.4483852,89,33.639,1005,32
1788093891.49893,89,33.639,1005,32
1788093891.5492072,89,33.639,1005,32
1788093891.5997114,89,33.639,1005,32
1788093891.6500828,89,33.793,870,32
1788093891.7003012,89,33.793,870,32
1788093891.7507753,89,33.793,870,32
1788093891.8012938,89,33.793,870,32
1788093891.8519306,89,33.793,870,32
1788093891.9025593,89,33.793,870,32
1788093891.9527807,89,33.793,870,32
1788093892.0031571,89,33.793,870,32
1788093892.0537238,89,33.793,870,32
1788093892.1042871,89,33.793,870,32
1788093892.1545832,88,32.604,300,32
1788093892.2048092,88,32.604,300,32
1788093892.2550032,88,32.604,300,32
1788093892.3054411,88,32.604,300,32
1788093892.3557296,88,32.604,300,32
1788093892.4062839,88,32.604,300,32
1788093892.4565148,88,32.604,300,32
1788093892.5068703,88,32.604,300,32
1788093892.5574827,88,32.604,300,32
1788093892.6080837,88,32.604,300,32
1788093892.6587577,88,31.107,540,32
1788093892.709163,88,31.107,540,32
1788093892.7594085,88,31.107,540,32
1788093892.8096795,88,31.107,540,32
1788093892.8599691,88,31.107,540,32
1788093892.9102771,88,31.107,540,32
1788093892.9607093,88,31.107,540,32
1788093893.0109231,88,31.107,540,32
1788093893.0611491,88,31.107,540,32
1788093893.1116626,88,31.107,540,32
1788093893.1619403,88,30.147,457,32
1788093893.212626,88,30.147,457,32
1788093893.2632256,88,30.147,457,32
1788093893.3134518,88,30.147,457,32
1788093893.3638337,88,30.147,457,32
1788093893.4142044,88,30.147,457,32
1788093893.464839,88,30.147,457,32
1788093893.515418,88,30.147,457,32
1788093893.566023,88,30.147,457,32
1788093893.6164715,88,30.147,457,32
1788093893.6668496,88,30.832,630,32
1788093893.7174606,88,30.832,630,32
1788093893.7679675,88,30.832,630,32
1788093893.8185425,88,30.832,630,32
1788093893.8687224,88,30.832,630,32
1788093893.918953,88,30.832,630,32
1788093893.9694335,88,30.832,630,32
1788093894.0196342,88,30.832,630,32
1788093894.0700343,88,30.832,630,32
1788093894.1205254,88,30.832,630,32
1788093894.1707766,88,30.771,765,32
1788093894.2210007,88,30.771,765,32
1788093894.2712927,88,30.771,765,32
1788093894.321564,88,30.771,765,32
1788093894.3717954,88,30.771,765,32
1788093894.4222655,88,30.771,765,32
1788093894.4727442,88,30.771,765,32
1788093894.5231326,88,30.771,765,32
1788093894.5734208,88,30.771,765,32
1788093894.623943,88,30.771,765,32
1788093894.6745274,88,29.13,1042,32
1788093894.7249575,88,29.13,1042,32
1788093894.7753134,88,29.13,1042,32
1788093894.8257082,88,29.13,1042,32
1788093894.8759286,88,29.13,1042,32
1788093894.9261832,88,29.13,1042,32
1788093894.97676,88,29.13,1042,32
1788093895.0271175,88,29.13,1042,32
1788093895.0777035,88,29.13,1042,32
1788093895.1283553,88,29.13,1042,32
1788093895.1785858,89,30.843,1140,32
1788093895.2291737,89,30.843,1140,32
1788093895.2793107,89,30.843,1140,32
1788093895.3298683,89,30.843,1140,32
1788093895.380309,89,30.843,1140,32
1788093895.430715,89,30.843,1140,32
1788093895.4813008,89,30.843,1140,32
1788093895.5317852,89,30.843,1140,32
1788093895.5823715,89,30.843,1140,32
1788093895.6328092,89,30.843,1140,32
1788093895.6833103,89,34.224,997,32
1788093895.7339113,89,34.224,997,32
1788093895.7843966,89,34.224,997,32
1788093895.8349514,89,34.224,997,32
1788093895.8854148,89,34.224,997,32
1788093895.9360294,89,34.224,997,32
1788093895.986619,89,34.224,997,32
1788093896.0371587,89,34.224,997,32
1788093896.0874827,89,34.224,997,32
1788093896.1379397,89,34.224,997,32
1788093896.1882153,89,34.092,1147,32
1788093896.2387738,89,34.092,1147,32
1788093896.2890701,89,34.092,1147,32
1788093896.3397062,89,34.092,1147,32
1788093896.3902068,89,34.092,1147,32
1788093896.4405906,89,34.092,1147,32
1788093896.4908128,89,34.092,1147,32
1788093896.541093,89,34.092,1147,32
1788093896.5913901,89,34.092,1147,32
1788093896.641807,89,34.092,1147,32
1788093896.692275,89,33.536,330,32
1788093896.742874,89,33.536,330,32
1788093896.7934742,89,33.536,330,32
1788093896.8437219,89,33.536,330,32
1788093896.8941414,89,33.536,330,32
1788093896.9446692,89,33.536,330,32
1788093896.995183,89,33.536,330,32
1788093897.0455012,89,33.536,330,32
1788093897.0959516,89,33.536,330,32
1788093897.1463661,89,33.536,330,32
1788093897.1970189,88,31.068,870,32
1788093897.2474625,88,31.068,870,32
1788093897.2980554,88,31.068,870,32
1788093897.3483863,88,31.068,870,32
1788093897.399085,88,31.068,870,32
1788093897.4495418,88,31.068,870,32
1788093897.5002556,88,31.068,870,32
1788093897.550613,88,31.068,870,32
1788093897.601179,88,31.068,870,32
1788093897.6516545,88,30.538,900,32
1788093897.7019074,88,30.538,900,32
1788093897.7522397,88,30.538,900,32
1788093897.8027484,88,30.538,900,32
1788093897.8534064,88,30.538,900,32
1788093897.9037778,88,30.538,900,32
1788093897.953931,88,30.538,900,32
1788093898.004635,88,30.538,900,32
1788093898.0551984,88,30.538,900,32
1788093898.1057656,88,30.538,900,32
1788093898.156366,89,32.15,915,32
1788093898.2065346,89,32.15,915,32
1788093898.2570288,89,32.15,915,32
1788093898.3073113,89,32.15,915,32
1788093898.3579354,89,32.15,915,32
1788093898.408276,89,32.15,915,32
1788093898.4586911,89,32.15,915,32
1788093898.5091965,89,32.15,915,32
1788093898.5595312,89,32.15,915,32
1788093898.6100745,89,32.15,915,32
1788093898.6602204,89,30.369,1237,32
1788093898.710815,89,30.369,1237,32
1788093898.7613297,89,30.369,1237,32
1788093898.811998,89,30.369,1237,32
1788093898.862641,89,30.369,1237,32
1788093898.9129357,89,30.369,1237,32
1788093898.9633262,89,30.369,1237,32
1788093899.013568,89,30.369,1237,32
1788093899.0642037,89,30.369,1237,32
1788093899.1146321,89,30.369,1237,32
1788093899.1652176,89,31.755,1095,32
1788093899.2155478,89,31.755,1095,32
1788093899.2659857,89,31.755,1095,32
1788093899.3161743,89,31.755,1095,32
1788093899.3667712,89,31.755,1095,32
1788093899.4173412,89,31.755,1095,32
1788093899.4677868,89,31.755,1095,32
1788093899.51836,89,31.755,1095,32
1788093899.568728,89,31.755,1095,32
1788093899.6194596,89,31.755,1095,32
1788093899.6700974,89,34.726,1087,32
1788093899.720683,89,34.726,1087,32
1788093899.7713075,89,34.726,1087,32
1788093899.8214993,89,34.726,1087,32
1788093899.8718662,89,34.726,1087,32
1788093899.922045,89,34.726,1087,32
1788093899.9723008,89,34.726,1087,32
1788093900.0228782,89,34.726,1087,32
1788093900.0732908,89,34.726,1087,32
1788093900.1244602,89,34.726,1087,32
1788093900.175196,89,33.395,900,32
1788093900.2255375,89,33.395,900,32
1788093900.2756915,89,33.395,900,32
1788093900.3260026,89,33.395,900,32
1788093900.376616,89,33.395,900,32
1788093900.4271715,89,33.395,900,32
1788093900.4775743,89,33.395,900,32
1788093900.5279932,89,33.395,900,32
1788093900.5784917,89,33.395,900,32
1788093900.6289308,89,33.395,900,32
1788093900.6792192,89,33.321,870,32
1788093900.7297773,89,33.321,870,32
1788093900.7803483,89,33.321,870,32
1788093900.8307548,89,33.321,870,32
1788093900.8811405,89,33.321,870,32
1788093900.9316394,89,33.321,870,32
1788093900.982205,89,33.321,870,32
1788093901.0326052,89,33.321,870,32
1788093901.0828803,89,33.321,870,32
1788093901.1333857,89,33.321,870,32
1788093901.1839333,89,33.301,952,32
1788093901.2343638,89,33.301,952,32
1788093901.2849185,89,33.301,952,32
1788093901.3353815,89,33.301,952,32
1788093901.385807,89,33.301,952,32
1788093901.4360437,89,33.301,952,32
1788093901.4862897,89,33.301,952,32
1788093901.5369258,89,33.301,952,32
1788093901.5875263,89,33.301,952,32
1788093901.6382196,89,33.301,952,32
1788093901.6884654,89,33.346,1012,32
1788093901.7390275,89,33.346,1012,32
1788093901.789413,89,33.346,1012,32
1788093901.8396795,89,33.346,1012,32
1788093901.8902647,89,33.346,1012,32
1788093901.9406989,89,33.346,1012,32
1788093901.991126,89,33.346,1012,32
1788093902.0416753,89,33.346,1012,32
1788093902.0919242,89,33.346,1012,32
1788093902.1423311,89,33.346,1012,32
1788093902.1929832,88,31.575,675,32
1788093902.2434013,88,31.575,675,32
1788093902.2935352,88,31.575,675,32
1788093902.344046,88,31.575,675,32
1788093902.3942604,88,31.575,675,32
1788093902.4446533,88,31.575,675,32
1788093902.4951115,88,31.575,675,32
1788093902.5456266,88,31.575,675,32
1788093902.5958495,88,31.575,675,32
1788093902.6459908,88,31.575,675,32
1788093902.6963003,88,27.579,870,1
1788093902.7468472,88,27.579,870,1
1788093902.797591,88,27.579,870,1
1788093902.847717,88,27.579,870,1
1788093902.8982995,88,27.579,870,1
1788093902.9486692,88,27.579,870,1
1788093902.9991,88,27.579,870,1
1788093903.0497184,88,27.579,870,1
1788093903.1003208,88,27.579,870,1
1788093903.15083,89,30.015,1035,32
1788093903.2011228,89,30.015,1035,32
1788093903.251488,89,30.015,1035,32
1788093903.301915,89,30.015,1035,32
1788093903.352541,89,30.015,1035,32
1788093903.40275,89,30.015,1035,32
1788093903.453283,89,30.015,1035,32
1788093903.5038028,89,30.015,1035,32
1788093903.554154,89,30.015,1035,32
1788093903.604512,89,30.015,1035,32
1788093903.6547186,88,32.059,817,32
1788093903.7049487,88,32.059,817,32
1788093903.7556956,88,32.059,817,32
1788093903.8059244,88,32.059,817,32
1788093903.8564014,88,32.059,817,32
1788093903.9069006,88,32.059,817,32
1788093903.957263,88,32.059,817,32
1788093904.0077107,88,32.059,817,32
1788093904.0580547,88,32.059,817,32
1788093904.1086214,88,32.059,817,32
1788093904.159082,89,30.998,795,32
1788093904.209569,89,30.998,795,32
1788093904.2598877,89,30.998,795,32
1788093904.3102384,89,30.998,795,32
1788093904.360825,89,30.998,795,32
1788093904.4111314,89,30.998,795,32
1788093904.4614003,89,30.998,795,32
1788093904.512106,89,30.998,795,32
1788093904.562432,89,30.998,795,32
1788093904.6128848,89,30.998,795,32
1788093904.6632051,89,31.938,750,32
1788093904.7135644,89,31.938,750,32
1788093904.7642348,89,31.938,750,32
1788093904.8148067,89,31.938,750,32
1788093904.865238,89,31.938,750,32
1788093904.9155753,89,31.938,750,32
1788093904.9658682,89,31.938,750,32
1788093905.0163324,89,31.938,750,32
1788093905.066999,89,31.938,750,32
1788093905.1173995,89,31.938,750,32
1788093905.1679819,89,32.515,757,32
1788093905.2183328,89,32.515,757,32
1788093905.2689524,89,32.515,757,32
1788093905.319084,89,32.515,757,32
1788093905.3695822,89,32.515,757,32
1788093905.4202082,89,32.515,757,32
1788093905.4705384,89,32.515,757,32
1788093905.521158,89,32.515,757,32
1788093905.5715027,89,32.515,757,32
1788093905.622012,89,32.515,757,32
1788093905.6723087,89,32.465,765,32
1788093905.7224755,89,32.465,765,32
1788093905.7729168,89,32.465,765,32
1788093905.8233705,89,32.465,765,32
1788093905.8736756,89,32.465,765,32
1788093905.9239979,89,32.465,765,32
1788093905.9742959,89,32.465,765,32
1788093906.024566,89,32.465,765,32
1788093906.0748942,89,32.465,765,32
1788093906.1251266,89,32.465,765,32
1788093906.1757991,89,32.476,915,32
1788093906.2261896,89,32.476,915,32
1788093906.276387,89,32.476,915,32
1788093906.326712,89,32.476,915,32
1788093906.376934,89,32.476,915,32
1788093906.4273224,89,32.476,915,32
1788093906.477597,89,32.476,915,32
1788093906.5282295,89,32.476,915,32
1788093906.5788224,89,32.476,915,32
1788093906.6290767,89,32.476,915,32
1788093906.6793156,87,29.754,952,32
1788093906.7298126,87,29.754,952,32
1788093906.7802675,87,29.754,952,32
1788093906.8306012,87,29.754,952,32
1788093906.8811002,87,29.754,952,32
1788093906.93126,87,29.754,952,32
1788093906.9815333,87,29.754,952,32
1788093907.0329363,87,29.754,952,32
1788093907.0835888,87,29.754,952,32
1788093907.1338172,87,29.754,952,32
1788093907.1843035,89,30.944,1155,32
1788093907.234962,89,30.944,1155,32
1788093907.2855191,89,30.944,1155,32
1788093907.335783,89,30.944,1155,32
1788093907.3863986,89,30.944,1155,32
1788093907.437045,89,30.944,1155,32
1788093907.4874866,89,30.944,1155,32
1788093907.5380468,89,30.944,1155,32
1788093907.5887697,89,30.944,1155,32
1788093907.639365,89,30.944,1155,32
1788093907.690048,88,32.808,210,32
1788093907.7402163,88,32.808,210,32
1788093907.7905014,88,32.808,210,32
1788093907.8408403,88,32.808,210,32
1788093907.89142,88,32.808,210,32
1788093907.941702,88,32.808,210,32
1788093907.9919064,88,32.808,210,32
1788093908.0424423,88,32.808,210,32
1788093908.0930486,88,32.808,210,32
1788093908.1434464,88,32.808,210,32
1788093908.193953,88,31.572,735,32
1788093908.2442467,88,31.572,735,32
1788093908.2946718,88,31.572,735,32
1788093908.3450208,88,31.572,735,32
1788093908.3955002,88,31.572,735,32
1788093908.4459462,88,31.572,735,32
1788093908.4966009,88,31.572,735,32
1788093908.5472434,88,31.572,735,32
1788093908.597742,88,31.572,735,32
1788093908.648078,88,31.572,660,32
1788093908.6985168,88,29.712,660,32
1788093908.7488434,88,29.712,660,32
1788093908.7992105,88,29.712,660,32
1788093908.849776,88,29.712,660,32
1788093908.900104,88,29.712,660,32
1788093908.9507303,88,29.712,660,32
1788093909.0010245,88,29.712,660,32
1788093909.0513232,88,29.712,660,32
1788093909.1016324,88,29.712,660,32
1788093909.1519535,88,30.638,502,32
1788093909.2025805,88,30.638,502,32
1788093909.253046,88,30.638,502,32
1788093909.3036582,88,30.638,502,32
1788093909.3542643,88,30.638,502,32
1788093909.4047525,88,30.638,502,32
1788093909.4549353,88,30.638,502,32
1788093909.5055938,88,30.638,502,32
1788093909.5561635,88,30.638,502,32
1788093909.6066284,88,30.638,502,32
1788093909.6572208,88,30.928,690,32
1788093909.7074828,88,30.928,690,32
1788093909.758133,88,30.928,690,32
1788093909.808407,88,30.928,690,32
1788093909.858897,88,30.928,690,32
1788093909.9093473,88,30.928,690,32
1788093909.9598258,88,30.928,690,32
1788093910.0103147,88,30.928,690,32
1788093910.0608566,88,30.928,690,32
1788093910.1110287,88,30.928,690,32
1788093910.1615882,88,31.081,787,32
1788093910.2120168,88,31.081,787,32
1788093910.2623594,88,31.081,787,32
1788093910.3127031,88,31.081,787,32
1788093910.363173,88,31.081,787,32
1788093910.4136484,88,31.081,787,32
1788093910.4641914,88,31.081,787,32
1788093910.5144134,88,31.081,787,32
1788093910.5647373,88,31.081,787,32
1788093910.6152446,88,31.081,787,32
1788093910.665585,88,31.026,667,32
1788093910.7159567,88,31.026,667,32
1788093910.766495,88,31.026,667,32
1788093910.8167078,88,31.026,667,32
1788093910.8669994,88,31.026,667,32
1788093910.917583,88,31.026,667,32
1788093910.9679587,88,31.026,667,32
1788093911.0182629,88,31.026,667,32
1788093911.06855,88,31.026,667,32
1788093911.1190257,88,31.026,667,32
1788093911.1696873,87,30.003,1162,1
1788093911.2200997,87,30.003,1162,1
1788093911.2702737,87,30.003,1162,1
1788093911.3206983,87,30.003,1162,1
1788093911.3712292,87,30.003,1162,1
1788093911.4215353,87,30.003,1162,1
1788093911.4718177,87,30.003,1162,1
1788093911.522094,87,30.003,1162,1
1788093911.572714,87,30.003,1162,1
1788093911.623205,87,30.003,1162,1
1788093911.6737838,89,30.249,1237,32
1788093911.7240522,89,30.249,1237,32
1788093911.7743208,89,30.249,1237,32
1788093911.8249652,89,30.249,1237,32
1788093911.8753893,89,30.249,1237,32
1788093911.9257314,89,30.249,1237,32
1788093911.975914,89,30.249,1237,32
1788093912.0264199,89,30.249,1237,32
1788093912.0766492,89,30.249,1237,32
1788093912.127127,89,30.249,1237,32
1788093912.1772954,89,32.621,772,32
1788093912.2278357,89,32.621,772,32
1788093912.2784204,89,32.621,772,32
1788093912.3287904,89,32.621,772,32
1788093912.3791502,89,32.621,772,32
1788093912.4296436,89,32.621,772,32
1788093912.4799783,89,32.621,772,32
1788093912.5304656,89,32.621,772,32
1788093912.580821,89,32.621,772,32
1788093912.6310086,89,32.621,772,32
1788093912.6816733,89,34.616,757,32
1788093912.7320366,89,34.616,757,32
1788093912.7825787,89,34.616,757,32
1788093912.8332102,89,34.616,757,32
1788093912.8836927,89,34.616,757,32
1788093912.934062,89,34.616,757,32
1788093912.9843915,89,34.616,757,32
1788093913.034893,89,34.616,757,32
1788093913.0854447,89,34.616,757,32
1788093913.1357987,89,34.616,757,32
1788093913.186384,88,32.385,742,32
1788093913.236564,88,32.385,742,32
1788093913.286999,88,32.385,742,32
1788093913.337734,88,32.385,742,32
1788093913.3880112,88,32.385,742,32
1788093913.4386199,88,32.385,742,32
1788093913.4888115,88,32.385,742,32
1788093913.538973,88,32.385,742,32
1788093913.5894332,88,32.385,742,32
1788093913.6396418,88,32.385,742,32
1788093913.689839,89,32.162,832,32
1788093913.7399855,89,32.162,832,32
1788093913.7903945,89,32.162,832,32
1788093913.8408628,89,32.162,832,32
1788093913.8912656,89,32.162,832,32
1788093913.941531,89,32.162,832,32
1788093913.99173,89,32.162,832,32
1788093914.0420775,89,32.162,832,32
1788093914.0925422,89,32.162,832,32
1788093914.142842,89,32.162,832,32
1788093914.1932657,88,32.071,930,32
1788093914.243864,88,32.071,930,32
1788093914.294181,88,32.071,930,32
1788093914.3445013,88,32.071,930,32
1788093914.3951757,88,32.071,930,32
1788093914.4457176,88,32.071,930,32
1788093914.496342,88,32.071,930,32
1788093914.546821,88,32.071,930,32
1788093914.597377,88,32.071,930,32
1788093914.6477816,88,32.071,930,32
1788093914.6979861,89,32.081,870,32
1788093914.7482285,89,32.081,870,32
1788093914.798729,89,32.081,870,32
1788093914.8489435,89,32.081,870,32
1788093914.8991501,89,32.081,870,32
1788093914.9492958,89,32.081,870,32
1788093914.9996905,89,32.081,870,32
1788093915.0498471,89,32.081,870,32
1788093915.1004722,89,32.081,870,32
1788093915.1510425,87,30.724,1237,32
1788093915.2016213,87,30.724,1237,32
1788093915.2520037,87,30.724,1237,32
1788093915.3022156,87,30.724,1237,32
1788093915.3526917,87,30.724,1237,32
1788093915.4029074,87,30.724,1237,32
1788093915.4532366,87,30.724,1237,32
1788093915.5039403,87,30.724,1237,32
1788093915.5541246,87,30.724,1237,32
1788093915.6044345,87,30.724,1237,32
1788093915.6547585,89,31.546,1027,32
1788093915.7050817,89,31.546,1027,32
1788093915.7556543,89,31.546,1027,32
1788093915.8059454,89,31.546,1027,32
1788093915.856232,89,31.546,1027,32
1788093915.9064963,89,31.546,1027,32
1788093915.956892,89,31.546,1027,32
1788093916.007207,89,31.546,1027,32
1788093916.057775,89,31.546,1027,32
1788093916.1081634,89,31.546,1027,32
1788093916.1585245,89,31.79,1042,32
1788093916.209069,89,31.79,1042,32
1788093916.2593231,89,31.79,1042,32
1788093916.3096933,89,31.79,1042,32
1788093916.3599033,89,31.79,1042,32
1788093916.410602,89,31.79,1042,32
1788093916.4610033,89,31.79,1042,32
1788093916.5114398,89,31.79,1042,32
1788093916.5619118,89,31.79,1042,32
1788093916.6122563,89,31.79,1042,32
1788093916.6625783,89,32.857,885,32
1788093916.7132025,89,32.857,885,32
1788093916.7637792,89,32.857,885,32
1788093916.8142457,89,32.857,885,32
1788093916.8648293,89,32.857,885,32
1788093916.9154193,89,32.857,885,32
1788093916.9657972,89,32.857,885,32
1788093917.0160391,89,32.857,885,32
1788093917.0663102,89,32.857,885,32
1788093917.1165516,89,32.857,885,32
1788093917.1668382,89,32.841,832,32
1788093917.217198,89,32.841,832,32
1788093917.2676756,89,32.841,832,32
1788093917.3181095,89,32.841,832,32
1788093917.3687115,89,32.841,832,32
1788093917.4190662,89,32.841,832,32
1788093917.4695678,89,32.841,832,32
1788093917.519805,89,32.841,832,32
1788093917.5700529,89,32.841,832,32
1788093917.6206439,89,32.841,832,32
1788093917.6711824,89,32.881,1050,32
1788093917.7218912,89,32.881,1050,32
1788093917.772526,89,32.881,1050,32
1788093917.822773,89,32.881,1050,32
1788093917.8730552,89,32.881,1050,32
1788093917.9233377,89,32.881,1050,32
1788093917.9737291,89,32.881,1050,32
1788093918.0238814,89,32.881,1050,32
1788093918.0745516,89,32.881,1050,32
1788093918.124923,89,32.881,1050,32
1788093918.1750998,89,32.77,1035,32
1788093918.2257278,89,32.77,1035,32
1788093918.2763133,89,32.77,1035,32
1788093918.3267937,89,32.77,1035,32
1788093918.3770695,89,32.77,1035,32
1788093918.4276974,89,32.77,1035,32
1788093918.4781632,89,32.77,1035,32
1788093918.528502,89,32.77,1035,32
1788093918.5791092,89,32.77,1035,32
1788093918.6294286,89,32.77,1035,32
1788093918.6800094,89,32.679,922,32
1788093918.7303774,89,32.679,922,32
1788093918.780828,89,32.679,922,32
1788093918.8312492,89,32.679,922,32
1788093918.8815022,89,32.679,922,32
1788093918.9317558,89,32.679,922,32
1788093918.9823482,89,32.679,922,32
1788093919.0327845,89,32.679,922,32
1788093919.0831516,89,32.679,922,32
1788093919.1335833,89,32.679,922,32
1788093919.1841655,88,30.568,1177,32
1788093919.234571,88,30.568,1177,32
1788093919.2849758,88,30.568,1177,32
1788093919.3356977,88,30.568,1177,32
1788093919.3861563,88,30.568,1177,32
1788093919.4363987,88,30.568,1177,32
1788093919.4868147,88,30.568,1177,32
1788093919.5374596,88,30.568,1177,32
1788093919.5879068,88,30.568,1177,32
1788093919.638419,88,30.568,1177,32
1788093919.6886952,88,30.166,210,32
1788093919.7391288,88,30.166,210,32
1788093919.7893777,88,30.166,210,32
1788093919.839847,88,30.166,210,32
1788093919.8900945,88,30.166,210,32
1788093919.9405768,88,30.166,210,32
1788093919.9911916,88,30.166,210,32
1788093920.0414746,88,30.166,210,32
1788093920.0917978,88,30.166,210,32
1788093920.1423984,88,30.166,210,32
1788093920.192758,88,30.922,967,32
1788093920.243169,88,30.922,967,32
1788093920.2937927,88,30.922,967,32
1788093920.344416,88,30.922,967,32
1788093920.3946972,88,30.922,967,32
1788093920.4451952,88,30.922,967,32
1788093920.4956336,88,30.922,967,32
1788093920.5461032,88,30.922,967,32
1788093920.5964463,88,30.922,967,32
1788093920.6471603,88,30.922,967,32
1788093920.6976197,88,30.246,810,32
1788093920.7481892,88,30.246,810,32
1788093920.798448,88,30.246,810,32
1788093920.8488781,88,30.246,810,32
1788093920.899401,88,30.246,810,32
1788093920.9498863,88,30.246,810,32
1788093921.000432,88,30.246,810,32
1788093921.0510173,88,30.246,810,32
1788093921.1015396,88,30.246,810,32
1788093921.1520126,89,31.86,952,32
1788093921.202359,89,31.86,952,32
1788093921.252728,89,31.86,952,32
1788093921.3032672,89,31.86,952,32
1788093921.3537247,89,31.86,952,32
1788093921.4045293,89,31.86,952,32
1788093921.4552207,89,31.86,952,32
1788093921.505837,89,31.86,952,32
1788093921.5561116,89,31.86,952,32
1788093921.606413,89,31.86,952,32
1788093921.6565998,89,32.27,705,32
1788093921.7069638,89,32.27,705,32
1788093921.7574341,89,32.27,705,32
1788093921.8076673,89,32.27,705,32
1788093921.8581808,89,32.27,705,32
1788093921.9085596,89,32.27,705,32
1788093921.9589162,89,32.27,705,32
1788093922.0092378,89,32.27,705,32
1788093922.059801,89,32.27,705,32
1788093922.109994,89,32.27,705,32
1788093922.1602085,89,32.308,990,32
1788093922.2107675,89,32.308,990,32
1788093922.2610714,89,32.308,990,32
1788093922.31128,89,32.308,990,32
1788093922.3615355,89,32.308,990,32
1788093922.4121716,89,32.308,990,32
1788093922.4624038,89,32.308,990,32
1788093922.5129223,89,32.308,990,32
1788093922.5632484,89,32.308,990,32
1788093922.6137507,89,32.308,990,32
1788093922.6641426,89,32.446,952,32
1788093922.7144907,89,32.446,952,32
1788093922.7650638,89,32.446,952,32
1788093922.815541,89,32.446,952,32
1788093922.8657591,89,32.446,952,32
1788093922.9163313,89,32.446,952,32
1788093922.9667418,89,32.446,952,32
1788093923.0170906,89,32.446,952,32
1788093923.0673573,89,32.446,952,32
1788093923.117812,89,32.446,952,32
1788093923.1683617,88,32.379,1237,32
1788093923.2188854,88,32.379,1237,32
1788093923.2693183,88,32.379,1237,32
1788093923.319724,88,32.379,1237,32
1788093923.3702533,88,32.379,1237,32
1788093923.4207294,88,32.379,1237,32
1788093923.47106,88,32.379,1237,32
1788093923.521559,88,32.379,1237,32
1788093923.572159,88,32.379,1237,32
1788093923.622405,88,32.379,1237,32
1788093923.6730404,89,31.224,757,32
1788093923.7236288,89,31.224,757,32
1788093923.7741766,89,31.224,757,32
1788093923.8246415,89,31.224,757,32
1788093923.87491,89,31.224,757,32
1788093923.925325,89,31.224,757,32
1788093923.9756172,89,31.224,757,32
1788093924.0262027,89,31.224,757,32
1788093924.0766494,89,31.224,757,32
1788093924.1268923,89,31.224,757,32
1788093924.1772745,88,29.74,907,32
1788093924.2274733,88,29.74,907,32
1788093924.278043,88,29.74,907,32
1788093924.3286517,88,29.74,907,32
1788093924.3789601,88,29.74,907,32
1788093924.4290917,88,29.74,907,32
1788093924.4793513,88,29.74,907,32
1788093924.529648,88,29.74,907,32
1788093924.5800164,88,29.74,907,32
1788093924.6305106,88,29.74,907,32
1788093924.6810389,89,31.349,907,32
1788093924.7313762,89,31.349,907,32
1788093924.7818003,89,31.349,907,32
1788093924.8322961,89,31.349,907,32
1788093924.8828073,89,31.349,907,32
1788093924.9330688,89,31.349,907,32
1788093924.9833527,89,31.349,907,32
1788093925.0339568,89,31.349,907,32
1788093925.0844347,89,31.349,907,32
1788093925.1351507,89,31.349,907,32
1788093925.1854916,89,32.323,1035,32
1788093925.2360363,89,32.323,1035,32
1788093925.2863617,89,32.323,1035,32
1788093925.3366675,89,32.323,1035,32
1788093925.3869238,89,32.323,1035,32
1788093925.4372234,89,32.323,1035,32
1788093925.4877417,89,32.323,1035,32
1788093925.538447,89,32.323,1035,32
1788093925.5889444,89,32.323,1035,32
1788093925.639189,89,32.323,1035,32
1788093925.6896634,89,32.961,937,32
1788093925.7402933,89,32.961,937,32
1788093925.7905524,89,32.961,937,32
1788093925.841216,89,32.961,937,32
1788093925.8917532,89,32.961,937,32
1788093925.9421735,89,32.961,937,32
1788093925.992463,89,32.961,937,32
1788093926.0429041,89,32.961,937,32
1788093926.093506,89,32.961,937,32
1788093926.1438766,89,32.961,937,32
1788093926.1944566,89,33.063,1042,32
1788093926.2450483,89,33.063,1042,32
1788093926.2954652,89,33.063,1042,32
1788093926.345903,89,33.063,1042,32
1788093926.3965883,89,33.063,1042,32
1788093926.447266,89,33.063,1042,32
1788093926.4978793,89,33.063,1042,32
1788093926.5484276,89,33.063,1042,32
1788093926.5988705,89,33.063,1042,32
1788093926.6493819,89,33.063,1042,32
1788093926.7000334,89,32.823,1057,32
1788093926.7502365,89,32.823,1057,32
1788093926.8004584,89,32.823,1057,32
1788093926.8509786,89,32.823,1057,32
1788093926.9016483,89,32.823,1057,32
1788093926.9521418,89,32.823,1057,32
1788093927.002384,89,32.823,1057,32
1788093927.0528271,89,32.823,1057,32
1788093927.1035042,89,32.823,1057,32
1788093927.1536634,89,32.952,787,32
1788093927.2038577,89,32.952,787,32
1788093927.2544732,89,32.952,787,32
1788093927.3048854,89,32.952,787,32
1788093927.355465,89,32.952,787,32
1788093927.4057965,89,32.952,787,32
1788093927.4561737,89,32.952,787,32
1788093927.5066702,89,32.952,787,32
1788093927.5573254,89,32.952,787,32
1788093927.6077068,89,32.952,787,32
1788093927.658023,89,31.102,1162,32
1788093927.7087827,89,31.102,1162,32
1788093927.7592432,89,31.102,1162,32
1788093927.8095586,89,31.102,1162,32
1788093927.8601885,89,31.102,1162,32
1788093927.9108088,89,31.102,1162,32
1788093927.9611065,89,31.102,1162,32
1788093928.0113745,89,31.102,1162,32
1788093928.061814,89,31.102,1162,32
1788093928.112442,89,31.102,1162,32
1788093928.1632023,89,31.874,322,32
1788093928.2134564,89,31.874,322,32
1788093928.2637885,89,31.874,322,32
1788093928.3141508,89,31.874,322,32
1788093928.3646235,89,31.874,322,32
1788093928.4148757,89,31.874,322,32
1788093928.465135,89,31.874,322,32
1788093928.515584,89,31.874,322,32
1788093928.5661035,89,31.874,322,32
1788093928.6164546,89,31.874,322,32
1788093928.6665883,88,32.174,937,32
1788093928.7167587,88,32.174,937,32
1788093928.7671614,88,32.174,937,32
1788093928.8180106,88,32.174,937,32
1788093928.868375,88,32.174,937,32
1788093928.9189112,88,32.174,937,32
1788093928.969867,88,32.174,937,32
1788093929.0201802,88,32.174,937,32
1788093929.0704076,88,32.174,937,32
1788093929.1206052,88,32.174,937,32
1788093929.1710544,89,30.756,982,32
1788093929.221618,89,30.756,982,32
1788093929.2720292,89,30.756,982,32
1788093929.3224623,89,30.756,982,32
1788093929.3730268,89,30.756,982,32
1788093929.4236696,89,30.756,982,32
1788093929.4742312,89,30.756,982,32
1788093929.5247512,89,30.756,982,32
1788093929.5751843,89,30.756,982,32
1788093929.6256192,89,30.756,982,32
1788093929.6762834,89,32.764,1035,32
1788093929.7267761,89,32.764,1035,32
1788093929.7772195,89,32.764,1035,32
1788093929.8276439,89,32.764,1035,32
1788093929.8783555,89,32.764,1035,32
1788093929.9287803,89,32.764,1035,32
1788093929.9792998,89,32.764,1035,32
1788093930.029734,89,32.764,1035,32
1788093930.0803509,89,32.764,1035,32
1788093930.1308362,89,32.764,1035,32
1788093930.1814935,89,33.324,1080,32
1788093930.2318594,89,33.324,1080,32
1788093930.282307,89,33.324,1080,32
1788093930.3328762,89,33.324,1080,32
1788093930.3832178,89,33.324,1080,32
1788093930.4338152,89,33.324,1080,32
1788093930.484121,89,33.324,1080,32
1788093930.534291,89,33.324,1080,32
1788093930.5845768,89,33.324,1080,32
1788093930.6349916,89,33.324,1080,32
1788093930.6852295,89,33.224,802,32
1788093930.7355766,89,33.224,802,32
1788093930.7861364,89,33.224,802,32
1788093930.8366084,89,33.224,802,32
1788093930.8872557,89,33.224,802,32
1788093930.9379165,89,33.224,802,32
1788093930.9882612,89,33.224,802,32
1788093931.0386872,89,33.224,802,32
1788093931.0889084,89,33.224,802,32
1788093931.1399267,89,33.224,802,32
1788093931.1904476,89,32.593,892,32
1788093931.24084,89,32.593,892,32
1788093931.2914555,89,32.593,892,32
1788093931.3421614,89,32.593,892,32
1788093931.3926876,89,32.593,892,32
1788093931.4431226,89,32.593,892,32
1788093931.493653,89,32.593,892,32
1788093931.5439968,89,32.593,892,32
1788093931.594287,89,32.593,892,32
1788093931.644611,89,32.593,892,32
1788093931.6952064,88,28.679,952,1
1788093931.7455883,88,28.679,952,1
1788093931.7962077,88,28.679,952,1
1788093931.8463755,88,28.679,952,1
1788093931.8967834,88,28.679,952,1
1788093931.9471643,88,28.679,952,1
1788093931.9976962,88,28.679,952,1
1788093932.0481775,88,28.679,952,1
1788093932.0984163,88,28.679,952,1
1788093932.1488447,88,28.679,952,1
1788093932.1992753,89,30.173,885,32
1788093932.2499776,89,30.173,885,32
1788093932.300579,89,30.173,885,32
1788093932.3511958,89,30.173,885,32
1788093932.4016583,89,30.173,885,32
1788093932.451805,89,30.173,885,32
1788093932.5022056,89,30.173,885,32
1788093932.5524993,89,30.173,885,32
1788093932.602882,89,30.173,885,32
1788093932.6536298,89,33.386,870,32
1788093932.7042396,89,33.386,870,32
1788093932.754553,89,33.386,870,32
1788093932.8051882,89,33.386,870,32
1788093932.8554573,89,33.386,870,32
1788093932.9057932,89,33.386,870,32
1788093932.956266,89,33.386,870,32
1788093933.0067065,89,33.386,870,32
1788093933.0569324,89,33.386,870,32
1788093933.1072226,89,33.386,870,32
1788093933.157422,89,32.065,952,32
1788093933.207793,89,32.065,952,32
1788093933.2581072,89,32.065,952,32
1788093933.308642,89,32.065,952,32
1788093933.3592145,89,32.065,952,32
1788093933.409574,89,32.065,952,32
1788093933.460298,89,32.065,952,32
1788093933.5105402,89,32.065,952,32
1788093933.5612192,89,32.065,952,32
1788093933.6114848,89,32.065,952,32
1788093933.6616716,89,31.758,892,32
1788093933.7122092,89,31.758,892,32
1788093933.7625198,89,31.758,892,32
1788093933.813045,89,31.758,892,32
1788093933.8632536,89,31.758,892,32
1788093933.913428,89,31.758,892,32
1788093933.963943,89,31.758,892,32
1788093934.014122,89,31.758,892,32
1788093934.0646465,89,31.758,892,32
1788093934.1151962,89,31.758,892,32
1788093934.165611,89,31.997,840,32
1788093934.2162206,89,31.997,840,32
1788093934.2668676,89,31.997,840,32
1788093934.3174322,89,31.997,840,32
1788093934.3680458,89,31.997,840,32
1788093934.4185054,89,31.997,840,32
1788093934.4686885,89,31.997,840,32
1788093934.5189824,89,31.997,840,32
1788093934.569596,89,31.997,840,32
1788093934.6202574,89,31.997,840,32
1788093934.6706908,89,32.115,892,32
1788093934.721131,89,32.115,892,32
1788093934.7714875,89,32.115,892,32
1788093934.8218298,89,32.115,892,32
1788093934.8719954,89,32.115,892,32
1788093934.9226303,89,32.115,892,32
1788093934.972847,89,32.115,892,32
1788093935.0240035,89,32.115,892,32
1788093935.0746036,89,32.115,892,32
1788093935.1248803,89,32.115,892,32
1788093935.1752617,89,31.919,967,32
1788093935.225828,89,31.919,967,32
1788093935.2761993,89,31.919,967,32
1788093935.3267908,89,31.919,967,32
1788093935.3774016,89,31.919,967,32
1788093935.4277592,89,31.919,967,32
1788093935.4781697,89,31.919,967,32
1788093935.5284994,89,31.919,967,32
1788093935.5787895,89,31.919,967,32
1788093935.6293292,89,31.919,967,32
1788093935.67979,88,29.62,1140,32
1788093935.7301552,88,29.62,1140,32
1788093935.7808459,88,29.62,1140,32
1788093935.8313584,88,29.62,1140,32
1788093935.8815825,88,29.62,1140,32
1788093935.9321625,88,29.62,1140,32
1788093935.9826486,88,29.62,1140,32
1788093936.0331085,88,29.62,1140,32
1788093936.0836093,88,29.62,1140,32
1788093936.1339607,88,29.62,1140,32
1788093936.1845202,88,30.695,217,32
1788093936.2348065,88,30.695,217,32
1788093936.2854192,88,30.695,217,32
1788093936.3359208,88,30.695,217,32
1788093936.3863437,88,30.695,217,32
1788093936.4370089,88,30.695,217,32
1788093936.4872048,88,30.695,217,32
1788093936.5374167,88,30.695,217,32
1788093936.588044,88,30.695,217,32
1788093936.6384578,88,30.695,217,32
1788093936.6887028,88,31.191,1057,32
1788093936.7390757,88,31.191,1057,32
1788093936.7895226,88,31.191,1057,32
1788093936.8399224,88,31.191,1057,32
1788093936.8903563,88,31.191,1057,32
1788093936.9407613,88,31.191,1057,32
1788093936.9913268,88,31.191,1057,32
1788093937.0416307,88,31.191,1057,32
1788093937.0918884,88,31.191,1057,32
1788093937.142264,88,31.191,1057,32
1788093937.1926026,89,30.766,1012,32
1788093937.2432058,89,30.766,1012,32
1788093937.2934208,89,30.766,1012,32
1788093937.3436527,89,30.766,1012,32
1788093937.3939438,89,30.766,1012,32
1788093937.4441514,89,30.766,1012,32
1788093937.494481,89,30.766,1012,32
1788093937.5447748,89,30.766,1012,32
1788093937.5953372,89,30.766,1012,32
1788093937.6457057,89,30.766,1012,32
1788093937.6959023,89,32.606,997,32
1788093937.746399,89,32.606,997,32
1788093937.7966003,89,32.606,997,32
1788093937.847046,89,32.606,997,32
1788093937.8974385,89,32.606,997,32
1788093937.9478962,89,32.606,997,32
1788093937.9984887,89,32.606,997,32
1788093938.0488374,89,32.606,997,32
1788093938.099346,89,32.606,997,32
1788093938.1500459,89,32.606,997,32
1788093938.2005465,89,32.45,1020,32
1788093938.2511613,89,32.45,1020,32
1788093938.3015985,89,32.45,1020,32
1788093938.351977,89,32.45,1020,32
1788093938.4023387,89,32.45,1020,32
1788093938.4529674,89,32.45,1020,32
1788093938.5035622,89,32.45,1020,32
1788093938.5540893,89,32.45,1020,32
1788093938.6044283,89,32.45,1020,32
1788093938.6548297,89,32.615,832,32
1788093938.705386,89,32.615,832,32
1788093938.7559228,89,32.615,832,32
1788093938.806506,89,32.615,832,32
1788093938.8571541,89,32.615,832,32
1788093938.9073045,89,32.615,832,32
1788093938.9579594,89,32.615,832,32
1788093939.0086777,89,32.615,832,32
1788093939.0588655,89,32.615,832,32
1788093939.1094716,89,32.615,832,32
1788093939.1600695,89,32.719,1035,32
1788093939.2105806,89,32.719,1035,32
1788093939.2611809,89,32.719,1035,32
1788093939.3115625,89,32.719,1035,32
1788093939.3620498,89,32.719,1035,32
1788093939.412246,89,32.719,1035,32
1788093939.462709,89,32.719,1035,32
1788093939.5133655,89,32.719,1035,32
1788093939.56374,89,32.719,1035,32
1788093939.6142275,89,32.719,1035,32
1788093939.6646006,87,31.604,1237,32
1788093939.715209,87,31.604,1237,32
1788093939.7657251,87,31.604,1237,32
1788093939.8163655,87,31.604,1237,32
1788093939.8666768,87,31.604,1237,32
1788093939.9172375,87,31.604,1237,32
1788093939.967795,87,31.604,1237,32
1788093940.0179803,87,31.604,1237,32
1788093940.068207,87,31.604,1237,32
1788093940.1183994,87,31.604,1237,32
1788093940.1686568,89,31.925,1102,32
1788093940.2190425,89,31.925,1102,32
1788093940.2694802,89,31.925,1102,32
1788093940.3198056,89,31.925,1102,32
1788093940.370248,89,31.925,1102,32
1788093940.420861,89,31.925,1102,32
1788093940.471405,89,31.925,1102,32
1788093940.5218291,89,31.925,1102,32
1788093940.5720074,89,31.925,1102,32
1788093940.622367,89,31.925,1102,32
1788093940.6727662,88,31.486,412,32
1788093940.7229848,88,31.486,412,32
1788093940.7732878,88,31.486,412,32
1788093940.8237693,88,31.486,412,32
1788093940.8742917,88,31.486,412,32
1788093940.9246273,88,31.486,412,32
1788093940.9748309,88,31.486,412,32
1788093941.0251064,88,31.486,412,32
1788093941.075712,88,31.486,412,32
1788093941.1260219,88,31.486,412,32
1788093941.176487,88,31.773,622,32
1788093941.2267745,88,31.773,622,32
1788093941.2772257,88,31.773,622,32
1788093941.3274317,88,31.773,622,32
1788093941.3778887,88,31.773,622,32
1788093941.4285095,88,31.773,622,32
1788093941.4790235,88,31.773,622,32
1788093941.529227,88,31.773,622,32
1788093941.5795588,88,31.773,622,32
1788093941.629983,88,31.773,622,32
1788093941.6802878,88,30.094,465,32
1788093941.7308416,88,30.094,465,32
1788093941.781174,88,30.094,465,32
1788093941.831429,88,30.094,465,32
1788093941.8820906,88,30.094,465,32
1788093941.932246,88,30.094,465,32
1788093941.9825983,88,30.094,465,32
1788093942.0328505,88,30.094,465,32
1788093942.0833752,88,30.094,465,32
1788093942.1335812,88,30.094,465,32
1788093942.184087,88,30.219,645,32
1788093942.2345574,88,30.219,645,32
1788093942.2851298,88,30.219,645,32
1788093942.3353784,88,30.219,645,32
1788093942.3857496,88,30.219,645,32
1788093942.4359694,88,30.219,645,32
1788093942.486225,88,30.219,645,32
1788093942.536749,88,30.219,645,32
1788093942.587296,88,30.219,645,32
1788093942.6375563,88,30.219,645,32
1788093942.6877306,88,29.983,480,32
1788093942.7382421,88,29.983,480,32
1788093942.7886202,88,29.983,480,32
1788093942.8388517,88,29.983,480,32
1788093942.8891652,88,29.983,480,32
1788093942.9394398,88,29.983,480,32
1788093942.9899616,88,29.983,480,32
1788093943.0404427,88,29.983,480,32
1788093943.0906699,88,29.983,480,32
1788093943.1411703,88,29.983,480,32
1788093943.1915276,88,29.868,765,32
1788093943.2420237,88,29.868,765,32
1788093943.2927265,88,29.868,765,32
1788093943.34315,88,29.868,765,32
1788093943.393459,88,29.868,765,32
1788093943.4437406,88,29.868,765,32
1788093943.4938943,88,29.868,765,32
1788093943.5441475,88,29.868,765,32
1788093943.5947258,88,29.868,765,32
1788093943.6451323,88,29.868,765,32
1788093943.695471,88,30.163,915,1
1788093943.7460184,88,30.163,915,1
1788093943.7966003,88,30.163,915,1
1788093943.846959,88,30.163,915,1
1788093943.8974366,88,30.163,915,1
1788093943.9481132,88,30.163,915,1
1788093943.9987507,88,30.163,915,1
1788093944.0489619,88,30.163,915,1
1788093944.0994904,88,30.163,915,1
1788093944.1497731,88,30.163,915,1
1788093944.2000177,89,31.928,1200,32
1788093944.2502632,89,31.928,1200,32
1788093944.3007681,89,31.928,1200,32
1788093944.351037,89,31.928,1200,32
1788093944.4014559,89,31.928,1200,32
1788093944.451649,89,31.928,1200,32
1788093944.5023706,89,31.928,1200,32
1788093944.552671,89,31.928,1200,32
1788093944.60328,89,31.928,1200,32
1788093944.6535115,89,30.721,1222,32
1788093944.7039216,89,30.721,1222,32
1788093944.754226,89,30.721,1222,32
1788093944.8047757,89,30.721,1222,32
1788093944.8554094,89,30.721,1222,32
1788093944.9060543,89,30.721,1222,32
1788093944.956409,89,30.721,1222,32
1788093945.0067735,89,30.721,1222,32
1788093945.057139,89,30.721,1222,32
1788093945.1077461,89,30.721,1222,32
1788093945.158078,89,31.765,1132,32
1788093945.2083929,89,31.765,1132,32
1788093945.2588196,89,31.765,1132,32
1788093945.309418,89,31.765,1132,32
1788093945.3597777,89,31.765,1132,32
1788093945.4102085,89,31.765,1132,32
1788093945.4608653,89,31.765,1132,32
1788093945.5114021,89,31.765,1132,32
1788093945.5619273,89,31.765,1132,32
1788093945.6121013,89,31.765,1132,32
1788093945.6626527,88,33.148,210,32
1788093945.7130957,88,33.148,210,32
1788093945.7635403,88,33.148,210,32
1788093945.8141942,88,33.148,210,32
1788093945.8647573,88,33.148,210,32
1788093945.9150445,88,33.148,210,32
1788093945.9652867,88,33.148,210,32
1788093946.0156846,88,33.148,210,32
1788093946.0659513,88,33.148,210,32
1788093946.1161633,88,33.148,210,32
1788093946.1666908,88,30.785,915,32
1788093946.217209,88,30.785,915,32
1788093946.2675745,88,30.785,915,32
1788093946.318135,88,30.785,915,32
1788093946.3684816,88,30.785,915,32
1788093946.4188359,88,30.785,915,32
1788093946.4694176,88,30.785,915,32
1788093946.519641,88,30.785,915,32
1788093946.5701597,88,30.785,915,32
1788093946.6206179,88,30.785,915,32
1788093946.6709883,89,31.004,907,32
1788093946.7215395,89,31.004,907,32
1788093946.7718387,89,31.004,907,32
1788093946.822398,89,31.004,907,32
1788093946.8729522,89,31.004,907,32
1788093946.9235895,89,31.004,907,32
1788093946.974108,89,31.004,907,32
1788093947.0246503,89,31.004,907,32
1788093947.0749905,89,31.004,907,32
1788093947.125224,89,31.004,907,32
1788093947.1758504,89,32.256,832,32
1788093947.2264931,89,32.256,832,32
1788093947.2768042,89,32.256,832,32
1788093947.3274586,89,32.256,832,32
1788093947.3779695,89,32.256,832,32
1788093947.4285972,89,32.256,832,32
1788093947.4790325,89,32.256,832,32
1788093947.5295005,89,32.256,832,32
1788093947.5797904,89,32.256,832,32
1788093947.630225,89,32.256,832,32
1788093947.680669,89,32.334,735,32
1788093947.7308984,89,32.334,735,32
1788093947.781014,89,32.334,735,32
1788093947.8313973,89,32.334,735,32
1788093947.8820255,89,32.334,735,32
1788093947.9323277,89,32.334,735,32
1788093947.9825284,89,32.334,735,32
1788093948.0331285,89,32.334,735,32
1788093948.0836778,89,32.334,735,32
1788093948.1341302,89,32.334,735,32
1788093948.1846635,89,32.214,652,32
1788093948.2351577,89,32.214,652,32
1788093948.2855084,89,32.214,652,32
1788093948.3360934,89,32.214,652,32
1788093948.3863502,89,32.214,652,32
1788093948.4368083,89,32.214,652,32
1788093948.4873834,89,32.214,652,32
1788093948.5375726,89,32.214,652,32
1788093948.588299,89,32.214,652,32
1788093948.6385148,89,32.214,652,32
1788093948.6886716,87,30.072,1237,32
1788093948.7392507,87,30.072,1237,32
1788093948.7898555,87,30.072,1237,32
1788093948.8404202,87,30.072,1237,32
1788093948.8906689,87,30.072,1237,32
1788093948.9410343,87,30.072,1237,32
1788093948.991247,87,30.072,1237,32
1788093949.0418575,87,30.072,1237,32
1788093949.092136,87,30.072,1237,32
1788093949.1426013,87,30.072,1237,32
1788093949.1928606,89,30.914,1020,32
1788093949.2435381,89,30.914,1020,32
1788093949.2941027,89,30.914,1020,32
1788093949.3445745,89,30.914,1020,32
1788093949.395091,89,30.914,1020,32
1788093949.4455707,89,30.914,1020,32
1788093949.4957929,89,30.914,1020,32
1788093949.5463488,89,30.914,1020,32
1788093949.5967333,89,30.914,1020,32
1788093949.6472073,89,30.914,1020,32
1788093949.6974304,89,32.226,997,32
1788093949.7476976,89,32.226,997,32
1788093949.7982693,89,32.226,997,32
1788093949.848881,89,32.226,997,32
1788093949.8993526,89,32.226,997,32
1788093949.9496021,89,32.226,997,32
1788093949.9999576,89,32.226,997,32
1788093950.0503178,89,32.226,997,32
1788093950.1008923,89,32.226,997,32
1788093950.1512606,89,32.226,997,32
1788093950.2016354,89,32.881,937,32
1788093950.2522922,89,32.881,937,32
1788093950.3027747,89,32.881,937,32
1788093950.3532825,89,32.881,937,32
1788093950.403594,89,32.881,937,32
1788093950.4537885,89,32.881,937,32
1788093950.5042906,89,32.881,937,32
1788093950.5549276,89,32.881,937,32
1788093950.6053324,89,32.881,937,32
1788093950.6555288,89,32.769,1020,32
1788093950.7060823,89,32.769,1020,32
1788093950.7564979,89,32.769,1020,32
1788093950.8070617,89,32.769,1020,32
1788093950.857727,89,32.769,1020,32
1788093950.9082832,89,32.769,1020,32
1788093950.9584498,89,32.769,1020,32
1788093951.009039,89,32.769,1020,32
1788093951.0595765,89,32.769,1020,32
1788093951.10989,89,32.769,1020,32
1788093951.1605735,89,32.57,1035,32
1788093951.210979,89,32.57,1035,32
1788093951.26168,89,32.57,1035,32
1788093951.3121803,89,32.57,1035,32
1788093951.3626597,89,32.57,1035,32
1788093951.41307,89,32.57,1035,32
1788093951.4637039,89,32.57,1035,32
1788093951.513924,89,32.57,1035,32
1788093951.56443,89,32.57,1035,32
1788093951.6146982,89,32.57,1035,32
1788093951.6653225,89,32.715,1042,32
1788093951.7158556,89,32.715,1042,32
1788093951.7662635,89,32.715,1042,32
1788093951.816763,89,32.715,1042,32
1788093951.8669982,89,32.715,1042,32
1788093951.9172153,89,32.715,1042,32
1788093951.9675806,89,32.715,1042,32
1788093952.017742,89,32.715,1042,32
1788093952.0683556,89,32.715,1042,32
1788093952.1187172,89,32.715,1042,32
1788093952.1692934,89,32.711,1027,32
1788093952.2194526,89,32.711,1027,32
1788093952.269933,89,32.711,1027,32
1788093952.320422,89,32.711,1027,32
1788093952.371114,89,32.711,1027,32
1788093952.421422,89,32.711,1027,32
1788093952.4720192,89,32.711,1027,32
1788093952.5227334,89,32.711,1027,32
1788093952.5728745,89,32.711,1027,32
1788093952.6234822,89,32.711,1027,32
1788093952.6740508,87,30.257,1087,1
1788093952.7246237,87,30.257,1087,1
1788093952.7748365,87,30.257,1087,1
1788093952.8253276,87,30.257,1087,1
1788093952.8759215,87,30.257,1087,1
1788093952.9262462,87,30.257,1087,1
1788093952.9765368,87,30.257,1087,1
1788093953.0270853,87,30.257,1087,1
1788093953.0774174,87,30.257,1087,1
1788093953.1277435,87,30.257,1087,1
1788093953.1780758,90,31.717,1020,32
1788093953.2287147,90,31.717,1020,32
1788093953.2788806,90,31.717,1020,32
1788093953.3294826,90,31.717,1020,32
1788093953.3796475,90,31.717,1020,32
1788093953.4300725,90,31.717,1020,32
1788093953.480329,90,31.717,1020,32
1788093953.5309308,90,31.717,1020,32
1788093953.581496,90,31.717,1020,32
1788093953.6319022,90,31.717,1020,32
1788093953.682199,89,33.088,547,32
1788093953.7323573,89,33.088,547,32
1788093953.7826054,89,33.088,547,32
1788093953.83295,89,33.088,547,32
1788093953.883434,89,33.088,547,32
1788093953.933825,89,33.088,547,32
1788093953.9840734,89,33.088,547,32
1788093954.0343497,89,33.088,547,32
1788093954.0849445,89,33.088,547,32
1788093954.1352355,89,33.088,547,32
1788093954.1855826,88,31.533,802,32
1788093954.2358713,88,31.533,802,32
1788093954.2865489,88,31.533,802,32
1788093954.3369722,88,31.533,802,32
1788093954.387396,88,31.533,802,32
1788093954.4376848,88,31.533,802,32
1788093954.4880564,88,31.533,802,32
1788093954.538195,88,31.533,802,32
1788093954.588375,88,31.533,802,32
1788093954.6388693,88,31.533,802,32
1788093954.6894712,88,31.197,705,32
1788093954.7397022,88,31.197,705,32
1788093954.7901807,88,31.197,705,32
1788093954.8404016,88,31.197,705,32
1788093954.8907058,88,31.197,705,32
1788093954.940998,88,31.197,705,32
1788093954.991338,88,31.197,705,32
1788093955.0417469,88,31.197,705,32
1788093955.0927076,88,31.197,705,32
1788093955.1431773,88,31.197,705,32
1788093955.1933663,88,31.242,502,32
1788093955.2439845,88,31.242,502,32
1788093955.294506,88,31.242,502,32
1788093955.3450472,88,31.242,502,32
1788093955.395719,88,31.242,502,32
1788093955.4459414,88,31.242,502,32
1788093955.4962418,88,31.242,502,32
1788093955.5464294,88,31.242,502,32
1788093955.5966592,88,31.242,502,32
1788093955.647093,88,31.242,502,32
1788093955.69759,88,30.822,660,32
1788093955.7477732,88,30.822,660,32
1788093955.7982216,88,30.822,660,32
1788093955.848656,88,30.822,660,32
1788093955.8993566,88,30.822,660,32
1788093955.949551,88,30.822,660,32
1788093956.000108,88,30.822,660,32
1788093956.0505068,88,30.822,660,32
1788093956.1009865,88,30.822,660,32
1788093956.1513805,88,30.822,660,32
1788093956.2017708,88,30.543,600,32
1788093956.251942,88,30.543,600,32
1788093956.3021817,88,30.543,600,32
1788093956.3524966,88,30.543,600,32
1788093956.4029982,88,30.543,600,32
1788093956.453581,88,30.543,600,32
1788093956.504136,88,30.543,600,32
1788093956.5545864,88,30.543,600,32
1788093956.6052155,88,30.543,600,32
1788093956.6555429,88,30.559,547,32
1788093956.7059205,88,30.559,547,32
1788093956.7562795,88,30.559,547,32
1788093956.8067193,88,30.559,547,32
1788093956.8569357,88,30.559,547,32
1788093956.9072616,88,30.559,547,32
1788093956.9578772,88,30.559,547,32
1788093957.0081208,88,30.559,547,32
1788093957.0586834,88,30.559,547,32
1788093957.1092007,88,30.559,547,32
1788093957.1598144,87,27.515,1087,1
1788093957.2101593,87,27.515,1087,1
1788093957.2604659,87,27.515,1087,1
1788093957.3108025,87,27.515,1087,1
1788093957.361095,87,27.515,1087,1
1788093957.4115279,87,27.515,1087,1
1788093957.4617257,87,27.515,1087,1
1788093957.5122375,87,27.515,1087,1
1788093957.5628748,87,27.515,1087,1
1788093957.6135485,87,27.515,1087,1
1788093957.664193,89,29.769,1237,32
1788093957.7147613,89,29.769,1237,32
1788093957.76533,89,29.769,1237,32
1788093957.8158708,89,29.769,1237,32
1788093957.8664606,89,29.769,1237,32
1788093957.9170492,89,29.769,1237,32
1788093957.967613,89,29.769,1237,32
1788093958.0179849,89,29.769,1237,32
1788093958.0685797,89,29.769,1237,32
1788093958.1187263,89,29.769,1237,32
1788093958.169318,88,31.458,517,32
1788093958.2198923,88,31.458,517,32
1788093958.2704449,88,31.458,517,32
1788093958.3208663,88,31.458,517,32
1788093958.3712287,88,31.458,517,32
1788093958.421549,88,31.458,517,32
1788093958.4721525,88,31.458,517,32
1788093958.522401,88,31.458,517,32
1788093958.572857,88,31.458,517,32
1788093958.6230636,88,31.458,517,32
1788093958.6735723,88,31.407,472,32
1788093958.7240746,88,31.407,472,32
1788093958.7742026,88,31.407,472,32
1788093958.824681,88,31.407,472,32
1788093958.8749492,88,31.407,472,32
1788093958.925294,88,31.407,472,32
1788093958.9756205,88,31.407,472,32
1788093959.026308,88,31.407,472,32
1788093959.0765631,88,31.407,472,32
1788093959.1270134,88,31.407,472,32
1788093959.177292,88,30.896,555,32
1788093959.2277207,88,30.896,555,32
1788093959.2781572,88,30.896,555,32
1788093959.328709,88,30.896,555,32
1788093959.3789916,88,30.896,555,32
1788093959.4296927,88,30.896,555,32
1788093959.4800313,88,30.896,555,32
1788093959.5303874,88,30.896,555,32
1788093959.5809987,88,30.896,555,32
1788093959.6313334,88,30.896,555,32
1788093959.681625,88,31.129,652,32
1788093959.7322085,88,31.129,652,32
1788093959.782787,88,31.129,652,32
1788093959.833222,88,31.129,652,32
1788093959.8836758,88,31.129,652,32
1788093959.934296,88,31.129,652,32
1788093959.9845648,88,31.129,652,32
1788093960.0351233,88,31.129,652,32
1788093960.0854733,88,31.129,652,32
1788093960.1357358,88,31.129,652,32
1788093960.1860006,88,31.029,735,32
1788093960.2364974,88,31.029,735,32
1788093960.2867959,88,31.029,735,32
1788093960.3371072,88,31.029,735,32
1788093960.387656,88,31.029,735,32
1788093960.4378636,88,31.029,735,32
1788093960.4881663,88,31.029,735,32
1788093960.538759,88,31.029,735,32
1788093960.589231,88,31.029,735,32
1788093960.6399634,88,31.029,735,32
1788093960.690384,88,30.953,802,32
1788093960.7408626,88,30.953,802,32
1788093960.7911131,88,30.953,802,32
1788093960.8414404,88,30.953,802,32
1788093960.8919988,88,30.953,802,32
1788093960.9422824,88,30.953,802,32
1788093960.9927406,88,30.953,802,32
1788093961.043387,88,30.953,802,32
1788093961.0938323,88,30.953,802,32
1788093961.144343,88,30.953,802,32
1788093961.1947453,88,31.041,727,32
1788093961.2450318,88,31.041,727,32
1788093961.2953637,88,31.041,727,32
1788093961.3456638,88,31.041,727,32
1788093961.3959296,88,31.041,727,32
1788093961.4465303,88,31.041,727,32
1788093961.4967258,88,31.041,727,32
1788093961.5468862,88,31.041,727,32
1788093961.5970764,88,31.041,727,32
1788093961.6475363,88,31.041,727,32
1788093961.6978645,88,30.091,1072,1
1788093961.7481117,88,30.091,1072,1
1788093961.798743,88,30.091,1072,1
1788093961.8493483,88,30.091,1072,1
1788093961.8996801,88,30.091,1072,1
1788093961.9503074,88,30.091,1072,1
1788093962.000627,88,30.091,1072,1
1788093962.0511594,88,30.091,1072,1
1788093962.1016185,88,30.091,1072,1
1788093962.1519172,88,30.091,1072,1
1788093962.2024522,88,28.782,1230,32
1788093962.2527468,88,28.782,1230,32
1788093962.3033664,88,28.782,1230,32
1788093962.3537383,88,28.782,1230,32
1788093962.40412,88,28.782,1230,32
1788093962.4546194,88,28.782,1230,32
1788093962.5052407,88,28.782,1230,32
1788093962.5554135,88,28.782,1230,32
1788093962.6056576,88,28.782,1230,32
1788093962.656051,89,30.475,300,32
1788093962.7064137,89,30.475,300,32
1788093962.7566857,89,30.475,300,32
1788093962.807283,89,30.475,300,32
1788093962.8577363,89,30.475,300,32
1788093962.9082775,89,30.475,300,32
1788093962.9587579,89,30.475,300,32
1788093963.0090497,89,30.475,300,32
1788093963.0596056,89,30.475,300,32
1788093963.10993,89,30.475,300,32
1788093963.1605682,88,32.095,810,32
1788093963.211244,88,32.095,810,32
1788093963.2618344,88,32.095,810,32
1788093963.3124077,88,32.095,810,32
1788093963.3627834,88,32.095,810,32
1788093963.4131246,88,32.095,810,32
1788093963.4636836,88,32.095,810,32
1788093963.5141354,88,32.095,810,32
1788093963.5644104,88,32.095,810,32
1788093963.6147203,88,32.095,810,32
1788093963.6650217,88,30.217,922,32
1788093963.7155857,88,30.217,922,32
1788093963.7658439,88,30.217,922,32
1788093963.8164525,88,30.217,922,32
1788093963.8669899,88,30.217,922,32
1788093963.9172006,88,30.217,922,32
1788093963.9677315,88,30.217,922,32
1788093964.0181625,88,30.217,922,32
1788093964.0682886,88,30.217,922,32
1788093964.1187375,88,30.217,922,32
1788093964.1691296,88,32.221,907,32
1788093964.2196014,88,32.221,907,32
1788093964.2700768,88,32.221,907,32
1788093964.320657,88,32.221,907,32
1788093964.3709064,88,32.221,907,32
1788093964.4215245,88,32.221,907,32
1788093964.4722054,88,32.221,907,32
1788093964.5227795,88,32.221,907,32
1788093964.5733721,88,32.221,907,32
1788093964.6238468,88,32.221,907,32
1788093964.6743698,89,32.221,690,32
1788093964.7246861,89,32.221,690,32
1788093964.775311,89,32.221,690,32
1788093964.825771,89,32.221,690,32
1788093964.8763533,89,32.221,690,32
1788093964.926561,89,32.221,690,32
1788093964.976823,89,32.221,690,32
1788093965.0270417,89,32.221,690,32
1788093965.0776348,89,32.221,690,32
1788093965.1280155,89,32.221,690,32
1788093965.178645,88,32.518,922,32
1788093965.2288053,88,32.518,922,32
1788093965.2791226,88,32.518,922,32
1788093965.3296685,88,32.518,922,32
1788093965.3800716,88,32.518,922,32
1788093965.4303489,88,32.518,922,32
1788093965.4809473,88,32.518,922,32
1788093965.5312173,88,32.518,922,32
1788093965.5818276,88,32.518,922,32
1788093965.632282,88,32.518,922,32
1788093965.6824996,89,32.462,952,32
1788093965.733098,89,32.462,952,32
1788093965.7835755,89,32.462,952,32
1788093965.8340313,89,32.462,952,32
1788093965.884423,89,32.462,952,32
1788093965.9348834,89,32.462,952,32
1788093965.985366,89,32.462,952,32
1788093966.035802,89,32.462,952,32
1788093966.0863204,89,32.462,952,32
1788093966.136671,89,32.462,952,32
1788093966.1873944,88,30.454,1237,32
1788093966.2377322,88,30.454,1237,32
1788093966.288182,88,30.454,1237,32
1788093966.3387432,88,30.454,1237,32
1788093966.3892484,88,30.454,1237,32
1788093966.439819,88,30.454,1237,32
1788093966.4904118,88,30.454,1237,32
1788093966.5405722,88,30.454,1237,32
1788093966.5908647,88,30.454,1237,32
1788093966.6410546,88,30.454,1237,32
1788093966.691263,89,31.332,577,32
1788093966.7419035,89,31.332,577,32
1788093966.7921352,89,31.332,577,32
1788093966.8427513,89,31.332,577,32
1788093966.892996,89,31.332,577,32
1788093966.9436378,89,31.332,577,32
1788093966.9939926,89,31.332,577,32
1788093967.0443776,89,31.332,577,32
1788093967.0948129,89,31.332,577,32
1788093967.145222,89,31.332,577,32
1788093967.1954205,88,32.471,472,32
1788093967.2458053,88,32.471,472,32
1788093967.2961376,88,32.471,472,32
1788093967.3464277,88,32.471,472,32
1788093967.3969386,88,32.471,472,32
1788093967.447156,88,32.471,472,32
1788093967.4978046,88,32.471,472,32
1788093967.5481951,88,32.471,472,32
1788093967.5988255,88,32.471,472,32
1788093967.6490722,88,32.471,472,32
1788093967.6995945,88,30.073,802,32
1788093967.7498102,88,30.073,802,32
1788093967.8001847,88,30.073,802,32
1788093967.8505816,88,30.073,802,32
1788093967.9009874,88,30.073,802,32
1788093967.9515877,88,30.073,802,32
1788093968.0018008,88,30.073,802,32
1788093968.0520806,88,30.073,802,32
1788093968.1023407,88,30.073,802,32
1788093968.1528692,88,30.073,802,32
1788093968.2034779,88,29.663,487,32
1788093968.2539883,88,29.663,487,32
1788093968.3046675,88,29.663,487,32
1788093968.3552353,88,29.663,487,32
1788093968.405403,88,29.663,487,32
1788093968.455907,88,29.663,487,32
1788093968.506329,88,29.663,487,32
1788093968.559577,88,29.663,487,32
1788093968.6098094,88,29.663,487,32
1788093968.6602237,88,30.049,1020,1
1788093968.7103992,88,30.049,1020,1
1788093968.760719,88,30.049,1020,1
1788093968.810991,88,30.049,1020,1
1788093968.8613954,88,30.049,1020,1
1788093968.9116886,88,30.049,1020,1
1788093968.9619055,88,30.049,1020,1
1788093969.0124683,88,30.049,1020,1
1788093969.06277,88,30.049,1020,1
1788093969.113053,88,30.049,1020,1
1788093969.1636844,89,31.866,1170,32
1788093969.2140732,89,31.866,1170,32
1788093969.2644045,89,31.866,1170,32
1788093969.314601,89,31.866,1170,32
1788093969.3650172,89,31.866,1170,32
1788093969.4152372,89,31.866,1170,32
1788093969.4656327,89,31.866,1170,32
1788093969.5162714,89,31.866,1170,32
1788093969.566464,89,31.866,1170,32
1788093969.617119,89,31.866,1170,32
1788093969.6675584,89,33.707,840,32
1788093969.718215,89,33.707,840,32
1788093969.76881,89,33.707,840,32
1788093969.8193111,89,33.707,840,32
1788093969.8697982,89,33.707,840,32
1788093969.9203672,89,33.707,840,32
1788093969.9707823,89,33.707,840,32
1788093970.0210903,89,33.707,840,32
1788093970.0716183,89,33.707,840,32
1788093970.1221313,89,33.707,840,32
1788093970.1725612,89,32.879,772,32
1788093970.2230442,89,32.879,772,32
1788093970.2733278,89,32.879,772,32
1788093970.3235044,89,32.879,772,32
1788093970.3739245,89,32.879,772,32
1788093970.4245045,89,32.879,772,32
1788093970.474802,89,32.879,772,32
1788093970.5251548,89,32.879,772,32
1788093970.5754058,89,32.879,772,32
1788093970.6259625,89,32.879,772,32
1788093970.676609,88,28.468,1050,1
1788093970.7267568,88,28.468,1050,1
1788093970.7769697,88,28.468,1050,1
1788093970.8275695,88,28.468,1050,1
1788093970.8778765,88,28.468,1050,1
1788093970.9282815,88,28.468,1050,1
1788093970.9788299,88,28.468,1050,1
1788093971.0292866,88,28.468,1050,1
1788093971.079647,88,28.468,1050,1
1788093971.129998,88,28.468,1050,1
1788093971.1805708,89,31.087,1237,32
1788093971.231025,89,31.087,1237,32
1788093971.281237,89,31.087,1237,32
1788093971.3317487,89,31.087,1237,32
1788093971.3822098,89,31.087,1237,32
1788093971.4324284,89,31.087,1237,32
1788093971.4826891,89,31.087,1237,32
1788093971.532981,89,31.087,1237,32
1788093971.5835752,89,31.087,1237,32
1788093971.6341097,89,31.087,1237,32
1788093971.6846504,88,32.42,847,32
1788093971.7351367,88,32.42,847,32
1788093971.7854056,88,32.42,847,32
1788093971.8356416,88,32.42,847,32
1788093971.8861165,88,32.42,847,32
1788093971.9365277,88,32.42,847,32
1788093971.9867597,88,32.42,847,32
1788093972.0372555,88,32.42,847,32
1788093972.0875857,88,32.42,847,32
1788093972.1379492,88,32.42,847,32
1788093972.1884394,88,30.506,675,32
1788093972.239089,88,30.506,675,32
1788093972.289314,88,30.506,675,32
1788093972.3397918,88,30.506,675,32
1788093972.3904302,88,30.506,675,32
1788093972.4410117,88,30.506,675,32
1788093972.4917135,88,30.506,675,32
1788093972.5420854,88,30.506,675,32
1788093972.5924103,88,30.506,675,32
1788093972.6428854,88,30.506,675,32
1788093972.6931267,88,32.03,922,32
1788093972.7433362,88,32.03,922,32
1788093972.7939963,88,32.03,922,32
1788093972.8442929,88,32.03,922,32
1788093972.894687,88,32.03,922,32
1788093972.9452143,88,32.03,922,32
1788093972.9955835,88,32.03,922,32
1788093973.0458395,88,32.03,922,32
1788093973.0960882,88,32.03,922,32
1788093973.146559,88,32.03,922,32
1788093973.1968915,89,32.213,930,32
1788093973.2474823,89,32.213,930,32
1788093973.2978308,89,32.213,930,32
1788093973.3485034,89,32.213,930,32
1788093973.3989618,89,32.213,930,32
1788093973.4491754,89,32.213,930,32
1788093973.4997282,89,32.213,930,32
1788093973.550124,89,32.213,930,32
1788093973.6004071,89,32.213,930,32
1788093973.6507118,89,32.213,930,32
1788093973.7011368,88,32.068,847,32
1788093973.751772,88,32.068,847,32
1788093973.802257,88,32.068,847,32
1788093973.8525176,88,32.068,847,32
1788093973.9029074,88,32.068,847,32
1788093973.9534264,88,32.068,847,32
1788093974.0035672,88,32.068,847,32
1788093974.0542195,88,32.068,847,32
1788093974.104728,88,32.068,847,32
1788093974.1552794,88,32.229,802,32
1788093974.205877,89,32.229,802,32
1788093974.2564619,89,32.229,802,32
1788093974.3068883,89,32.229,802,32
1788093974.357495,89,32.229,802,32
1788093974.407787,89,32.229,802,32
1788093974.458035,89,32.229,802,32
1788093974.5084178,89,32.229,802,32
1788093974.5587258,89,32.229,802,32
1788093974.6090024,89,32.229,802,32
1788093974.6596339,88,30.661,1237,32
1788093974.7102191,88,30.661,1237,32
1788093974.760863,88,30.661,1237,32
1788093974.8113973,88,30.661,1237,32
1788093974.8619342,88,30.661,1237,32
1788093974.912133,88,30.661,1237,32
1788093974.9624627,88,30.661,1237,32
1788093975.0127418,88,30.661,1237,32
1788093975.063398,88,30.661,1237,32
1788093975.1138673,88,30.661,1237,32
1788093975.1644137,89,31.549,1117,32
1788093975.21478,89,31.549,1117,32
1788093975.2654257,89,31.549,1117,32
1788093975.3156493,89,31.549,1117,32
1788093975.3661308,89,31.549,1117,32
1788093975.4164214,89,31.549,1117,32
1788093975.4670935,89,31.549,1117,32
1788093975.517601,89,31.549,1117,32
1788093975.5681098,89,31.549,1117,32
1788093975.6182208,89,31.549,1117,32
1788093975.6687908,88,31.371,210,32
1788093975.7194092,88,31.371,210,32
1788093975.7698584,88,31.371,210,32
1788093975.8204825,88,31.371,210,32
1788093975.8709042,88,31.371,210,32
1788093975.921494,88,31.371,210,32
1788093975.9719393,88,31.371,210,32
1788093976.0223227,88,31.371,210,32
1788093976.072834,88,31.371,210,32
1788093976.123086,88,31.371,210,32
1788093976.1734147,88,30.798,1012,1
1788093976.2241228,88,30.798,1012,1
1788093976.2746077,88,30.798,1012,1
1788093976.3248734,88,30.798,1012,1
1788093976.3752255,88,30.798,1012,1
1788093976.425863,88,30.798,1012,1
1788093976.4761343,88,30.798,1012,1
1788093976.5266404,88,30.798,1012,1
1788093976.576996,88,30.798,1012,1
1788093976.6271787,88,30.798,1012,1
1788093976.6775613,89,31.572,1065,32
1788093976.7276764,89,31.572,1065,32
1788093976.7779682,89,31.572,1065,32
1788093976.8284476,89,31.572,1065,32
1788093976.878811,89,31.572,1065,32
1788093976.9292812,89,31.572,1065,32
1788093976.9797518,89,31.572,1065,32
1788093977.0303612,89,31.572,1065,32
1788093977.0807126,89,31.572,1065,32
1788093977.1311545,89,31.572,1065,32
1788093977.1815162,89,33.614,862,32
1788093977.2318408,89,33.614,862,32
1788093977.2823837,89,33.614,862,32
1788093977.3325734,89,33.614,862,32
1788093977.38301,89,33.614,862,32
1788093977.4333224,89,33.614,862,32
1788093977.4835927,89,33.614,862,32
1788093977.5338483,89,33.614,862,32
1788093977.5844018,89,33.614,862,32
1788093977.6347914,89,33.614,862,32
1788093977.68507,89,32.349,855,32
1788093977.7357306,89,32.349,855,32
1788093977.7862194,89,32.349,855,32
1788093977.8364112,89,32.349,855,32
1788093977.8870926,89,32.349,855,32
1788093977.937657,89,32.349,855,32
1788093977.9881086,89,32.349,855,32
1788093978.0385704,89,32.349,855,32
1788093978.089155,89,32.349,855,32
1788093978.1395228,89,32.349,855,32
1788093978.1897922,89,31.84,660,32
1788093978.2403584,89,31.84,660,32
1788093978.2907906,89,31.84,660,32
1788093978.341045,89,31.84,660,32
1788093978.391207,89,31.84,660,32
1788093978.441527,89,31.84,660,32
1788093978.4916787,89,31.84,660,32
1788093978.5421565,89,31.84,660,32
1788093978.5923607,89,31.84,660,32
1788093978.6425152,89,31.84,660,32
1788093978.6930745,89,31.918,735,32
1788093978.7436247,89,31.918,735,32
1788093978.7938056,89,31.918,735,32
1788093978.8440835,89,31.918,735,32
1788093978.8944256,89,31.918,735,32
1788093978.9446778,89,31.918,735,32
1788093978.995327,89,31.918,735,32
1788093979.0456343,89,31.918,735,32
1788093979.0963144,89,31.918,735,32
1788093979.1465895,89,31.918,735,32
1788093979.1971955,88,29.407,922,1
1788093979.2475443,88,29.407,922,1
1788093979.2981591,88,29.407,922,1
1788093979.3488007,88,29.407,922,1
1788093979.3993247,88,29.407,922,1
1788093979.4496868,88,29.407,922,1
1788093979.50022,88,29.407,922,1
1788093979.550497,88,29.407,922,1
1788093979.6010375,88,29.407,922,1
1788093979.6514637,88,29.407,922,1
1788093979.7016354,89,30.757,1222,32
1788093979.7519975,89,30.757,1222,32
1788093979.8024843,89,30.757,1222,32
1788093979.85313,89,30.757,1222,32
1788093979.9036427,89,30.757,1222,32
1788093979.9540126,89,30.757,1222,32
1788093980.0046067,89,30.757,1222,32
1788093980.055131,89,30.757,1222,32
1788093980.105707,89,30.757,1222,32
1788093980.1559384,89,30.757,367,32
1788093980.206576,88,31.425,367,32
1788093980.257064,88,31.425,367,32
1788093980.3072772,88,31.425,367,32
1788093980.357821,88,31.425,367,32
1788093980.4082484,88,31.425,367,32
1788093980.4584281,88,31.425,367,32
1788093980.5089676,88,31.425,367,32
1788093980.5593154,88,31.425,367,32
1788093980.609837,88,31.425,367,32
1788093980.660465,88,29.673,922,32
1788093980.7108316,88,29.673,922,32
1788093980.7610774,88,29.673,922,32
1788093980.8112388,88,29.673,922,32
1788093980.8615334,88,29.673,922,32
1788093980.9122214,88,29.673,922,32
1788093980.9625313,88,29.673,922,32
1788093981.013153,88,29.673,922,32
1788093981.0635862,88,29.673,922,32
1788093981.113823,88,29.673,922,32
1788093981.164013,89,31.417,937,32
1788093981.214496,89,31.417,937,32
1788093981.2647095,89,31.417,937,32
1788093981.3153787,89,31.417,937,32
1788093981.3656437,89,31.417,937,32
1788093981.4159598,89,31.417,937,32
1788093981.4660814,89,31.417,937,32
1788093981.516481,89,31.417,937,32
1788093981.5671122,89,31.417,937,32
1788093981.6177492,89,31.417,937,32
1788093981.6680892,89,32.645,1005,32
1788093981.7184136,89,32.645,1005,32
1788093981.7689457,89,32.645,1005,32
1788093981.8192966,89,32.645,1005,32
1788093981.87005,89,32.645,1005,32
1788093981.920787,89,32.645,1005,32
1788093981.970941,89,32.645,1005,32
1788093982.0215647,89,32.645,1005,32
1788093982.0719144,89,32.645,1005,32
1788093982.1221712,89,32.645,1005,32
1788093982.1724966,89,32.808,1020,32
1788093982.2226934,89,32.808,1020,32
1788093982.2730412,89,32.808,1020,32
1788093982.3234038,89,32.808,1020,32
1788093982.3743575,89,32.808,1020,32
1788093982.4246435,89,32.808,1020,32
1788093982.475331,89,32.808,1020,32
1788093982.5260215,89,32.808,1020,32
1788093982.5765886,89,32.808,1020,32
1788093982.6272335,89,32.808,1020,32
1788093982.6775072,89,32.941,802,32
1788093982.7278016,89,32.941,802,32
1788093982.7783399,89,32.941,802,32
1788093982.8288798,89,32.941,802,32
1788093982.8792949,89,32.941,802,32
1788093982.9294825,89,32.941,802,32
1788093982.98001,89,32.941,802,32
1788093983.030242,89,32.941,802,32
1788093983.0805752,89,32.941,802,32
1788093983.1310067,89,32.941,802,32
1788093983.1813838,87,30.349,1237,32
1788093983.2319708,87,30.349,1237,32
1788093983.2825215,87,30.349,1237,32
1788093983.332794,87,30.349,1237,32
1788093983.3834484,87,30.349,1237,32
1788093983.4340715,87,30.349,1237,32
1788093983.4843745,87,30.349,1237,32
1788093983.5348926,87,30.349,1237,32
1788093983.5850494,87,30.349,1237,32
1788093983.6355991,87,30.349,1237,32
1788093983.686014,89,31.284,795,32
1788093983.7365108,89,31.284,795,32
1788093983.7867122,89,31.284,795,32
1788093983.8372748,89,31.284,795,32
1788093983.8876736,89,31.284,795,32
1788093983.9381578,89,31.284,795,32
1788093983.988525,89,31.284,795,32
1788093984.0389378,89,31.284,795,32
1788093984.0895486,89,31.284,795,32
1788093984.1401153,89,31.284,795,32
1788093984.1908364,89,31.748,735,32
1788093984.2410774,89,31.748,735,32
1788093984.2916644,89,31.748,735,32
1788093984.34196,89,31.748,735,32
1788093984.3922803,89,31.748,735,32
1788093984.44267,89,31.748,735,32
1788093984.4932916,89,31.748,735,32
1788093984.5435212,89,31.748,735,32
1788093984.5936954,89,31.748,735,32
1788093984.6442742,89,31.748,735,32
1788093984.6946392,89,31.155,780,32
1788093984.7450688,89,31.155,780,32
1788093984.7955837,89,31.155,780,32
1788093984.8458664,89,31.155,780,32
1788093984.8963654,89,31.155,780,32
1788093984.9467142,89,31.155,780,32
1788093984.9970784,89,31.155,780,32
1788093985.0477874,89,31.155,780,32
1788093985.0983064,89,31.155,780,32
1788093985.1487103,89,31.155,780,32
1788093985.1992996,88,31.257,547,32
1788093985.2499382,88,31.257,547,32
1788093985.3003051,88,31.257,547,32
1788093985.3507383,88,31.257,547,32
1788093985.401116,88,31.257,547,32
1788093985.4516938,88,31.257,547,32
1788093985.5020363,88,31.257,547,32
1788093985.5526426,88,31.257,547,32
1788093985.6029725,88,31.257,547,32
1788093985.6534755,88,31.257,547,32
1788093985.7040014,88,31.323,772,32
1788093985.7543871,88,31.323,772,32
1788093985.8048208,88,31.323,772,32
1788093985.8552878,88,31.323,772,32
1788093985.9055085,88,31.323,772,32
1788093985.9559233,88,31.323,772,32
1788093986.006314,88,31.323,772,32
1788093986.056599,88,31.323,772,32
1788093986.1068947,88,31.323,772,32
1788093986.1575565,88,31.297,525,32
1788093986.207707,88,31.297,525,32
1788093986.2580247,88,31.297,525,32
1788093986.308699,88,31.297,525,32
1788093986.359224,88,31.297,525,32
1788093986.4094515,88,31.297,525,32
1788093986.4599712,88,31.297,525,32
1788093986.510335,88,31.297,525,32
1788093986.560978,88,31.297,525,32
1788093986.611125,88,31.297,525,32
1788093986.661522,88,31.258,765,32
1788093986.7117321,88,31.258,765,32
1788093986.7621171,88,31.258,765,32
1788093986.8125112,88,31.258,765,32
1788093986.8628335,88,31.258,765,32
1788093986.913184,88,31.258,765,32
1788093986.9638019,88,31.258,765,32
1788093987.0143101,88,31.258,765,32
1788093987.0650077,88,31.258,765,32
1788093987.1153908,88,31.258,765,32
1788093987.1658053,88,31.378,772,32
1788093987.2160366,88,31.378,772,32
1788093987.2667458,88,31.378,772,32
1788093987.3173065,88,31.378,772,32
1788093987.3676214,88,31.378,772,32
1788093987.417862,88,31.378,772,32
1788093987.468324,88,31.378,772,32
1788093987.5185325,88,31.378,772,32
1788093987.5688286,88,31.378,772,32
1788093987.6194873,88,31.378,772,32
1788093987.6697676,87,28.914,1072,1
1788093987.720263,87,28.914,1072,1
1788093987.7705064,87,28.914,1072,1
1788093987.8208945,87,28.914,1072,1
1788093987.871403,87,28.914,1072,1
1788093987.92165,87,28.914,1072,1
1788093987.9719443,87,28.914,1072,1
1788093988.0226195,87,28.914,1072,1
1788093988.0732837,87,28.914,1072,1
1788093988.1239347,87,28.914,1072,1
1788093988.174477,89,31.384,1230,32
1788093988.2250786,89,31.384,1230,32
1788093988.2756562,89,31.384,1230,32
1788093988.3258698,89,31.384,1230,32
1788093988.3764966,89,31.384,1230,32
1788093988.4268167,89,31.384,1230,32
1788093988.4770823,89,31.384,1230,32
1788093988.527395,89,31.384,1230,32
1788093988.577957,89,31.384,1230,32
1788093988.6285467,89,31.384,1230,32
1788093988.6792066,89,33.925,772,32
1788093988.7298238,89,33.925,772,32
1788093988.780153,89,33.925,772,32
1788093988.830801,89,33.925,772,32
1788093988.8812275,89,33.925,772,32
1788093988.931625,89,33.925,772,32
1788093988.981984,89,33.925,772,32
1788093989.0323045,89,33.925,772,32
1788093989.082944,89,33.925,772,32
1788093989.1333954,89,33.925,772,32
1788093989.18385,89,33.409,802,32
1788093989.2345233,89,33.409,802,32
1788093989.285089,89,33.409,802,32
1788093989.3356276,89,33.409,802,32
1788093989.386281,89,33.409,802,32
1788093989.4368162,89,33.409,802,32
1788093989.4874675,89,33.409,802,32
1788093989.537688,89,33.409,802,32
1788093989.5883229,89,33.409,802,32
1788093989.6388316,89,33.409,802,32
1788093989.6891692,89,32.102,825,32
1788093989.739756,89,32.102,825,32
1788093989.7900965,89,32.102,825,32
1788093989.8405795,89,32.102,825,32
1788093989.8911207,89,32.102,825,32
1788093989.9416068,89,32.102,825,32
1788093989.9919262,89,32.102,825,32
1788093990.04256,89,32.102,825,32
1788093990.093178,89,32.102,825,32
1788093990.1433904,89,32.102,825,32
1788093990.1938336,89,32.045,915,32
1788093990.2441783,89,32.045,915,32
1788093990.294367,89,32.045,915,32
1788093990.3448107,89,32.045,915,32
1788093990.3952441,89,32.045,915,32
1788093990.4458358,89,32.045,915,32
1788093990.496191,89,32.045,915,32
1788093990.546329,89,32.045,915,32
1788093990.5968223,89,32.045,915,32
1788093990.6475737,89,32.045,915,32
1788093990.6982598,89,31.937,952,32
1788093990.7485578,89,31.937,952,32
1788093990.7986789,89,31.937,952,32
1788093990.8489747,89,31.937,952,32
1788093990.8996103,89,31.937,952,32
1788093990.9498563,89,31.937,952,32
1788093991.0003254,89,31.937,952,32
1788093991.050473,89,31.937,952,32
1788093991.1008873,89,31.937,952,32
1788093991.1515415,89,31.937,952,32
1788093991.201795,89,31.877,742,32
1788093991.252411,89,31.877,742,32
1788093991.303032,89,31.877,742,32
1788093991.3537076,89,31.877,742,32
1788093991.4039187,89,31.877,742,32
1788093991.4541595,89,31.877,742,32
1788093991.5046465,89,31.877,742,32
1788093991.5552912,89,31.877,742,32
1788093991.6056614,89,31.877,742,32
1788093991.6561058,89,31.877,742,32
1788093991.7064996,87,29.633,1237,32
1788093991.7570493,87,29.633,1237,32
1788093991.8076825,87,29.633,1237,32
1788093991.8581133,87,29.633,1237,32
1788093991.9084196,87,29.633,1237,32
1788093991.9586234,87,29.633,1237,32
1788093992.0088267,87,29.633,1237,32
1788093992.0590641,87,29.633,1237,32
1788093992.1093664,87,29.633,1237,32
1788093992.1597445,89,30.265,1237,32
1788093992.2106063,89,30.265,1237,32
1788093992.2611866,89,30.265,1237,32
1788093992.3115673,89,30.265,1237,32
1788093992.3618803,89,30.265,1237,32
1788093992.4123578,89,30.265,1237,32
1788093992.4630554,89,30.265,1237,32
1788093992.5136547,89,30.265,1237,32
1788093992.564351,89,30.265,1237,32
1788093992.6145058,89,30.265,1237,32
1788093992.6651382,89,31.197,772,32
1788093992.7157152,89,31.197,772,32
1788093992.7661843,89,31.197,772,32
1788093992.8164659,89,31.197,772,32
1788093992.8670003,89,31.197,772,32
1788093992.9175336,89,31.197,772,32
1788093992.9677463,89,31.197,772,32
1788093993.0181696,89,31.197,772,32
1788093993.06865,89,31.197,772,32
1788093993.1189518,89,31.197,772,32
1788093993.1693513,88,31.708,645,32
1788093993.2199693,88,31.708,645,32
1788093993.2702227,88,31.708,645,32
1788093993.320652,88,31.708,645,32
1788093993.3712797,88,31.708,645,32
1788093993.4216285,88,31.708,645,32
1788093993.4718027,88,31.708,645,32
1788093993.5221334,88,31.708,645,32
1788093993.5728219,88,31.708,645,32
1788093993.6232862,88,31.708,645,32
1788093993.6737487,88,30.479,712,32
1788093993.7242408,88,30.479,712,32
1788093993.7746658,88,30.479,712,32
1788093993.8252678,88,30.479,712,32
1788093993.8754158,88,30.479,712,32
1788093993.9258,88,30.479,712,32
1788093993.9762409,88,30.479,712,32
1788093994.026566,88,30.479,712,32
1788093994.0771675,88,30.479,712,32
1788093994.12752,88,30.479,712,32
1788093994.178167,88,30.692,480,32
1788093994.2283597,88,30.692,480,32
1788093994.2789483,88,30.692,480,32
1788093994.3292358,88,30.692,480,32
1788093994.379848,88,30.692,480,32
1788093994.430264,88,30.692,480,32
1788093994.4808705,88,30.692,480,32
1788093994.5314176,88,30.692,480,32
1788093994.5817704,88,30.692,480,32
1788093994.6319082,88,30.692,480,32
1788093994.6825998,88,30.717,675,32
1788093994.7330585,88,30.717,675,32
1788093994.783435,88,30.717,675,32
1788093994.833794,88,30.717,675,32
1788093994.8844225,88,30.717,675,32
1788093994.9349906,88,30.717,675,32
1788093994.9856215,88,30.717,675,32
1788093995.0358086,88,30.717,675,32
1788093995.0863395,88,30.717,675,32
1788093995.1365964,88,30.717,675,32
1788093995.1872454,88,30.744,502,32
1788093995.237758,88,30.744,502,32
1788093995.2884347,88,30.744,502,32
1788093995.3389947,88,30.744,502,32
1788093995.3894787,88,30.744,502,32
1788093995.4398472,88,30.744,502,32
1788093995.490088,88,30.744,502,32
1788093995.5404828,88,30.744,502,32
1788093995.590861,88,30.744,502,32
1788093995.6411104,88,30.744,502,32
1788093995.6915135,88,30.703,742,32
1788093995.7419813,88,30.703,742,32
1788093995.7926166,88,30.703,742,32
1788093995.8431826,88,30.703,742,32
1788093995.8935244,88,30.703,742,32
1788093995.9442425,88,30.703,742,32
1788093995.9946702,88,30.703,742,32
1788093996.045097,88,30.703,742,32
1788093996.0953975,88,30.703,742,32
1788093996.145797,88,30.703,742,32
1788093996.1962647,88,30.587,577,32
1788093996.2467344,88,30.587,577,32
1788093996.2970176,88,30.587,577,32
1788093996.3471627,88,30.587,577,32
1788093996.39762,88,30.587,577,32
1788093996.44822,88,30.587,577,32
1788093996.4986672,88,30.587,577,32
1788093996.5489295,88,30.587,577,32
1788093996.5993986,88,30.587,577,32
1788093996.6496358,88,30.587,577,32
1788093996.7002397,88,28.926,1035,1
1788093996.750581,88,28.926,1035,1
1788093996.8012938,88,28.926,1035,1
1788093996.8515506,88,28.926,1035,1
1788093996.9023066,88,28.926,1035,1
1788093996.9528704,88,28.926,1035,1
1788093997.0034516,88,28.926,1035,1
1788093997.0539503,88,28.926,1035,1
1788093997.1042233,88,28.926,1035,1
1788093997.1546373,88,28.926,1035,1
1788093997.2049792,89,31.015,757,32
1788093997.2555795,89,31.015,757,32
1788093997.3062308,89,31.015,757,32
1788093997.356647,89,31.015,757,32
1788093997.4072497,89,31.015,757,32
1788093997.4575338,89,31.015,757,32
1788093997.508148,89,31.015,757,32
1788093997.5585694,89,31.015,757,32
1788093997.6089897,89,31.015,757,32
1788093997.6595535,89,33.565,727,32
1788093997.7100103,89,33.565,727,32
1788093997.76045,89,33.565,727,32
1788093997.8110359,89,33.565,727,32
1788093997.861373,89,33.565,727,32
1788093997.9116616,89,33.565,727,32
1788093997.9622822,89,33.565,727,32
1788093998.0127232,89,33.565,727,32
1788093998.0634005,89,33.565,727,32
1788093998.1135662,89,33.565,727,32
1788093998.163732,88,31.503,592,32
1788093998.2140942,88,31.503,592,32
1788093998.2644615,88,31.503,592,32
1788093998.3147058,88,31.503,592,32
1788093998.3649387,88,31.503,592,32
1788093998.4154475,88,31.503,592,32
1788093998.465874,88,31.503,592,32
1788093998.5163133,88,31.503,592,32
1788093998.566859,88,31.503,592,32
1788093998.6173213,88,31.503,592,32
1788093998.6678,89,31.606,615,32
1788093998.7183979,89,31.606,615,32
1788093998.76865,89,31.606,615,32
1788093998.8188882,89,31.606,615,32
1788093998.8691885,89,31.606,615,32
1788093998.9197638,89,31.606,615,32
1788093998.9699805,89,31.606,615,32
1788093999.0206304,89,31.606,615,32
1788093999.0713503,89,31.606,615,32
1788093999.1219778,89,31.606,615,32
1788093999.1723814,88,31.552,652,32
1788093999.2227256,88,31.552,652,32
1788093999.2733333,88,31.552,652,32
1788093999.3239052,88,31.552,652,32
1788093999.3744726,88,31.552,652,32
1788093999.4250085,88,31.552,652,32
1788093999.475251,88,31.552,652,32
1788093999.5255187,88,31.552,652,32
1788093999.5757768,88,31.552,652,32
1788093999.6263115,88,31.552,652,32
1788093999.6764534,88,31.563,787,32
1788093999.726908,88,31.563,787,32
1788093999.7771316,88,31.563,787,32
1788093999.8276205,88,31.563,787,32
1788093999.8781822,88,31.563,787,32
1788093999.928426,88,31.563,787,32
1788093999.9788125,88,31.563,787,32
1788094000.0293028,88,31.563,787,32
1788094000.0799048,88,31.563,787,32
1788094000.1303914,88,31.563,787,32
1788094000.180846,89,31.602,877,32
1788094000.2312715,89,31.602,877,32
1788094000.2814827,89,31.602,877,32
1788094000.3320868,89,31.602,877,32
1788094000.3831267,89,31.602,877,32
1788094000.4336228,89,31.602,877,32
1788094000.4837475,89,31.602,877,32
1788094000.5344174,89,31.602,877,32
1788094000.5846202,89,31.602,877,32
1788094000.6349628,89,31.602,877,32
1788094000.6852086,88,30.336,1222,1
1788094000.735808,88,30.336,1222,1
1788094000.7864127,88,30.336,1222,1
1788094000.8370104,88,30.336,1222,1
1788094000.8876402,88,30.336,1222,1
1788094000.9381669,88,30.336,1222,1
1788094000.9886658,88,30.336,1222,1
1788094001.038914,88,30.336,1222,1
1788094001.0893772,88,30.336,1222,1
1788094001.1395223,88,30.336,1222,1
1788094001.189832,89,29.996,697,32
1788094001.2400858,89,29.996,697,32
1788094001.2905211,89,29.996,697,32
1788094001.3411164,89,29.996,697,32
1788094001.391754,89,29.996,697,32
1788094001.4421186,89,29.996,697,32
1788094001.4926138,89,29.996,697,32
1788094001.5432277,89,29.996,697,32
1788094001.5935361,89,29.996,697,32
1788094001.643804,89,29.996,697,32
1788094001.693998,88,29.447,727,32
1788094001.7444406,88,29.447,727,32
1788094001.7947488,88,29.447,727,32
1788094001.8454204,88,29.447,727,32
1788094001.8957174,88,29.447,727,32
1788094001.9463708,88,29.447,727,32
1788094001.9968092,88,29.447,727,32
1788094002.0473177,88,29.447,727,32
1788094002.0978582,88,29.447,727,32
1788094002.1485205,88,29.447,727,32
1788094002.1989386,88,30.394,622,32
1788094002.2493348,88,30.394,622,32
1788094002.299946,88,30.394,622,32
1788094002.3502257,88,30.394,622,32
1788094002.4008367,88,30.394,622,32
1788094002.4510975,88,30.394,622,32
1788094002.5013857,88,30.394,622,32
1788094002.5520947,88,30.394,622,32
1788094002.60278,88,30.394,622,32
1788094002.6530404,88,30.394,622,32
1788094002.7037323,88,30.362,472,32
1788094002.7542267,88,30.362,472,32
1788094002.804813,88,30.362,472,32
1788094002.8551414,88,30.362,472,32
1788094002.9056222,88,30.362,472,32
1788094002.9558446,88,30.362,472,32
1788094003.0063348,88,30.362,472,32
1788094003.0567327,88,30.362,472,32
1788094003.1072705,88,30.362,472,32
1788094003.1576164,88,30.362,472,32
1788094003.207827,88,30.407,435,32
1788094003.258528,88,30.407,435,32
1788094003.309081,88,30.407,435,32
1788094003.3595982,88,30.407,435,32
1788094003.4102256,88,30.407,435,32
1788094003.4606702,88,30.407,435,32
1788094003.511122,88,30.407,435,32
1788094003.561723,88,30.407,435,32
1788094003.6120012,88,30.407,435,32
1788094003.6622684,88,30.233,442,32
1788094003.712603,88,30.233,442,32
1788094003.7628956,88,30.233,442,32
1788094003.8130634,88,30.233,442,32
1788094003.8633046,88,30.233,442,32
1788094003.913651,88,30.233,442,32
1788094003.9638104,88,30.233,442,32
1788094004.013957,88,30.233,442,32
1788094004.0641978,88,30.233,442,32
1788094004.1144078,88,30.233,442,32
1788094004.1649303,88,29.873,742,32
1788094004.21525,88,29.873,742,32
1788094004.2654438,88,29.873,742,32
1788094004.3160827,88,29.873,742,32
1788094004.36633,88,29.873,742,32
1788094004.4166663,88,29.873,742,32
1788094004.4672353,88,29.873,742,32
1788094004.5178037,88,29.873,742,32
1788094004.5683892,88,29.873,742,32
1788094004.6188018,88,29.873,742,32
1788094004.66934,89,31.746,1065,32
1788094004.7198987,89,31.746,1065,32
1788094004.7704751,89,31.746,1065,32
1788094004.8215094,89,31.746,1065,32
1788094004.8719227,89,31.746,1065,32
1788094004.922259,89,31.746,1065,32
1788094004.972674,89,31.746,1065,32
1788094005.0230227,89,31.746,1065,32
1788094005.073416,89,31.746,1065,32
1788094005.124038,89,31.746,1065,32
1788094005.1742482,89,33.336,510,32
1788094005.2249057,89,33.336,510,32
1788094005.2755008,89,33.336,510,32
1788094005.3257437,89,33.336,510,32
1788094005.376119,89,33.336,510,32
1788094005.4266553,89,33.336,510,32
1788094005.4771678,89,33.336,510,32
1788094005.5275493,89,33.336,510,32
1788094005.5778291,89,33.336,510,32
1788094005.6283185,89,33.336,510,32
1788094005.6790783,88,30.081,1162,1
1788094005.7294972,88,30.081,1162,1
1788094005.7799106,88,30.081,1162,1
1788094005.8301468,88,30.081,1162,1
1788094005.8808126,88,30.081,1162,1
1788094005.9310894,88,30.081,1162,1
1788094005.9816644,88,30.081,1162,1
1788094006.0319517,88,30.081,1162,1
1788094006.0824213,88,30.081,1162,1
1788094006.1326826,88,30.081,1162,1
1788094006.1831412,89,31.217,960,32
1788094006.2333925,89,31.217,960,32
1788094006.2839968,89,31.217,960,32
1788094006.3345807,89,31.217,960,32
1788094006.3850794,89,31.217,960,32
1788094006.4354808,89,31.217,960,32
1788094006.4861457,89,31.217,960,32
1788094006.5367126,89,31.217,960,32
1788094006.5873,89,31.217,960,32
1788094006.6376097,89,31.217,960,32
1788094006.6881776,89,34.06,802,32
1788094006.7384434,89,34.06,802,32
1788094006.7889764,89,34.06,802,32
1788094006.8395755,89,34.06,802,32
1788094006.8899555,89,34.06,802,32
1788094006.9402325,89,34.06,802,32
1788094006.9905124,89,34.06,802,32
1788094007.0410848,89,34.06,802,32
1788094007.0915828,89,34.06,802,32
1788094007.1421351,89,34.06,802,32
1788094007.1927238,88,31.836,795,32
1788094007.2434042,88,31.836,795,32
1788094007.293835,88,31.836,795,32
1788094007.3443956,88,31.836,795,32
1788094007.3946116,88,31.836,795,32
1788094007.444978,88,31.836,795,32
1788094007.4955695,88,31.836,795,32
1788094007.545751,88,31.836,795,32
1788094007.5961258,88,31.836,795,32
1788094007.6463249,88,31.836,795,32
1788094007.6965241,89,31.625,720,32
1788094007.7471259,89,31.625,720,32
1788094007.7975616,89,31.625,720,32
1788094007.848165,89,31.625,720,32
1788094007.898834,89,31.625,720,32
1788094007.9490392,89,31.625,720,32
1788094007.9997218,89,31.625,720,32
1788094008.0500019,89,31.625,720,32
1788094008.100495,89,31.625,720,32
1788094008.1512845,89,31.625,720,32
1788094008.2014966,88,31.716,592,32
1788094008.2518797,88,31.716,592,32
1788094008.302441,88,31.716,592,32
1788094008.3528326,88,31.716,592,32
1788094008.403108,88,31.716,592,32
1788094008.4536014,88,31.716,592,32
1788094008.504023,88,31.716,592,32
1788094008.554525,88,31.716,592,32
1788094008.6048965,88,31.716,592,32
1788094008.655263,88,31.716,592,32
1788094008.7057066,89,31.682,547,32
1788094008.7562556,89,31.682,547,32
1788094008.806589,89,31.682,547,32
1788094008.856847,89,31.682,547,32
1788094008.9072409,89,31.682,547,32
1788094008.9576392,89,31.682,547,32
1788094009.0080516,89,31.682,547,32
1788094009.0585933,89,31.682,547,32
1788094009.1089385,89,31.682,547,32
1788094009.1595254,88,31.635,630,32
1788094009.2100792,88,31.635,630,32
1788094009.2602751,88,31.635,630,32
1788094009.310669,88,31.635,630,32
1788094009.3609245,88,31.635,630,32
1788094009.411345,88,31.635,630,32
1788094009.4616299,88,31.635,630,32
1788094009.5120018,88,31.635,630,32
1788094009.5622323,88,31.635,630,32
1788094009.612523,88,31.635,630,32
1788094009.6631763,87,29.024,1222,1
1788094009.713403,87,29.024,1222,1
1788094009.7639778,87,29.024,1222,1
1788094009.8144023,87,29.024,1222,1
1788094009.8648624,87,29.024,1222,1
1788094009.9155395,87,29.024,1222,1
1788094009.965701,87,29.024,1222,1
1788094010.0162218,87,29.024,1222,1
1788094010.0668247,87,29.024,1222,1
1788094010.1173403,87,29.024,1222,1
1788094010.1676748,89,30.749,405,32
1788094010.2179615,89,30.749,405,32
1788094010.268424,89,30.749,405,32
1788094010.3185856,89,30.749,405,32
1788094010.3687675,89,30.749,405,32
1788094010.4190419,89,30.749,405,32
1788094010.4695175,89,30.749,405,32
1788094010.5201635,89,30.749,405,32
1788094010.5707276,89,30.749,405,32
1788094010.621181,89,30.749,405,32
1788094010.6714034,88,31.249,600,32
1788094010.7217717,88,31.249,600,32
1788094010.772335,88,31.249,600,32
1788094010.8227258,88,31.249,600,32
1788094010.8729835,88,31.249,600,32
1788094010.9233837,88,31.249,600,32
1788094010.9740005,88,31.249,600,32
1788094011.0245817,88,31.249,600,32
1788094011.0748632,88,31.249,600,32
1788094011.1250455,88,31.249,600,32
1788094011.1753054,88,30.14,502,32
1788094011.2256403,88,30.14,502,32
1788094011.2762184,88,30.14,502,32
1788094011.3268383,88,30.14,502,32
1788094011.3771217,88,30.14,502,32
1788094011.4276335,88,30.14,502,32
1788094011.4778187,88,30.14,502,32
1788094011.5284028,88,30.14,502,32
1788094011.579029,88,30.14,502,32
1788094011.629443,88,30.14,502,32
1788094011.6798897,88,29.977,547,32
1788094011.7302632,88,29.977,547,32
1788094011.7808235,88,29.977,547,32
1788094011.8310592,88,29.977,547,32
1788094011.8816621,88,29.977,547,32
1788094011.9320781,88,29.977,547,32
1788094011.9824905,88,29.977,547,32
1788094012.0328512,88,29.977,547,32
1788094012.083048,88,29.977,547,32
1788094012.133489,88,29.977,547,32
1788094012.1838777,88,30.049,450,32
1788094012.2340982,88,30.049,450,32
1788094012.2843258,88,30.049,450,32
1788094012.3346362,88,30.049,450,32
1788094012.385193,88,30.049,450,32
1788094012.4356256,88,30.049,450,32
1788094012.4858532,88,30.049,450,32
1788094012.5363245,88,30.049,450,32
1788094012.5865061,88,30.049,450,32
1788094012.6375127,88,30.049,450,32
1788094012.688054,88,30.092,562,32
1788094012.7384703,88,30.092,562,32
1788094012.7889795,88,30.092,562,32
1788094012.839425,88,30.092,562,32
1788094012.889792,88,30.092,562,32
1788094012.940154,88,30.092,562,32
1788094012.9907315,88,30.092,562,32
1788094013.041264,88,30.092,562,32
1788094013.091962,88,30.092,562,32
1788094013.1426716,88,30.092,562,32
1788094013.1928585,88,30.007,532,32
1788094013.2432208,88,30.007,532,32
1788094013.2933848,88,30.007,532,32
1788094013.3436663,88,30.007,532,32
1788094013.3940637,88,30.007,532,32
1788094013.444399,88,30.007,532,32
1788094013.494637,88,30.007,532,32
1788094013.5452979,88,30.007,532,32
1788094013.5959027,88,30.007,532,32
1788094013.6463845,88,30.007,532,32
1788094013.6966236,88,30.07,555,32
1788094013.7470584,88,30.07,555,32
1788094013.7976506,88,30.07,555,32
1788094013.848217,88,30.07,555,32
1788094013.8988013,88,30.07,555,32
1788094013.949448,88,30.07,555,32
1788094013.9998195,88,30.07,555,32
1788094014.0502794,88,30.07,555,32
1788094014.1005995,88,30.07,555,32
1788094014.1511204,88,30.07,555,32
1788094014.201619,89,31.398,1042,32
1788094014.2519329,89,31.398,1042,32
1788094014.302574,89,31.398,1042,32
1788094014.3529518,89,31.398,1042,32
1788094014.4032059,89,31.398,1042,32
1788094014.453442,89,31.398,1042,32
1788094014.5036783,89,31.398,1042,32
1788094014.5542753,89,31.398,1042,32
1788094014.6043863,89,31.398,1042,32
1788094014.6548,89,31.398,1042,32
1788094014.7054377,89,31.118,1237,32
1788094014.7561483,89,31.118,1237,32
1788094014.8068132,89,31.118,1237,32
1788094014.857201,89,31.118,1237,32
1788094014.907798,89,31.118,1237,32
1788094014.9582846,89,31.118,1237,32
1788094015.0086327,89,31.118,1237,32
1788094015.0588477,89,31.118,1237,32
1788094015.109355,89,31.118,1237,32
1788094015.159708,89,31.118,1237,32
1788094015.2102728,89,31.574,532,32
1788094015.2607815,89,31.574,532,32
1788094015.3111165,89,31.574,532,32
1788094015.3614404,89,31.574,532,32
1788094015.411812,89,31.574,532,32
1788094015.4620035,89,31.574,532,32
1788094015.5125308,89,31.574,532,32
1788094015.5629966,89,31.574,532,32
1788094015.6134357,89,31.574,532,32
1788094015.664198,88,32.263,750,32
1788094015.7147236,88,32.263,750,32
1788094015.765142,88,32.263,750,32
1788094015.8156252,88,32.263,750,32
1788094015.866042,88,32.263,750,32
1788094015.9162955,88,32.263,750,32
1788094015.9665568,88,32.263,750,32
1788094016.0168169,88,32.263,750,32
1788094016.0672903,88,32.263,750,32
1788094016.117772,88,32.263,750,32
1788094016.1680443,88,30.447,532,32
1788094016.2181947,88,30.447,532,32
1788094016.2686079,88,30.447,532,32
1788094016.319241,88,30.447,532,32
1788094016.369824,88,30.447,532,32
1788094016.4202385,88,30.447,532,32
1788094016.470748,88,30.447,532,32
1788094016.521183,88,30.447,532,32
1788094016.5716991,88,30.447,532,32
1788094016.6222942,88,30.447,532,32
1788094016.6726475,88,30.46,615,32
1788094016.723282,88,30.46,615,32
1788094016.7734988,88,30.46,615,32
1788094016.8241074,88,30.46,615,32
1788094016.8745306,88,30.46,615,32
1788094016.9251337,88,30.46,615,32
1788094016.9755323,88,30.46,615,32
1788094017.0258417,88,30.46,615,32
1788094017.0762281,88,30.46,615,32
1788094017.126628,88,30.46,615,32
1788094017.1769738,88,30.433,840,32
1788094017.2271662,88,30.433,840,32
1788094017.277507,88,30.433,840,32
1788094017.3279085,88,30.433,840,32
1788094017.378314,88,30.433,840,32
1788094017.42885,88,30.433,840,32
1788094017.4792163,88,30.433,840,32
1788094017.529532,88,30.433,840,32
1788094017.5801132,88,30.433,840,32
1788094017.6303742,88,30.433,840,32
1788094017.6808338,88,30.56,675,32
1788094017.7313561,88,30.56,675,32
1788094017.7820234,88,30.56,675,32
1788094017.8326185,88,30.56,675,32
1788094017.883203,88,30.56,675,32
1788094017.9338422,88,30.56,675,32
1788094017.984511,88,30.56,675,32
1788094018.0347426,88,30.56,675,32
1788094018.0850673,88,30.56,675,32
1788094018.135661,88,30.56,675,32
1788094018.186002,88,30.849,495,32
1788094018.2362885,88,30.849,495,32
1788094018.2869558,88,30.849,495,32
1788094018.3374214,88,30.849,495,32
1788094018.387674,88,30.849,495,32
1788094018.4380498,88,30.849,495,32
1788094018.4882112,88,30.849,495,32
1788094018.5387683,88,30.849,495,32
1788094018.5892522,88,30.849,495,32
1788094018.6398184,88,30.849,495,32
1788094018.6904984,88,30.961,510,32
1788094018.7409797,88,30.961,510,32
1788094018.7915702,88,30.961,510,32
1788094018.8418357,88,30.961,510,32
1788094018.892293,88,30.961,510,32
1788094018.9426641,88,30.961,510,32
1788094018.9929762,88,30.961,510,32
1788094019.0431366,88,30.961,510,32
1788094019.0933917,88,30.961,510,32
1788094019.1435797,88,30.961,510,32
1788094019.1938496,87,28.753,892,1
1788094019.2442367,87,28.753,892,1
1788094019.294764,87,28.753,892,1
1788094019.345222,87,28.753,892,1
1788094019.3955593,87,28.753,892,1
1788094019.4460306,87,28.753,892,1
1788094019.4965537,87,28.753,892,1
1788094019.5471158,87,28.753,892,1
1788094019.5976148,87,28.753,892,1
1788094019.6482286,87,28.753,892,1
1788094019.6984105,89,29.019,1237,32
1788094019.7490747,89,29.019,1237,32
1788094019.7997632,89,29.019,1237,32
1788094019.849982,89,29.019,1237,32
1788094019.9003758,89,29.019,1237,32
1788094019.9507835,89,29.019,1237,32
1788094020.0009985,89,29.019,1237,32
1788094020.051538,89,29.019,1237,32
1788094020.1023066,89,29.019,1237,32
1788094020.1525576,89,29.019,1237,32
1788094020.203169,88,29.711,675,32
1788094020.2538826,88,29.711,675,32
1788094020.3042362,88,29.711,675,32
1788094020.3547516,88,29.711,675,32
1788094020.405159,88,29.711,675,32
1788094020.4556794,88,29.711,675,32
1788094020.5062947,88,29.711,675,32
1788094020.556651,88,29.711,675,32
1788094020.6068976,88,29.711,675,32
1788094020.6574237,88,29.711,675,32
1788094020.7079985,88,31.105,412,32
1788094020.7586973,88,31.105,412,32
1788094020.8092253,88,31.105,412,32
1788094020.8597846,88,31.105,412,32
1788094020.9101014,88,31.105,412,32
1788094020.9604282,88,31.105,412,32
1788094021.0111098,88,31.105,412,32
1788094021.0614605,88,31.105,412,32
1788094021.1119926,88,31.105,412,32
1788094021.1622555,89,30.727,1132,32
1788094021.212503,89,30.727,1132,32
1788094021.262955,89,30.727,1132,32
1788094021.3131986,89,30.727,1132,32
1788094021.3637679,89,30.727,1132,32
1788094021.4141982,89,30.727,1132,32
1788094021.4647405,89,30.727,1132,32
1788094021.5151644,89,30.727,1132,32
1788094021.5658457,89,30.727,1132,32
1788094021.6161776,89,30.727,1132,32
1788094021.6667666,89,32.946,1020,32
1788094021.7169566,89,32.946,1020,32
1788094021.767423,89,32.946,1020,32
1788094021.8179617,89,32.946,1020,32
1788094021.8683174,89,32.946,1020,32
1788094021.9188998,89,32.946,1020,32
1788094021.969377,89,32.946,1020,32
1788094022.0195794,89,32.946,1020,32
1788094022.0699222,89,32.946,1020,32
1788094022.1203356,89,32.946,1020,32
1788094022.1707165,89,33.799,937,32
1788094022.2210622,89,33.799,937,32
1788094022.2714603,89,33.799,937,32
1788094022.3217654,89,33.799,937,32
1788094022.3721826,89,33.799,937,32
1788094022.4228084,89,33.799,937,32
1788094022.4730048,89,33.799,937,32
1788094022.52363,89,33.799,937,32
1788094022.573996,89,33.799,937,32
1788094022.6244514,89,33.799,937,32
1788094022.6749156,89,33.321,780,32
1788094022.7253673,89,33.321,780,32
1788094022.775687,89,33.321,780,32
1788094022.8260176,89,33.321,780,32
1788094022.8766682,89,33.321,780,32
1788094022.9272444,89,33.321,780,32
1788094022.9778538,89,33.321,780,32
1788094023.0280988,89,33.321,780,32
1788094023.0785823,89,33.321,780,32
1788094023.1291862,89,33.321,780,32
1788094023.1794338,89,32.479,1237,32
1788094023.2295966,89,32.479,1237,32
1788094023.2801027,89,32.479,1237,32
1788094023.3303535,89,32.479,1237,32
1788094023.3809903,89,32.479,1237,32
1788094023.4313312,89,32.479,1237,32
1788094023.4816282,89,32.479,1237,32
1788094023.5320907,89,32.479,1237,32
1788094023.5823245,89,32.479,1237,32
1788094023.6325202,89,32.479,1237,32
1788094023.6831608,89,31.6,885,32
1788094023.7337422,89,31.6,885,32
1788094023.784278,89,31.6,885,32
1788094023.8349001,89,31.6,885,32
1788094023.8854551,89,31.6,885,32
1788094023.93598,89,31.6,885,32
1788094023.9866395,89,31.6,885,32
1788094024.0372138,89,31.6,885,32
1788094024.0874872,89,31.6,885,32
1788094024.1381052,89,31.6,885,32
1788094024.1884634,88,30.076,210,32
1788094024.238779,88,30.076,210,32
1788094024.289336,88,30.076,210,32
1788094024.3399022,88,30.076,210,32
1788094024.3902617,88,30.076,210,32
1788094024.4408581,88,30.076,210,32
1788094024.4912994,88,30.076,210,32
1788094024.5418687,88,30.076,210,32
1788094024.5921202,88,30.076,210,32
1788094024.642503,88,30.076,210,32
1788094024.6929858,89,31.217,990,32
1788094024.7434304,89,31.217,990,32
1788094024.793828,89,31.217,990,32
1788094024.8443475,89,31.217,990,32
1788094024.8949988,89,31.217,990,32
1788094024.9456966,89,31.217,990,32
1788094024.996222,89,31.217,990,32
1788094025.0464664,89,31.217,990,32
1788094025.096988,89,31.217,990,32
1788094025.1476607,89,31.217,990,32
1788094025.1979587,89,31.947,937,32
1788094025.2485306,89,31.947,937,32
1788094025.2990801,89,31.947,937,32
1788094025.3494577,89,31.947,937,32
1788094025.3998928,89,31.947,937,32
1788094025.450115,89,31.947,937,32
1788094025.5005922,89,31.947,937,32
1788094025.5512948,89,31.947,937,32
1788094025.6018786,89,31.947,937,32
1788094025.652188,89,31.947,937,32
1788094025.7025118,89,32.858,855,32
1788094025.7531135,89,32.858,855,32
1788094025.8035505,89,32.858,855,32
1788094025.8540978,89,32.858,855,32
1788094025.9045904,89,32.858,855,32
1788094025.9551115,89,32.858,855,32
1788094026.0057294,89,32.858,855,32
1788094026.0564759,89,32.858,855,32
1788094026.10686,89,32.858,855,32
1788094026.1572614,89,32.858,855,32
1788094026.207666,89,32.869,1035,32
1788094026.2583706,89,32.869,1035,32
1788094026.3091917,89,32.869,1035,32
1788094026.3593316,89,32.869,1035,32
1788094026.4099364,89,32.869,1035,32
1788094026.4602892,89,32.869,1035,32
1788094026.510645,89,32.869,1035,32
1788094026.5612388,89,32.869,1035,32
1788094026.6116052,89,32.869,1035,32
1788094026.6620905,89,32.906,960,32
1788094026.7125406,89,32.906,960,32
1788094026.7629616,89,32.906,960,32
1788094026.8135629,89,32.906,960,32
1788094026.8640728,89,32.906,960,32
1788094026.9143143,89,32.906,960,32
1788094026.964909,89,32.906,960,32
1788094027.0151002,89,32.906,960,32
1788094027.065405,89,32.906,960,32
1788094027.1159992,89,32.906,960,32
1788094027.1663506,89,32.786,900,32
1788094027.216555,89,32.786,900,32
1788094027.2671762,89,32.786,900,32
1788094027.3177555,89,32.786,900,32
1788094027.368265,89,32.786,900,32
1788094027.4187038,89,32.786,900,32
1788094027.4691663,89,32.786,900,32
1788094027.519419,89,32.786,900,32
1788094027.5696373,89,32.786,900,32
1788094027.6201441,89,32.786,900,32
1788094027.6705801,89,30.296,1192,32
1788094027.720866,89,30.296,1192,32
1788094027.7710574,89,30.296,1192,32
1788094027.8217113,89,30.296,1192,32
1788094027.8722942,89,30.296,1192,32
1788094027.9228516,89,30.296,1192,32
1788094027.973381,89,30.296,1192,32
1788094028.0239575,89,30.296,1192,32
1788094028.0745807,89,30.296,1192,32
1788094028.1250076,89,30.296,1192,32
1788094028.1753705,88,29.592,210,32
1788094028.2260032,88,29.592,210,32
1788094028.2762601,88,29.592,210,32
1788094028.326614,88,29.592,210,32
1788094028.3769333,88,29.592,210,32
1788094028.4271872,88,29.592,210,32
1788094028.4775436,88,29.592,210,32
1788094028.5283077,88,29.592,210,32
1788094028.578683,88,29.592,210,32
1788094028.6291318,88,29.592,210,32
1788094028.6793623,88,30.267,1155,1
1788094028.7295995,88,30.267,1155,1
1788094028.7799375,88,30.267,1155,1
1788094028.8305466,88,30.267,1155,1
1788094028.880829,88,30.267,1155,1
1788094028.931129,88,30.267,1155,1
1788094028.9814336,88,30.267,1155,1
1788094029.0316615,88,30.267,1155,1
1788094029.0819695,88,30.267,1155,1
1788094029.1321251,88,30.267,1155,1
1788094029.1827073,88,29.778,210,32
1788094029.2332852,88,29.778,210,32
1788094029.2837226,88,29.778,210,32
1788094029.3340993,88,29.778,210,32
1788094029.384474,88,29.778,210,32
1788094029.4350564,88,29.778,210,32
1788094029.4855907,88,29.778,210,32
1788094029.5358775,88,29.778,210,32
1788094029.5863268,88,29.778,210,32
1788094029.6365342,88,29.778,210,32
1788094029.6871572,88,30.742,960,32
1788094029.7375188,88,30.742,960,32
1788094029.7879558,88,30.742,960,32
1788094029.8384907,88,30.742,960,32
1788094029.889045,88,30.742,960,32
1788094029.9396334,88,30.742,960,32
1788094029.9899192,88,30.742,960,32
1788094030.0404592,88,30.742,960,32
1788094030.0906034,88,30.742,960,32
1788094030.141184,88,30.742,960,32
1788094030.1916447,89,30.855,952,32
1788094030.242212,89,30.855,952,32
1788094030.2928653,89,30.855,952,32
1788094030.343471,89,30.855,952,32
1788094030.393949,89,30.855,952,32
1788094030.4442265,89,30.855,952,32
1788094030.4948168,89,30.855,952,32
1788094030.5450642,89,30.855,952,32
1788094030.5953245,89,30.855,952,32
1788094030.6459835,89,30.855,952,32
1788094030.6964605,89,32.364,705,32
1788094030.7467656,89,32.364,705,32
1788094030.7969432,89,32.364,705,32
1788094030.847392,89,32.364,705,32
1788094030.8978322,89,32.364,705,32
1788094030.9483082,89,32.364,705,32
1788094030.998531,89,32.364,705,32
1788094031.048919,89,32.364,705,32
1788094031.0996242,89,32.364,705,32
1788094031.1502159,89,32.364,705,32
1788094031.200682,89,32.301,907,32
1788094031.25114,89,32.301,907,32
1788094031.3016746,89,32.301,907,32
1788094031.3519325,89,32.301,907,32
1788094031.4022706,89,32.301,907,32
1788094031.4524987,89,32.301,907,32
1788094031.5028405,89,32.301,907,32
1788094031.5529797,89,32.301,907,32
1788094031.603177,89,32.301,907,32
1788094031.6534536,89,32.301,907,32
1788094031.7039747,89,32.436,945,32
1788094031.7541807,89,32.436,945,32
1788094031.8048494,89,32.436,945,32
1788094031.8552043,89,32.436,945,32
1788094031.90573,89,32.436,945,32
1788094031.956329,89,32.436,945,32
1788094032.0069425,89,32.436,945,32
1788094032.0576165,89,32.436,945,32
1788094032.1079879,89,32.436,945,32
1788094032.1584663,89,32.436,945,32
1788094032.2085938,89,30.703,1185,32
1788094032.2592497,89,30.703,1185,32
1788094032.3097217,89,30.703,1185,32
1788094032.3599374,89,30.703,1185,32
1788094032.410606,89,30.703,1185,32
1788094032.461295,89,30.703,1185,32
1788094032.5116673,89,30.703,1185,32
1788094032.5618787,89,30.703,1185,32
1788094032.6121714,89,30.703,1185,32
1788094032.6625226,88,30.884,367,32
1788094032.712928,88,30.884,367,32
1788094032.7632513,88,30.884,367,32
1788094032.8136299,88,30.884,367,32
1788094032.8642368,88,30.884,367,32
1788094032.9149294,88,30.884,367,32
1788094032.9655108,88,30.884,367,32
1788094033.016021,88,30.884,367,32
1788094033.0664222,88,30.884,367,32
1788094033.1167347,88,30.884,367,32
1788094033.1670911,88,31.663,1005,32
1788094033.217319,88,31.663,1005,32
1788094033.2678738,88,31.663,1005,32
1788094033.3181498,88,31.663,1005,32
1788094033.3686697,88,31.663,1005,32
1788094033.4188528,88,31.663,1005,32
1788094033.4695218,88,31.663,1005,32
1788094033.5198283,88,31.663,1005,32
1788094033.5701957,88,31.663,1005,32
1788094033.6207988,88,31.663,1005,32
1788094033.6714113,89,30.954,1080,32
1788094033.7221217,89,30.954,1080,32
1788094033.7725174,89,30.954,1080,32
1788094033.8227887,89,30.954,1080,32
1788094033.8734126,89,30.954,1080,32
1788094033.9236085,89,30.954,1080,32
1788094033.9740822,89,30.954,1080,32
1788094034.0243447,89,30.954,1080,32
1788094034.074934,89,30.954,1080,32
1788094034.1252325,89,30.954,1080,32
1788094034.1755607,89,33.158,862,32
1788094034.2259562,89,33.158,862,32
1788094034.2762692,89,33.158,862,32
1788094034.3265553,89,33.158,862,32
1788094034.3769152,89,33.158,862,32
1788094034.4272542,89,33.158,862,32
1788094034.4777036,89,33.158,862,32
1788094034.528145,89,33.158,862,32
1788094034.5785213,89,33.158,862,32
1788094034.6291804,89,33.158,862,32
1788094034.679753,89,33.193,960,32
1788094034.73006,89,33.193,960,32
1788094034.7803264,89,33.193,960,32
1788094034.8308468,89,33.193,960,32
1788094034.8811586,89,33.193,960,32
1788094034.9315956,89,33.193,960,32
1788094034.982013,89,33.193,960,32
1788094035.0326846,89,33.193,960,32
1788094035.08306,89,33.193,960,32
1788094035.133567,89,33.193,960,32
1788094035.184026,89,33.272,1065,32
1788094035.2343366,89,33.272,1065,32
1788094035.2845302,89,33.272,1065,32
1788094035.3348684,89,33.272,1065,32
1788094035.3854177,89,33.272,1065,32
1788094035.4360757,89,33.272,1065,32
1788094035.4865952,89,33.272,1065,32
1788094035.537257,89,33.272,1065,32
1788094035.5875356,89,33.272,1065,32
1788094035.638194,89,33.272,1065,32
1788094035.6885092,89,33.238,840,32
1788094035.739094,89,33.238,840,32
1788094035.7897863,89,33.238,840,32
1788094035.840064,89,33.238,840,32
1788094035.8904397,89,33.238,840,32
1788094035.9408312,89,33.238,840,32
1788094035.991068,89,33.238,840,32
1788094036.0415568,89,33.238,840,32
1788094036.091838,89,33.238,840,32
1788094036.1423132,89,33.238,840,32
1788094036.192782,88,30.466,1192,32
1788094036.2432775,88,30.466,1192,32
1788094036.2934723,88,30.466,1192,32
1788094036.3438084,88,30.466,1192,32
1788094036.3939936,88,30.466,1192,32
1788094036.4443164,88,30.466,1192,32
1788094036.4949074,88,30.466,1192,32
1788094036.5455017,88,30.466,1192,32
1788094036.5958652,88,30.466,1192,32
1788094036.646372,88,30.466,1192,32
1788094036.6969645,89,30.543,210,32
1788094036.747467,89,30.543,210,32
1788094036.7978132,89,30.543,210,32
1788094036.8480494,89,30.543,210,32
1788094036.8982632,89,30.543,210,32
1788094036.9488194,89,30.543,210,32
1788094036.9993186,89,30.543,210,32
1788094037.049949,89,30.543,210,32
1788094037.10029,89,30.543,210,32
1788094037.150695,89,30.543,210,32
1788094037.2013094,88,31.259,877,1
1788094037.2518802,88,31.259,877,1
1788094037.3024004,88,31.259,877,1
1788094037.352583,88,31.259,877,1
1788094037.40304,88,31.259,877,1
1788094037.453928,88,31.259,877,1
1788094037.5044649,88,31.259,877,1
1788094037.5549035,88,31.259,877,1
1788094037.6052108,88,31.259,877,1
1788094037.6553528,88,31.259,877,1
1788094037.7055948,89,31.002,1125,32
1788094037.755817,89,31.002,1125,32
1788094037.806352,89,31.002,1125,32
1788094037.8567848,89,31.002,1125,32
1788094037.9072464,89,31.002,1125,32
1788094037.9576714,89,31.002,1125,32
1788094038.0081122,89,31.002,1125,32
1788094038.0586357,89,31.002,1125,32
1788094038.1092772,89,31.002,1125,32
1788094038.1598473,89,31.002,1125,32
1788094038.2103882,88,31.755,442,32
1788094038.2607977,88,31.755,442,32
1788094038.3115032,88,31.755,442,32
1788094038.362138,88,31.755,442,32
1788094038.4128177,88,31.755,442,32
1788094038.463165,88,31.755,442,32
1788094038.5136316,88,31.755,442,32
1788094038.5639768,88,31.755,442,32
1788094038.6147528,88,31.755,442,32
1788094038.665329,88,30.245,712,32
1788094038.7157023,88,30.245,712,32
1788094038.7663565,88,30.245,712,32
1788094038.8167968,88,30.245,712,32
1788094038.8672311,88,30.245,712,32
1788094038.9176636,88,30.245,712,32
1788094038.9682739,88,30.245,712,32
1788094039.0186112,88,30.245,712,32
1788094039.068808,88,30.245,712,32
1788094039.1190424,88,30.245,712,32
1788094039.1692452,88,30.61,577,32
1788094039.2199137,88,30.61,577,32
1788094039.2703083,88,30.61,577,32
1788094039.3204734,88,30.61,577,32
1788094039.3709054,88,30.61,577,32
1788094039.42112,88,30.61,577,32
1788094039.471489,88,30.61,577,32
1788094039.5222425,88,30.61,577,32
1788094039.5727482,88,30.61,577,32
1788094039.62338,88,30.61,577,32
1788094039.6736138,88,30.672,555,32
1788094039.7242465,88,30.672,555,32
1788094039.7747438,88,30.672,555,32
1788094039.8252757,88,30.672,555,32
1788094039.875766,88,30.672,555,32
1788094039.9259791,88,30.672,555,32
1788094039.9761977,88,30.672,555,32
1788094040.0268,88,30.672,555,32
1788094040.0770364,88,30.672,555,32
1788094040.1277475,88,30.672,555,32
1788094040.1780844,88,30.187,742,32
1788094040.2286305,88,30.187,742,32
1788094040.2789104,88,30.187,742,32
1788094040.3291001,88,30.187,742,32
1788094040.3797321,88,30.187,742,32
1788094040.430194,88,30.187,742,32
1788094040.480619,88,30.187,742,32
1788094040.5311172,88,30.187,742,32
1788094040.5818982,88,30.187,742,32
1788094040.6325357,88,30.187,742,32
1788094040.6831107,88,30.242,637,32
1788094040.7334003,88,30.242,637,32
1788094040.78355,88,30.242,637,32
1788094040.833707,88,30.242,637,32
1788094040.8840299,88,30.242,637,32
1788094040.9346848,88,30.242,637,32
1788094040.9849849,88,30.242,637,32
1788094041.0351908,88,30.242,637,32
1788094041.0854619,88,30.242,637,32
1788094041.135667,88,30.242,637,32
1788094041.1859658,88,27.837,1087,1
1788094041.2366064,88,27.837,1087,1
1788094041.287162,88,27.837,1087,1
1788094041.3376582,88,27.837,1087,1
1788094041.387953,88,27.837,1087,1
1788094041.4383528,88,27.837,1087,1
1788094041.4890172,88,27.837,1087,1
1788094041.5392022,88,27.837,1087,1
1788094041.5896776,88,27.837,1087,1
1788094041.6398249,88,27.837,1087,1
1788094041.6904528,89,29.991,270,32
1788094041.7411494,89,29.991,270,32
1788094041.7916818,89,29.991,270,32
1788094041.8420975,89,29.991,270,32
1788094041.892763,89,29.991,270,32
1788094041.9429605,89,29.991,270,32
1788094041.9936528,89,29.991,270,32
1788094042.04436,89,29.991,270,32
1788094042.0947137,89,29.991,270,32
1788094042.1452832,89,29.991,270,32
1788094042.1958044,88,32.531,765,32
1788094042.2464235,88,32.531,765,32
1788094042.2966478,88,32.531,765,32
1788094042.3470566,88,32.531,765,32
1788094042.39767,88,32.531,765,32
1788094042.4479082,88,32.531,765,32
1788094042.4981806,88,32.531,765,32
1788094042.5489001,88,32.531,765,32
1788094042.5991733,88,32.531,765,32
1788094042.6497076,88,32.531,765,32
1788094042.6999326,88,30.925,615,32
1788094042.7506506,88,30.925,615,32
1788094042.8012385,88,30.925,615,32
1788094042.8515623,88,30.925,615,32
1788094042.9022312,88,30.925,615,32
1788094042.9525008,88,30.925,615,32
1788094043.002884,88,30.925,615,32
1788094043.0532494,88,30.925,615,32
1788094043.1038945,88,30.925,615,32
1788094043.1540847,88,30.925,615,32
1788094043.2045228,88,31.724,885,32
1788094043.2548387,88,31.724,885,32
1788094043.305262,88,31.724,885,32
1788094043.3555503,88,31.724,885,32
1788094043.4058993,88,31.724,885,32
1788094043.4564881,88,31.724,885,32
1788094043.5066378,88,31.724,885,32
1788094043.5571597,88,31.724,885,32
1788094043.6074793,88,31.724,885,32
1788094043.657678,88,31.724,885,32
1788094043.708186,89,31.557,825,32
1788094043.7584038,89,31.557,825,32
1788094043.8089595,89,31.557,825,32
1788094043.8591955,89,31.557,825,32
1788094043.909807,89,31.557,825,32
1788094043.9604251,89,31.557,825,32
1788094044.010814,89,31.557,825,32
1788094044.061373,89,31.557,825,32
1788094044.1118782,89,31.557,825,32
1788094044.1623023,89,31.557,825,32
1788094044.2125041,88,31.654,720,32
1788094044.26309,88,31.654,720,32
1788094044.3134494,88,31.654,720,32
1788094044.3639352,88,31.654,720,32
1788094044.4142964,88,31.654,720,32
1788094044.4649086,88,31.654,720,32
1788094044.515254,88,31.654,720,32
1788094044.5658927,88,31.654,720,32
1788094044.6162663,88,31.654,720,32
1788094044.6668437,88,31.776,720,32
1788094044.7169883,88,31.776,720,32
1788094044.767191,88,31.776,720,32
1788094044.817761,88,31.776,720,32
1788094044.8679998,88,31.776,720,32
1788094044.9187148,88,31.776,720,32
1788094044.969074,88,31.776,720,32
1788094045.0192716,88,31.776,720,32
1788094045.0699291,88,31.776,720,32
1788094045.1206036,88,31.776,720,32
1788094045.170728,89,31.629,855,32
1788094045.2211902,89,31.629,855,32
1788094045.2714841,89,31.629,855,32
1788094045.3217413,89,31.629,855,32
1788094045.3723643,89,31.629,855,32
1788094045.4230225,89,31.629,855,32
1788094045.4733381,89,31.629,855,32
1788094045.5237987,89,31.629,855,32
1788094045.574325,89,31.629,855,32
1788094045.6249788,89,31.629,855,32
1788094045.675483,88,29.329,1185,1
1788094045.7261088,88,29.329,1185,1
1788094045.7766197,88,29.329,1185,1
1788094045.8271127,88,29.329,1185,1
1788094045.8776197,88,29.329,1185,1
1788094045.928232,88,29.329,1185,1
1788094045.9784923,88,29.329,1185,1
1788094046.0287564,88,29.329,1185,1
1788094046.0793295,88,29.329,1185,1
1788094046.1299553,88,29.329,1185,1
1788094046.1804533,89,31.325,1200,32
1788094046.2311087,89,31.325,1200,32
1788094046.2817075,89,31.325,1200,32
1788094046.332046,89,31.325,1200,32
1788094046.382485,89,31.325,1200,32
1788094046.4328022,89,31.325,1200,32
1788094046.483002,89,31.325,1200,32
1788094046.533451,89,31.325,1200,32
1788094046.5839932,89,31.325,1200,32
1788094046.6345057,89,31.325,1200,32
1788094046.6851275,88,32.968,210,32
1788094046.7356088,88,32.968,210,32
1788094046.7859364,88,32.968,210,32
1788094046.8366728,88,32.968,210,32
1788094046.8870397,88,32.968,210,32
1788094046.9375923,88,32.968,210,32
1788094046.987721,88,32.968,210,32
1788094047.0381026,88,32.968,210,32
1788094047.0887215,88,32.968,210,32
1788094047.1391826,88,32.968,210,32
1788094047.1896749,88,30.922,757,32
1788094047.2403553,88,30.922,757,32
1788094047.2909517,88,30.922,757,32
1788094047.3411536,88,30.922,757,32
1788094047.3917403,88,30.922,757,32
1788094047.4420636,88,30.922,757,32
1788094047.4926608,88,30.922,757,32
1788094047.5428247,88,30.922,757,32
1788094047.5930219,88,30.922,757,32
1788094047.6434977,88,30.922,757,32
1788094047.6938424,89,30.804,757,32
1788094047.7442944,89,30.804,757,32
1788094047.794694,89,30.804,757,32
1788094047.845227,89,30.804,757,32
1788094047.8959427,89,30.804,757,32
1788094047.946349,89,30.804,757,32
1788094047.996731,89,30.804,757,32
1788094048.0469382,89,30.804,757,32
1788094048.097144,89,30.804,757,32
1788094048.147706,89,30.804,757,32
1788094048.1978798,89,31.726,907,32
1788094048.2483153,89,31.726,907,32
1788094048.298682,89,31.726,907,32
1788094048.3489728,89,31.726,907,32
1788094048.399584,89,31.726,907,32
1788094048.4500299,89,31.726,907,32
1788094048.5004041,89,31.726,907,32
1788094048.5510066,89,31.726,907,32
1788094048.6014266,89,31.726,907,32
1788094048.6520777,89,31.726,907,32
1788094048.7023885,89,31.881,645,32
1788094048.7530665,89,31.881,645,32
1788094048.8034859,89,31.881,645,32
1788094048.8539858,89,31.881,645,32
1788094048.9044034,89,31.881,645,32
1788094048.95482,89,31.881,645,32
1788094049.0053318,89,31.881,645,32
1788094049.055814,89,31.881,645,32
1788094049.1065075,89,31.881,645,32
1788094049.1570783,89,31.881,645,32
1788094049.2073903,89,31.736,877,32
1788094049.2576609,89,31.736,877,32
1788094049.3083062,89,31.736,877,32
1788094049.3587646,89,31.736,877,32
1788094049.4092464,89,31.736,877,32
1788094049.4596798,89,31.736,877,32
1788094049.509837,89,31.736,877,32
1788094049.5602152,89,31.736,877,32
1788094049.6105595,89,31.736,877,32
1788094049.6607838,89,31.736,877,32
1788094049.7113936,88,30.317,1237,32
1788094049.7619345,88,30.317,1237,32
1788094049.8124404,88,30.317,1237,32
1788094049.8626573,88,30.317,1237,32
1788094049.9129236,88,30.317,1237,32
1788094049.9632478,88,30.317,1237,32
1788094050.0136185,88,30.317,1237,32
1788094050.064217,88,30.317,1237,32
1788094050.1146448,88,30.317,1237,32
1788094050.1648045,89,30.771,562,32
1788094050.2154217,89,30.771,562,32
1788094050.2659385,89,30.771,562,32
1788094050.3162732,89,30.771,562,32
1788094050.366904,89,30.771,562,32
1788094050.417558,89,30.771,562,32
1788094050.4678645,89,30.771,562,32
1788094050.5183792,89,30.771,562,32
1788094050.5686946,89,30.771,562,32
1788094050.6192486,89,30.771,562,32
1788094050.66971,88,30.337,495,32
1788094050.720231,88,30.337,495,32
1788094050.7705963,88,30.337,495,32
1788094050.8209767,88,30.337,495,32
1788094050.871215,88,30.337,495,32
1788094050.9215589,88,30.337,495,32
1788094050.971861,88,30.337,495,32
1788094051.0223026,88,30.337,495,32
1788094051.0725076,88,30.337,495,32
1788094051.1231067,88,30.337,495,32
1788094051.1734927,88,30.368,427,32
1788094051.224117,88,30.368,427,32
1788094051.2743528,88,30.368,427,32
1788094051.324837,88,30.368,427,32
1788094051.3753135,88,30.368,427,32
1788094051.4255414,88,30.368,427,32
1788094051.475867,88,30.368,427,32
1788094051.5262463,88,30.368,427,32
1788094051.5767608,88,30.368,427,32
1788094051.626975,88,30.368,427,32
1788094051.677489,88,30.162,622,32
1788094051.7280273,88,30.162,622,32
1788094051.7783618,88,30.162,622,32
1788094051.82865,88,30.162,622,32
1788094051.8792844,88,30.162,622,32
1788094051.9298196,88,30.162,622,32
1788094051.9804912,88,30.162,622,32
1788094052.0310853,88,30.162,622,32
1788094052.0817595,88,30.162,622,32
1788094052.1323252,88,30.162,622,32
1788094052.1825833,88,30.099,900,1
1788094052.2330704,88,30.099,900,1
1788094052.2834828,88,30.099,900,1
1788094052.3339615,88,30.099,900,1
1788094052.3843098,88,30.099,900,1
1788094052.4376967,88,30.099,900,1
1788094052.490925,88,30.099,900,1
1788094052.5411844,88,30.099,900,1
1788094052.59161,88,30.099,900,1
1788094052.6420524,88,30.099,900,1
1788094052.6924396,89,30.801,1065,32
1788094052.7431543,89,30.801,1065,32
1788094052.7936282,89,30.801,1065,32
1788094052.844216,89,30.801,1065,32
1788094052.8945866,89,30.801,1065,32
1788094052.9460738,89,30.801,1065,32
1788094052.996903,89,30.801,1065,32
1788094053.0470417,89,30.801,1065,32
1788094053.0975015,89,30.801,1065,32
1788094053.1478868,89,30.801,1065,32
1788094053.1981642,89,32.68,1230,32
1788094053.2485867,89,32.68,1230,32
1788094053.2989328,89,32.68,1230,32
1788094053.349532,89,32.68,1230,32
1788094053.40011,89,32.68,1230,32
1788094053.4503891,89,32.68,1230,32
1788094053.5008628,89,32.68,1230,32
1788094053.5514522,89,32.68,1230,32
1788094053.6016865,89,32.68,1230,32
1788094053.6523373,89,32.68,1230,32
1788094053.702459,89,33.592,892,32
1788094053.7528865,89,33.592,892,32
1788094053.803653,89,33.592,892,32
1788094053.854236,89,33.592,892,32
1788094053.904665,89,33.592,892,32
1788094053.9550226,89,33.592,892,32
1788094054.00556,89,33.592,892,32
1788094054.056157,89,33.592,892,32
1788094054.1064734,89,33.592,892,32
1788094054.156755,89,33.592,892,32
1788094054.2072582,87,30.777,1237,32
1788094054.2579086,87,30.777,1237,32
1788094054.3082592,87,30.777,1237,32
1788094054.358558,87,30.777,1237,32
1788094054.4090147,87,30.777,1237,32
1788094054.459615,87,30.777,1237,32
1788094054.5101576,87,30.777,1237,32
1788094054.5606797,87,30.777,1237,32
1788094054.611121,87,30.777,1237,32
1788094054.6618137,87,30.777,1237,32
1788094054.7119727,90,31.906,990,32
1788094054.7624638,90,31.906,990,32
1788094054.8130493,90,31.906,990,32
1788094054.863718,90,31.906,990,32
1788094054.914268,90,31.906,990,32
1788094054.9646096,90,31.906,990,32
1788094055.0150652,90,31.906,990,32
1788094055.065754,90,31.906,990,32
1788094055.1160977,90,31.906,990,32
1788094055.1665528,88,30.679,427,32
1788094055.2169561,88,30.679,427,32
1788094055.2671757,88,30.679,427,32
1788094055.3178432,88,30.679,427,32
1788094055.3680525,88,30.679,427,32
1788094055.4184644,88,30.679,427,32
1788094055.4692242,88,30.679,427,32
1788094055.5198565,88,30.679,427,32
1788094055.570591,88,30.679,427,32
1788094055.620796,88,30.679,427,32
1788094055.6711512,89,30.607,1020,32
1788094055.7218535,89,30.607,1020,32
1788094055.7721071,89,30.607,1020,32
1788094055.8227096,89,30.607,1020,32
1788094055.8730705,89,30.607,1020,32
1788094055.9232447,89,30.607,1020,32
1788094055.9736712,89,30.607,1020,32
1788094056.02411,89,30.607,1020,32
1788094056.074315,89,30.607,1020,32
1788094056.1247241,89,30.607,1020,32
1788094056.175264,89,32.152,577,32
1788094056.2256775,89,32.152,577,32
1788094056.276247,89,32.152,577,32
1788094056.3264213,89,32.152,577,32
1788094056.376896,89,32.152,577,32
1788094056.4274433,89,32.152,577,32
1788094056.477751,89,32.152,577,32
1788094056.5281532,89,32.152,577,32
1788094056.578562,89,32.152,577,32
1788094056.6288111,89,32.152,577,32
1788094056.679156,88,31.945,697,32
1788094056.729852,88,31.945,697,32
1788094056.7801971,88,31.945,697,32
1788094056.8306003,88,31.945,697,32
1788094056.881317,88,31.945,697,32
1788094056.931685,88,31.945,697,32
1788094056.9821715,88,31.945,697,32
1788094057.0329165,88,31.945,697,32
1788094057.0832927,88,31.945,697,32
1788094057.1335523,88,31.945,697,32
1788094057.1840858,88,29.97,405,32
1788094057.2345371,88,29.97,405,32
1788094057.2849555,88,29.97,405,32
1788094057.3354695,88,29.97,405,32
1788094057.3858385,88,29.97,405,32
1788094057.4360938,88,29.97,405,32
1788094057.4863517,88,29.97,405,32
1788094057.5370152,88,29.97,405,32
1788094057.5876553,88,29.97,405,32
1788094057.6378686,88,29.97,405,32
1788094057.688085,88,30.075,570,32
1788094057.738311,88,30.075,570,32
1788094057.7885196,88,30.075,570,32
1788094057.8389766,88,30.075,570,32
1788094057.8892727,88,30.075,570,32
1788094057.9398475,88,30.075,570,32
1788094057.9904556,88,30.075,570,32
1788094058.0408335,88,30.075,570,32
1788094058.091482,88,30.075,570,32
1788094058.1421664,88,30.075,570,32
1788094058.1927023,88,29.912,645,32
1788094058.2432299,88,29.912,645,32
1788094058.2938917,88,29.912,645,32
1788094058.3444722,88,29.912,645,32
1788094058.3946948,88,29.912,645,32
1788094058.4450548,88,29.912,645,32
1788094058.4953408,88,29.912,645,32
1788094058.5456748,88,29.912,645,32
1788094058.5959163,88,29.912,645,32
1788094058.6462204,88,29.912,645,32
1788094058.6964397,88,29.887,960,32
1788094058.746638,88,29.887,960,32
1788094058.797069,88,29.887,960,32
1788094058.847602,88,29.887,960,32
1788094058.898303,88,29.887,960,32
1788094058.9488485,88,29.887,960,32
1788094058.9992578,88,29.887,960,32
1788094059.050006,88,29.887,960,32
1788094059.1005056,88,29.887,960,32
1788094059.150935,88,29.887,960,32
1788094059.2012331,88,29.099,1237,32
1788094059.2517922,88,29.099,1237,32
1788094059.301924,88,29.099,1237,32
1788094059.352182,88,29.099,1237,32
1788094059.4025257,88,29.099,1237,32
1788094059.452722,88,29.099,1237,32
1788094059.5029275,88,29.099,1237,32
1788094059.5532963,88,29.099,1237,32
1788094059.6039174,88,29.099,1237,32
1788094059.6545959,88,29.099,1237,32
1788094059.704858,89,31.467,540,32
1788094059.7551765,89,31.467,540,32
1788094059.805366,89,31.467,540,32
1788094059.855636,89,31.467,540,32
1788094059.9059217,89,31.467,540,32
1788094059.9563131,89,31.467,540,32
1788094060.0067499,89,31.467,540,32
1788094060.0574346,89,31.467,540,32
1788094060.1080568,89,31.467,540,32
1788094060.1583383,89,31.467,540,32
1788094060.2085,88,33.405,637,32
1788094060.259134,88,33.405,637,32
1788094060.309584,88,33.405,637,32
1788094060.360183,88,33.405,637,32
1788094060.4104052,88,33.405,637,32
1788094060.4609928,88,33.405,637,32
1788094060.5114577,88,33.405,637,32
1788094060.5621219,88,33.405,637,32
1788094060.6126761,88,33.405,637,32
1788094060.6633852,88,33.405,637,32
1788094060.7136548,88,30.825,637,32
1788094060.76388,88,30.825,637,32
1788094060.8143575,88,30.825,637,32
1788094060.8648598,88,30.825,637,32
1788094060.9154153,88,30.825,637,32
1788094060.9658098,88,30.825,637,32
1788094061.0160966,88,30.825,637,32
1788094061.0664375,88,30.825,637,32
1788094061.1167436,88,30.825,637,32
1788094061.1670744,88,30.604,600,32
1788094061.2177403,88,30.604,600,32
1788094061.268262,88,30.604,600,32
1788094061.3188226,88,30.604,600,32
1788094061.3691666,88,30.604,600,32
1788094061.419461,88,30.604,600,32
1788094061.4699192,88,30.604,600,32
1788094061.520553,88,30.604,600,32
1788094061.5711224,88,30.604,600,32
1788094061.6218407,88,30.604,600,32
1788094061.6720417,88,30.806,667,32
1788094061.722715,88,30.806,667,32
1788094061.7732055,88,30.806,667,32
1788094061.823591,88,30.806,667,32
1788094061.8738575,88,30.806,667,32
1788094061.9242861,88,30.806,667,32
1788094061.9748044,88,30.806,667,32
1788094062.0251503,88,30.806,667,32
1788094062.0757089,88,30.806,667,32
1788094062.126194,88,30.806,667,32
1788094062.1765897,88,30.553,555,32
1788094062.2272706,88,30.553,555,32
1788094062.2779636,88,30.553,555,32
1788094062.3282728,88,30.553,555,32
1788094062.3784122,88,30.553,555,32
1788094062.4289796,88,30.553,555,32
1788094062.4791489,88,30.553,555,32
1788094062.5296338,88,30.553,555,32
1788094062.5799005,88,30.553,555,32
1788094062.6302335,88,30.553,555,32
1788094062.6805909,88,30.821,660,32
1788094062.731261,88,30.821,660,32
1788094062.7817593,88,30.821,660,32
1788094062.8321958,88,30.821,660,32
1788094062.882613,88,30.821,660,32
1788094062.9330747,88,30.821,660,32
1788094062.9833448,88,30.821,660,32
1788094063.0338018,88,30.821,660,32
1788094063.0844748,88,30.821,660,32
1788094063.1349235,88,30.821,660,32
1788094063.1855366,88,30.645,630,32
1788094063.2360725,88,30.645,630,32
1788094063.2867308,88,30.645,630,32
1788094063.3373146,88,30.645,630,32
1788094063.3875182,88,30.645,630,32
1788094063.4379432,88,30.645,630,32
1788094063.488598,88,30.645,630,32
1788094063.5388277,88,30.645,630,32
1788094063.589347,88,30.645,630,32
1788094063.6395159,88,30.645,630,32
1788094063.6900752,88,29.844,787,1
1788094063.7406242,88,29.844,787,1
1788094063.7911973,88,29.844,787,1
1788094063.8415506,88,29.844,787,1
1788094063.892219,88,29.844,787,1
1788094063.9425545,88,29.844,787,1
1788094063.9930952,88,29.844,787,1
1788094064.0433939,88,29.844,787,1
1788094064.0940144,88,29.844,787,1
1788094064.1446917,88,29.844,787,1
1788094064.195209,88,27.575,1237,32
1788094064.2458773,88,27.575,1237,32
1788094064.2961028,88,27.575,1237,32
1788094064.3465838,88,27.575,1237,32
1788094064.3969712,88,27.575,1237,32
1788094064.4476142,88,27.575,1237,32
1788094064.4979427,88,27.575,1237,32
1788094064.5483668,88,27.575,1237,32
1788094064.5989099,88,27.575,1237,32
1788094064.6494422,88,27.575,1237,32
1788094064.6998682,88,28.538,727,32
1788094064.75047,88,28.538,727,32
1788094064.8010502,88,28.538,727,32
1788094064.8512733,88,28.538,727,32
1788094064.9016182,88,28.538,727,32
1788094064.9520109,88,28.538,727,32
1788094065.002617,88,28.538,727,32
1788094065.0531907,88,28.538,727,32
1788094065.1035607,88,28.538,727,32
1788094065.1541605,88,28.538,727,32
1788094065.204524,88,31.384,787,32
1788094065.2548199,88,31.384,787,32
1788094065.3050647,88,31.384,787,32
1788094065.3556798,88,31.384,787,32
1788094065.4058962,88,31.384,787,32
1788094065.456512,88,31.384,787,32
1788094065.5067406,88,31.384,787,32
1788094065.5573492,88,31.384,787,32
1788094065.6078563,88,31.384,787,32
1788094065.6586194,88,31.384,787,32
1788094065.7088213,89,31.222,1222,32
1788094065.7591588,89,31.222,1222,32
1788094065.8094916,89,31.222,1222,32
1788094065.8597424,89,31.222,1222,32
1788094065.9100354,89,31.222,1222,32
1788094065.960206,89,31.222,1222,32
1788094066.0108445,89,31.222,1222,32
1788094066.0612903,89,31.222,1222,32
1788094066.1117494,89,31.222,1222,32
1788094066.1622508,89,31.222,1222,32
1788094066.2128386,89,33.358,1020,32
1788094066.263208,89,33.358,1020,32
1788094066.3135154,89,33.358,1020,32
1788094066.3641205,89,33.358,1020,32
1788094066.414591,89,33.358,1020,32
1788094066.4651146,89,33.358,1020,32
1788094066.5155118,89,33.358,1020,32
1788094066.5659873,89,33.358,1020,32
1788094066.6164513,89,33.358,1020,32
1788094066.6670508,88,31.359,570,32
1788094066.71726,88,31.359,570,32
1788094066.7675223,88,31.359,570,32
1788094066.8177202,88,31.359,570,32
1788094066.868322,88,31.359,570,32
1788094066.9187806,88,31.359,570,32
1788094066.969287,88,31.359,570,32
1788094067.01985,88,31.359,570,32
1788094067.070439,88,31.359,570,32
1788094067.120991,88,31.359,570,32
1788094067.1716058,88,30.039,847,32
1788094067.2217357,88,30.039,847,32
1788094067.2721102,88,30.039,847,32
1788094067.3223877,88,30.039,847,32
1788094067.3725343,88,30.039,847,32
1788094067.423114,88,30.039,847,32
1788094067.4734013,88,30.039,847,32
1788094067.523551,88,30.039,847,32
1788094067.5737891,88,30.039,847,32
1788094067.6241546,88,30.039,847,32
1788094067.6744435,88,30.803,660,32
1788094067.724922,88,30.803,660,32
1788094067.7755268,88,30.803,660,32
1788094067.8262563,88,30.803,660,32
1788094067.8767893,88,30.803,660,32
1788094067.926927,88,30.803,660,32
1788094067.9772022,88,30.803,660,32
1788094068.0275364,88,30.803,660,32
1788094068.078043,88,30.803,660,32
1788094068.128406,88,30.803,660,32
1788094068.178924,88,31.324,540,32
1788094068.229166,88,31.324,540,32
1788094068.2794902,88,31.324,540,32
1788094068.3298483,88,31.324,540,32
1788094068.380278,88,31.324,540,32
1788094068.4308221,88,31.324,540,32
1788094068.4810698,88,31.324,540,32
1788094068.5314677,88,31.324,540,32
1788094068.5817063,88,31.324,540,32
1788094068.6320224,88,31.324,540,32
1788094068.6821966,88,28.908,1207,1
1788094068.7326877,88,28.908,1207,1
1788094068.7830946,88,28.908,1207,1
1788094068.8337073,88,28.908,1207,1
1788094068.884165,88,28.908,1207,1
1788094068.9348555,88,28.908,1207,1
1788094068.9852166,88,28.908,1207,1
1788094069.0357246,88,28.908,1207,1
1788094069.086379,88,28.908,1207,1
1788094069.1369224,88,28.908,1207,1
1788094069.1870646,89,30.858,1087,32
1788094069.2374985,89,30.858,1087,32
1788094069.287947,89,30.858,1087,32
1788094069.3383777,89,30.858,1087,32
1788094069.3887663,89,30.858,1087,32
1788094069.439312,89,30.858,1087,32
1788094069.4896762,89,30.858,1087,32
1788094069.540143,89,30.858,1087,32
1788094069.5907335,89,30.858,1087,32
1788094069.6412714,89,30.858,1087,32
1788094069.6919458,88,32.771,292,32
1788094069.742129,88,32.771,292,32
1788094069.792783,88,32.771,292,32
1788094069.8431032,88,32.771,292,32
1788094069.893357,88,32.771,292,32
1788094069.9435034,88,32.771,292,32
1788094069.994078,88,32.771,292,32
1788094070.0446043,88,32.771,292,32
1788094070.0948873,88,32.771,292,32
1788094070.1453552,88,32.771,292,32
1788094070.1962214,88,30.497,1087,32
1788094070.2467735,88,30.497,1087,32
1788094070.2973266,88,30.497,1087,32
1788094070.3475077,88,30.497,1087,32
1788094070.397981,88,30.497,1087,32
1788094070.4484646,88,30.497,1087,32
1788094070.498989,88,30.497,1087,32
1788094070.5495255,88,30.497,1087,32
1788094070.5998847,88,30.497,1087,32
1788094070.650153,88,30.497,1087,32
1788094070.700434,89,31.584,982,32
1788094070.7510214,89,31.584,982,32
1788094070.801376,89,31.584,982,32
1788094070.8517797,89,31.584,982,32
1788094070.9022064,89,31.584,982,32
1788094070.9524245,89,31.584,982,32
1788094071.0028794,89,31.584,982,32
1788094071.0532207,89,31.584,982,32
1788094071.1035817,89,31.584,982,32
1788094071.1541233,89,31.584,982,32
1788094071.204705,89,33.097,1050,32
1788094071.2553868,89,33.097,1050,32
1788094071.3055813,89,33.097,1050,32
1788094071.3562353,89,33.097,1050,32
1788094071.4066315,89,33.097,1050,32
1788094071.456942,89,33.097,1050,32
1788094071.5074532,89,33.097,1050,32
1788094071.5579062,89,33.097,1050,32
1788094071.6086798,89,33.097,1050,32
1788094071.6592414,89,33.097,1050,32
1788094071.709368,89,33.193,1072,32
1788094071.7595258,89,33.193,1072,32
1788094071.8099701,89,33.193,1072,32
1788094071.8605173,89,33.193,1072,32
1788094071.9107573,89,33.193,1072,32
1788094071.9613237,89,33.193,1072,32
1788094072.0115044,89,33.193,1072,32
1788094072.061918,89,33.193,1072,32
1788094072.1120582,89,33.193,1072,32
1788094072.1626208,89,33.193,1072,32
1788094072.2128377,89,33.225,210,32
1788094072.2632623,89,33.225,210,32
1788094072.3135023,89,33.225,210,32
1788094072.3638992,89,33.225,210,32
1788094072.4146664,89,33.225,210,32
1788094072.46504,89,33.225,210,32
1788094072.5158896,89,33.225,210,32
1788094072.5666058,89,33.225,210,32
1788094072.617236,89,33.225,210,32
1788094072.6676342,89,33.225,210,32
1788094072.7182548,87,28.942,1237,32
1788094072.7685046,87,28.942,1237,32
1788094072.8191063,87,28.942,1237,32
1788094072.8694355,87,28.942,1237,32
1788094072.9197934,87,28.942,1237,32
1788094072.9700894,87,28.942,1237,32
1788094073.0205107,87,28.942,1237,32
1788094073.071154,87,28.942,1237,32
1788094073.1214106,87,28.942,1237,32
1788094073.1716843,89,29.79,742,32
1788094073.2221081,89,29.79,742,32
1788094073.2725854,89,29.79,742,32
1788094073.323126,89,29.79,742,32
1788094073.3734684,89,29.79,742,32
1788094073.4238427,89,29.79,742,32
1788094073.4742954,89,29.79,742,32
1788094073.524585,89,29.79,742,32
1788094073.5752223,89,29.79,742,32
1788094073.6259294,89,29.79,742,32
1788094073.6766152,88,31.548,727,32
1788094073.7271216,88,31.548,727,32
1788094073.7774148,88,31.548,727,32
1788094073.8278005,88,31.548,727,32
1788094073.8783817,88,31.548,727,32
1788094073.9287088,88,31.548,727,32
1788094073.978951,88,31.548,727,32
1788094074.038848,88,31.548,727,32
1788094074.0892792,88,31.548,727,32
1788094074.1396337,88,31.548,727,32
1788094074.1902106,88,30.295,937,32
1788094074.2417116,88,30.295,937,32
1788094074.291922,88,30.295,937,32
1788094074.3422348,88,30.295,937,32
1788094074.39254,88,30.295,937,32
1788094074.4431818,88,30.295,937,32
1788094074.4957209,88,30.295,937,32
1788094074.5463705,88,30.295,937,32
1788094074.5971253,88,30.295,937,32
1788094074.6477184,88,30.295,937,32
1788094074.697963,88,30.003,660,32
1788094074.748188,88,30.003,660,32
1788094074.7986307,88,30.003,660,32
1788094074.848938,88,30.003,660,32
1788094074.8996122,88,30.003,660,32
1788094074.949878,88,30.003,660,32
1788094075.000219,88,30.003,660,32
1788094075.0503662,88,30.003,660,32
1788094075.1007798,88,30.003,660,32
1788094075.1513238,88,30.003,660,32
1788094075.2016428,88,30.073,600,32
1788094075.2519977,88,30.073,600,32
1788094075.3023336,88,30.073,600,32
1788094075.3525498,88,30.073,600,32
1788094075.4028714,88,30.073,600,32
1788094075.4535604,88,30.073,600,32
1788094075.503894,88,30.073,600,32
1788094075.55408,88,30.073,600,32
1788094075.604575,88,30.073,600,32
1788094075.6551461,88,30.073,600,32
1788094075.7053945,88,30.723,570,32
1788094075.756032,88,30.723,570,32
1788094075.8064287,88,30.723,570,32
1788094075.8566337,88,30.723,570,32
1788094075.906937,88,30.723,570,32
1788094075.9576013,88,30.723,570,32
1788094076.0079105,88,30.723,570,32
1788094076.0581195,88,30.723,570,32
1788094076.1085775,88,30.723,570,32
1788094076.1588602,88,30.723,570,32
1788094076.2093015,88,30.722,465,32
1788094076.259596,88,30.722,465,32
1788094076.3098469,88,30.722,465,32
1788094076.3601837,88,30.722,465,32
1788094076.410486,88,30.722,465,32
1788094076.4610593,88,30.722,465,32
1788094076.511662,88,30.722,465,32
1788094076.5622272,88,30.722,465,32
1788094076.6127334,88,30.722,465,32
1788094076.6633663,88,30.722,465,32
1788094076.7136807,88,30.595,787,32
1788094076.763924,88,30.595,787,32
1788094076.8143022,88,30.595,787,32
1788094076.8644795,88,30.595,787,32
1788094076.914883,88,30.595,787,32
1788094076.9650269,88,30.595,787,32
1788094077.0154455,88,30.595,787,32
1788094077.0659542,88,30.595,787,32
1788094077.1163545,88,30.595,787,32
