t,phase,temp,power,sm_mhz,throttle
0.0,idle,59,6.19,210,1
0.052,idle,60,6.193,210,1
0.102,idle,60,6.193,210,1
0.153,idle,60,6.193,210,1
0.203,idle,60,6.193,210,1
0.254,idle,60,6.193,210,1
0.305,idle,60,6.193,210,1
0.355,idle,60,6.193,210,1
0.405,idle,60,6.193,210,1
0.456,idle,60,6.193,210,1
0.506,idle,60,6.193,210,1
0.556,idle,60,6.193,210,1
0.607,idle,60,6.193,210,1
0.657,idle,60,6.193,210,1
0.708,idle,60,6.193,210,1
0.758,idle,60,6.193,210,1
0.809,idle,60,6.193,210,1
0.86,idle,60,6.193,210,1
0.91,idle,60,6.193,210,1
0.961,idle,60,6.193,210,1
1.011,idle,60,6.193,210,1
1.062,idle,60,6.191,210,1
1.112,idle,60,6.191,210,1
1.163,idle,60,6.191,210,1
1.213,idle,60,6.191,210,1
1.264,idle,60,6.191,210,1
1.314,idle,60,6.191,210,1
1.365,idle,60,6.191,210,1
1.415,idle,60,6.191,210,1
1.465,idle,60,6.191,210,1
1.516,idle,60,6.191,210,1
1.566,idle,60,6.191,210,1
1.617,idle,60,6.191,210,1
1.667,idle,60,6.191,210,1
1.718,idle,60,6.191,210,1
1.768,idle,60,6.191,210,1
1.818,idle,60,6.191,210,1
1.869,idle,60,6.191,210,1
1.92,idle,60,6.191,210,1
1.97,idle,60,6.191,210,1
2.02,idle,60,6.191,210,1
2.07,idle,60,6.178,210,1
2.121,idle,60,6.178,210,1
2.171,idle,60,6.178,210,1
2.222,idle,60,6.178,210,1
2.272,idle,60,6.178,210,1
2.322,idle,60,6.178,210,1
2.373,idle,60,6.178,210,1
2.423,idle,60,6.178,210,1
2.473,idle,60,6.178,210,1
2.524,idle,60,6.178,210,1
2.574,idle,60,6.178,210,1
2.625,idle,60,6.178,210,1
2.675,idle,60,6.178,210,1
2.726,idle,60,6.178,210,1
2.776,idle,60,6.178,210,1
2.827,idle,60,6.178,210,1
2.878,idle,60,6.178,210,1
2.928,idle,60,6.178,210,1
2.979,idle,60,6.178,210,1
3.029,idle,60,6.178,210,1
3.08,idle,60,6.177,210,1
3.13,idle,60,6.177,210,1
3.18,idle,60,6.177,210,1
3.231,idle,60,6.177,210,1
3.281,idle,60,6.177,210,1
3.331,idle,60,6.177,210,1
3.382,idle,60,6.177,210,1
3.433,idle,60,6.177,210,1
3.483,idle,60,6.177,210,1
3.533,idle,60,6.177,210,1
3.584,idle,60,6.177,210,1
3.634,idle,60,6.177,210,1
3.685,idle,60,6.177,210,1
3.735,idle,60,6.177,210,1
3.786,idle,60,6.177,210,1
3.836,idle,60,6.177,210,1
3.886,idle,60,6.177,210,1
3.937,idle,60,6.177,210,1
3.987,idle,60,6.177,210,1
4.038,idle,60,6.177,210,1
4.088,idle,60,6.189,210,1
4.139,idle,60,6.189,210,1
4.189,idle,60,6.189,210,1
4.24,idle,60,6.189,210,1
4.29,idle,60,6.189,210,1
4.34,idle,60,6.189,210,1
4.39,idle,60,6.189,210,1
4.441,idle,60,6.189,210,1
4.491,idle,60,6.189,210,1
4.542,idle,60,6.189,210,1
4.592,idle,60,6.189,210,1
4.643,idle,60,6.189,210,1
4.693,idle,60,6.189,210,1
4.744,idle,60,6.189,210,1
4.794,idle,60,6.189,210,1
4.845,idle,60,6.189,210,1
4.895,idle,60,6.189,210,1
4.946,idle,60,6.189,210,1
4.996,idle,60,6.189,210,1
5.047,idle,60,6.189,210,1
5.097,idle,60,6.192,210,1
5.148,idle,60,6.192,210,1
5.198,idle,60,6.192,210,1
5.248,idle,60,6.192,210,1
5.299,idle,60,6.192,210,1
5.349,idle,60,6.192,210,1
5.4,idle,60,6.192,210,1
5.45,idle,60,6.192,210,1
5.501,idle,60,6.192,210,1
5.551,idle,60,6.192,210,1
5.602,idle,60,6.192,210,1
5.653,idle,60,6.192,210,1
5.703,idle,60,6.192,210,1
5.753,idle,60,6.192,210,1
5.804,idle,60,6.192,210,1
5.854,idle,60,6.192,210,1
5.904,idle,60,6.192,210,1
5.955,idle,60,6.192,210,1
6.005,idle,60,6.192,210,1
6.056,idle,60,6.192,210,1
6.106,idle,60,6.192,210,1
6.156,idle,60,6.192,210,1
6.206,idle,60,6.192,210,1
6.257,idle,60,6.192,210,1
6.307,idle,60,6.192,210,1
6.358,idle,60,6.192,210,1
6.408,idle,60,6.192,210,1
6.459,idle,60,6.192,210,1
6.509,idle,60,6.192,210,1
6.559,idle,60,6.192,210,1
6.61,idle,60,6.192,210,1
6.66,idle,60,6.192,210,1
6.71,idle,60,6.192,210,1
6.761,idle,60,6.192,210,1
6.812,idle,60,6.192,210,1
6.862,idle,60,6.192,210,1
6.912,idle,60,6.192,210,1
6.963,idle,60,6.192,210,1
7.013,idle,60,6.192,210,1
7.063,idle,60,6.194,210,1
7.114,idle,60,6.194,210,1
7.164,idle,60,6.194,210,1
7.215,idle,60,6.194,210,1
7.265,idle,60,6.194,210,1
7.315,idle,60,6.194,210,1
7.365,idle,60,6.194,210,1
7.416,idle,60,6.194,210,1
7.466,idle,60,6.194,210,1
7.517,idle,60,6.194,210,1
7.567,idle,60,6.194,210,1
7.618,idle,60,6.194,210,1
7.668,idle,60,6.194,210,1
7.719,idle,60,6.194,210,1
7.769,idle,60,6.194,210,1
7.82,idle,60,6.194,210,1
7.87,idle,60,6.194,210,1
7.921,idle,60,6.194,210,1
7.971,idle,60,6.194,210,1
8.022,idle,60,6.194,210,1
8.072,idle,60,6.192,210,1
8.123,idle,60,6.192,210,1
8.173,idle,60,6.192,210,1
8.224,idle,60,6.192,210,1
8.274,idle,60,6.192,210,1
8.324,idle,60,6.192,210,1
8.375,idle,60,6.192,210,1
8.425,idle,60,6.192,210,1
8.476,idle,60,6.192,210,1
8.526,idle,60,6.192,210,1
8.577,idle,60,6.192,210,1
8.627,idle,60,6.192,210,1
8.677,idle,60,6.192,210,1
8.727,idle,60,6.192,210,1
8.778,idle,60,6.192,210,1
8.828,idle,60,6.192,210,1
8.878,idle,60,6.192,210,1
8.929,idle,60,6.192,210,1
8.979,idle,60,6.192,210,1
9.029,idle,60,6.192,210,1
9.08,idle,60,6.188,210,1
9.13,idle,60,6.188,210,1
9.181,idle,60,6.188,210,1
9.231,idle,60,6.188,210,1
9.281,idle,60,6.188,210,1
9.332,idle,60,6.188,210,1
9.382,idle,60,6.188,210,1
9.432,idle,60,6.188,210,1
9.483,idle,60,6.188,210,1
9.533,idle,60,6.188,210,1
9.584,idle,60,6.188,210,1
9.634,idle,60,6.188,210,1
9.685,idle,60,6.188,210,1
9.735,idle,60,6.188,210,1
9.785,idle,60,6.188,210,1
9.836,idle,60,6.188,210,1
9.886,idle,60,6.188,210,1
9.937,idle,60,6.188,210,1
9.987,idle,60,6.188,210,1
10.044,load,60,6.188,210,1
10.094,load,60,6.193,210,1
10.145,load,60,6.193,210,1
10.195,load,60,6.193,210,1
10.246,load,60,6.193,210,1
10.296,load,60,6.193,210,1
10.347,load,60,6.193,210,1
10.397,load,60,6.193,210,1
10.448,load,60,6.193,210,1
10.498,load,60,6.193,210,1
10.548,load,60,6.193,210,1
10.599,load,61,7.132,1500,0
10.65,load,61,7.132,1500,0
10.7,load,61,7.132,1500,0
10.751,load,61,7.132,1500,0
10.801,load,61,7.132,1500,0
10.851,load,61,7.132,1500,0
10.901,load,61,7.132,1500,0
10.952,load,61,7.132,1500,0
11.002,load,61,7.132,1500,0
11.053,load,62,10.509,1500,0
11.103,load,62,10.509,1500,0
11.153,load,62,10.509,1500,0
11.204,load,62,10.509,1500,0
11.255,load,62,10.509,1500,0
11.305,load,62,10.509,1500,0
11.356,load,62,10.509,1500,0
11.406,load,62,10.509,1500,0
11.457,load,62,10.509,1500,0
11.507,load,62,10.509,1500,0
11.557,load,62,14.914,1500,0
11.608,load,62,14.914,1500,0
11.658,load,62,14.914,1500,0
11.708,load,62,14.914,1500,0
11.759,load,62,14.914,1500,0
11.81,load,62,14.914,1500,0
11.86,load,62,14.914,1500,0
11.91,load,62,14.914,1500,0
11.961,load,62,14.914,1500,0
12.012,load,62,14.914,1500,0
12.062,load,62,15.02,1500,0
12.113,load,62,15.02,1500,0
12.163,load,62,15.02,1500,0
12.214,load,62,15.02,1500,0
12.264,load,62,15.02,1500,0
12.314,load,62,15.02,1500,0
12.365,load,62,15.02,1500,0
12.415,load,62,15.02,1500,0
12.466,load,62,15.02,1500,0
12.516,load,62,15.02,1500,0
12.566,load,62,14.855,1500,0
12.617,load,62,14.855,1500,0
12.668,load,62,14.855,1500,0
12.718,load,62,14.855,1500,0
12.768,load,62,14.855,1500,0
12.819,load,62,14.855,1500,0
12.869,load,62,14.855,1500,0
12.92,load,62,14.855,1500,0
12.97,load,62,14.855,1500,0
13.02,load,62,14.855,1500,0
13.071,load,62,14.855,1500,0
13.121,load,62,14.855,1500,0
13.172,load,62,14.855,1500,0
13.222,load,62,14.855,1500,0
13.273,load,62,14.855,1500,0
13.324,load,62,14.855,1500,0
13.374,load,62,14.855,1500,0
13.424,load,62,14.855,1500,0
13.475,load,62,14.855,1500,0
13.526,load,62,14.855,1500,0
13.576,load,62,14.675,1500,0
13.626,load,62,14.675,1500,0
13.677,load,62,14.675,1500,0
13.727,load,62,14.675,1500,0
13.777,load,62,14.675,1500,0
13.828,load,62,14.675,1500,0
13.878,load,62,14.675,1500,0
13.928,load,62,14.675,1500,0
13.979,load,62,14.675,1500,0
14.029,load,62,14.675,1500,0
14.079,load,63,14.675,1500,0
14.13,load,63,14.675,1500,0
14.18,load,63,14.675,1500,0
14.231,load,63,14.675,1500,0
14.281,load,63,14.675,1500,0
14.332,load,63,14.675,1500,0
14.382,load,63,14.675,1500,0
14.433,load,63,14.675,1500,0
14.483,load,63,14.675,1500,0
14.534,load,63,14.675,1500,0
14.584,load,63,14.716,1500,0
14.635,load,63,14.716,1500,0
14.685,load,63,14.716,1500,0
14.736,load,63,14.716,1500,0
14.786,load,63,14.716,1500,0
14.836,load,63,14.716,1500,0
14.886,load,63,14.716,1500,0
14.937,load,63,14.716,1500,0
14.987,load,63,14.716,1500,0
15.038,load,63,14.716,1500,0
15.088,load,63,14.716,1500,0
15.138,load,63,14.716,1500,0
15.189,load,63,14.716,1500,0
15.239,load,63,14.716,1500,0
15.29,load,63,14.716,1500,0
15.34,load,63,14.716,1500,0
15.391,load,63,14.716,1500,0
15.441,load,63,14.716,1500,0
15.492,load,63,14.716,1500,0
15.542,load,63,14.716,1500,0
15.592,load,63,14.788,1500,0
15.643,load,63,14.788,1500,0
15.693,load,63,14.788,1500,0
15.744,load,63,14.788,1500,0
15.794,load,63,14.788,1500,0
15.845,load,63,14.788,1500,0
15.895,load,63,14.788,1500,0
15.946,load,63,14.788,1500,0
15.996,load,63,14.788,1500,0
16.046,load,63,14.788,1500,0
16.097,load,63,14.788,1500,0
16.147,load,63,14.788,1500,0
16.198,load,63,14.788,1500,0
16.248,load,63,14.788,1500,0
16.299,load,63,14.788,1500,0
16.349,load,63,14.788,1500,0
16.399,load,63,14.788,1500,0
16.45,load,63,14.788,1500,0
16.5,load,63,14.788,1500,0
16.551,load,63,14.788,1500,0
16.601,load,63,14.89,1500,0
16.651,load,63,14.89,1500,0
16.702,load,63,14.89,1500,0
16.752,load,63,14.89,1500,0
16.803,load,63,14.89,1500,0
16.853,load,63,14.89,1500,0
16.903,load,63,14.89,1500,0
16.954,load,63,14.89,1500,0
17.005,load,63,14.89,1500,0
17.055,load,63,14.89,1500,0
17.106,load,63,14.89,1500,0
17.156,load,63,14.89,1500,0
17.206,load,63,14.89,1500,0
17.257,load,63,14.89,1500,0
17.308,load,63,14.89,1500,0
17.358,load,63,14.89,1500,0
17.409,load,63,14.89,1500,0
17.459,load,63,14.89,1500,0
17.509,load,63,14.89,1500,0
17.56,load,63,13.47,1500,1
17.61,load,63,13.47,1500,1
17.661,load,63,13.47,1500,1
17.711,load,63,13.47,1500,1
17.761,load,63,13.47,1500,1
17.811,load,63,13.47,1500,1
17.862,load,63,13.47,1500,1
17.912,load,63,13.47,1500,1
17.963,load,63,13.47,1500,1
18.013,load,63,13.47,1500,1
18.064,load,62,13.47,315,1
18.114,load,62,13.47,315,1
18.164,load,62,13.47,315,1
18.215,load,62,13.47,315,1
18.265,load,62,13.47,315,1
18.316,load,62,13.47,315,1
18.367,load,62,13.47,315,1
18.417,load,62,13.47,315,1
18.468,load,62,13.47,315,1
18.518,load,62,13.47,315,1
18.569,load,62,10.089,315,1
18.619,load,62,10.089,315,1
18.669,load,62,10.089,315,1
18.72,load,62,10.089,315,1
18.77,load,62,10.089,315,1
18.821,load,62,10.089,315,1
18.871,load,62,10.089,315,1
18.921,load,62,10.089,315,1
18.972,load,62,10.089,315,1
19.022,load,62,10.089,315,1
19.073,load,61,10.089,210,1
19.123,load,61,10.089,210,1
19.174,load,61,10.089,210,1
19.224,load,61,10.089,210,1
19.275,load,61,10.089,210,1
19.325,load,61,10.089,210,1
19.375,load,61,10.089,210,1
19.426,load,61,10.089,210,1
19.476,load,61,10.089,210,1
19.526,load,61,10.089,210,1
19.577,load,61,6.463,210,1
19.627,load,61,6.463,210,1
19.677,load,61,6.463,210,1
19.728,load,61,6.463,210,1
19.778,load,61,6.463,210,1
19.829,load,61,6.463,210,1
19.879,load,61,6.463,210,1
19.929,load,61,6.463,210,1
19.98,load,61,6.463,210,1
20.03,load,61,6.463,210,1
20.08,load,61,6.463,210,1
20.13,load,61,6.463,210,1
20.181,load,61,6.463,210,1
20.231,load,61,6.463,210,1
20.282,load,61,6.463,210,1
20.332,load,61,6.463,210,1
20.382,load,61,6.463,210,1
20.433,load,61,6.463,210,1
20.483,load,61,6.463,210,1
20.534,load,61,6.463,210,1
20.584,load,61,6.213,210,1
20.634,load,61,6.213,210,1
20.684,load,61,6.213,210,1
20.735,load,61,6.213,210,1
20.785,load,61,6.213,210,1
20.835,load,61,6.213,210,1
20.886,load,61,6.213,210,1
20.936,load,61,6.213,210,1
20.987,load,61,6.213,210,1
21.037,load,61,6.213,210,1
21.087,load,61,6.213,210,1
21.138,load,61,6.213,210,1
21.188,load,61,6.213,210,1
21.238,load,61,6.213,210,1
21.289,load,61,6.213,210,1
21.339,load,61,6.213,210,1
21.39,load,61,6.213,210,1
21.44,load,61,6.213,210,1
21.491,load,61,6.213,210,1
21.541,load,61,6.213,210,1
21.591,load,61,6.202,210,1
21.642,load,61,6.202,210,1
21.692,load,61,6.202,210,1
21.743,load,61,6.202,210,1
21.793,load,61,6.202,210,1
21.844,load,61,6.202,210,1
21.894,load,61,6.202,210,1
21.944,load,61,6.202,210,1
21.995,load,61,6.202,210,1
22.045,load,61,6.202,210,1
22.095,load,61,6.268,210,1
22.146,load,61,6.268,210,1
22.196,load,61,6.268,210,1
22.247,load,61,6.268,210,1
22.297,load,61,6.268,210,1
22.348,load,61,6.268,210,1
22.398,load,61,6.268,210,1
22.448,load,61,6.268,210,1
22.499,load,61,6.268,210,1
22.549,load,61,6.268,210,1
22.6,load,61,6.439,285,1
22.651,load,61,6.439,285,1
22.701,load,61,6.439,285,1
22.751,load,61,6.439,285,1
22.802,load,61,6.439,285,1
22.852,load,61,6.439,285,1
22.903,load,61,6.439,285,1
22.953,load,61,6.439,285,1
23.004,load,61,6.439,285,1
23.054,load,61,6.439,285,1
23.105,load,67,17.719,1800,4
23.155,load,67,17.719,1800,4
23.206,load,67,17.719,1800,4
23.256,load,67,17.719,1800,4
23.307,load,67,17.719,1800,4
23.357,load,67,17.719,1800,4
23.408,load,67,17.719,1800,4
23.458,load,67,17.719,1800,4
23.508,load,67,17.719,1800,4
23.559,load,69,38.841,1807,4
23.609,load,69,38.841,1807,4
23.66,load,69,38.841,1807,4
23.71,load,69,38.841,1807,4
23.76,load,69,38.841,1807,4
23.811,load,69,38.841,1807,4
23.861,load,69,38.841,1807,4
23.912,load,69,38.841,1807,4
23.962,load,69,38.841,1807,4
24.012,load,69,38.841,1807,4
24.062,load,74,56.816,1785,4
24.113,load,74,56.816,1785,4
24.163,load,74,56.816,1785,4
24.213,load,74,56.816,1785,4
24.264,load,74,56.816,1785,4
24.314,load,74,56.816,1785,4
24.364,load,74,56.816,1785,4
24.415,load,74,56.816,1785,4
24.465,load,74,56.816,1785,4
24.515,load,74,56.816,1785,4
24.566,load,75,56.738,1785,4
24.616,load,75,56.738,1785,4
24.667,load,75,56.738,1785,4
24.717,load,75,56.738,1785,4
24.768,load,75,56.738,1785,4
24.818,load,75,56.738,1785,4
24.868,load,75,56.738,1785,4
24.919,load,75,56.738,1785,4
24.969,load,75,56.738,1785,4
25.02,load,75,56.738,1785,4
25.07,load,74,55.346,1785,4
25.121,load,74,55.346,1785,4
25.171,load,74,55.346,1785,4
25.222,load,74,55.346,1785,4
25.272,load,74,55.346,1785,4
25.322,load,74,55.346,1785,4
25.372,load,74,55.346,1785,4
25.423,load,74,55.346,1785,4
25.473,load,74,55.346,1785,4
25.524,load,74,55.346,1785,4
25.574,load,76,58.345,1867,4
25.625,load,76,58.345,1867,4
25.675,load,76,58.345,1867,4
25.726,load,76,58.345,1867,4
25.776,load,76,58.345,1867,4
25.826,load,76,58.345,1867,4
25.876,load,76,58.345,1867,4
25.927,load,76,58.345,1867,4
25.977,load,76,58.345,1867,4
26.028,load,76,58.345,1867,4
26.078,load,76,58.323,1785,4
26.128,load,76,58.323,1785,4
26.178,load,76,58.323,1785,4
26.229,load,76,58.323,1785,4
26.28,load,76,58.323,1785,4
26.33,load,76,58.323,1785,4
26.381,load,76,58.323,1785,4
26.431,load,76,58.323,1785,4
26.482,load,76,58.323,1785,4
26.532,load,76,58.323,1785,4
26.583,load,75,54.641,1762,4
26.633,load,75,54.641,1762,4
26.684,load,75,54.641,1762,4
26.734,load,75,54.641,1762,4
26.785,load,75,54.641,1762,4
26.835,load,75,54.641,1762,4
26.885,load,75,54.641,1762,4
26.936,load,75,54.641,1762,4
26.986,load,75,54.641,1762,4
27.036,load,75,54.641,1762,4
27.087,load,77,57.813,1897,4
27.138,load,77,57.813,1897,4
27.188,load,77,57.813,1897,4
27.239,load,77,57.813,1897,4
27.289,load,77,57.813,1897,4
27.34,load,77,57.813,1897,4
27.39,load,77,57.813,1897,4
27.44,load,77,57.813,1897,4
27.491,load,77,57.813,1897,4
27.541,load,77,57.813,1897,4
27.592,load,77,58.38,1770,4
27.642,load,77,58.38,1770,4
27.693,load,77,58.38,1770,4
27.743,load,77,58.38,1770,4
27.793,load,77,58.38,1770,4
27.844,load,77,58.38,1770,4
27.894,load,77,58.38,1770,4
27.944,load,77,58.38,1770,4
27.995,load,77,58.38,1770,4
28.045,load,77,58.38,1770,4
28.096,load,76,54.821,1785,4
28.146,load,76,54.821,1785,4
28.196,load,76,54.821,1785,4
28.247,load,76,54.821,1785,4
28.297,load,76,54.821,1785,4
28.347,load,76,54.821,1785,4
28.398,load,76,54.821,1785,4
28.448,load,76,54.821,1785,4
28.499,load,76,54.821,1785,4
28.549,load,76,54.821,1785,4
28.599,load,78,56.572,1920,4
28.65,load,78,56.572,1920,4
28.701,load,78,56.572,1920,4
28.751,load,78,56.572,1920,4
28.801,load,78,56.572,1920,4
28.852,load,78,56.572,1920,4
28.902,load,78,56.572,1920,4
28.953,load,78,56.572,1920,4
29.003,load,78,56.572,1920,4
29.053,load,78,56.572,1920,4
29.104,load,78,57.705,1770,4
29.154,load,78,57.705,1770,4
29.204,load,78,57.705,1770,4
29.255,load,78,57.705,1770,4
29.305,load,78,57.705,1770,4
29.356,load,78,57.705,1770,4
29.406,load,78,57.705,1770,4
29.456,load,78,57.705,1770,4
29.507,load,78,57.705,1770,4
29.557,load,77,53.601,1777,4
29.608,load,77,53.601,1777,4
29.658,load,77,53.601,1777,4
29.708,load,77,53.601,1777,4
29.758,load,77,53.601,1777,4
29.809,load,77,53.601,1777,4
29.86,load,77,53.601,1777,4
29.91,load,77,53.601,1777,4
29.961,load,77,53.601,1777,4
30.011,load,77,53.601,1777,4
30.062,load,79,56.77,1905,4
30.112,load,79,56.77,1905,4
30.162,load,79,56.77,1905,4
30.213,load,79,56.77,1905,4
30.263,load,79,56.77,1905,4
30.314,load,79,56.77,1905,4
30.364,load,79,56.77,1905,4
30.414,load,79,56.77,1905,4
30.465,load,79,56.77,1905,4
30.516,load,79,56.77,1905,4
30.566,load,79,57.182,1815,4
30.616,load,79,57.182,1815,4
30.666,load,79,57.182,1815,4
30.717,load,79,57.182,1815,4
30.767,load,79,57.182,1815,4
30.817,load,79,57.182,1815,4
30.868,load,79,57.182,1815,4
30.918,load,79,57.182,1815,4
30.969,load,79,57.182,1815,4
31.019,load,79,57.182,1815,4
31.069,load,77,54.067,1777,4
31.119,load,77,54.067,1777,4
31.17,load,77,54.067,1777,4
31.22,load,77,54.067,1777,4
31.27,load,77,54.067,1777,4
31.321,load,77,54.067,1777,4
31.371,load,77,54.067,1777,4
31.421,load,77,54.067,1777,4
31.472,load,77,54.067,1777,4
31.522,load,77,54.067,1777,4
31.572,load,80,58.251,1747,4
31.623,load,80,58.251,1747,4
31.673,load,80,58.251,1747,4
31.724,load,80,58.251,1747,4
31.774,load,80,58.251,1747,4
31.824,load,80,58.251,1747,4
31.874,load,80,58.251,1747,4
31.924,load,80,58.251,1747,4
31.975,load,80,58.251,1747,4
32.025,load,80,58.251,1747,4
32.076,load,79,58.502,1770,4
32.126,load,79,58.502,1770,4
32.176,load,79,58.502,1770,4
32.227,load,79,58.502,1770,4
32.277,load,79,58.502,1770,4
32.327,load,79,58.502,1770,4
32.377,load,79,58.502,1770,4
32.428,load,79,58.502,1770,4
32.478,load,79,58.502,1770,4
32.529,load,79,58.502,1770,4
32.579,load,78,54.303,1777,4
32.629,load,78,54.303,1777,4
32.679,load,78,54.303,1777,4
32.73,load,78,54.303,1777,4
32.781,load,78,54.303,1777,4
32.831,load,78,54.303,1777,4
32.882,load,78,54.303,1777,4
32.932,load,78,54.303,1777,4
32.982,load,78,54.303,1777,4
33.033,load,78,54.303,1777,4
33.083,load,80,57.357,1762,4
33.134,load,80,57.357,1762,4
33.184,load,80,57.357,1762,4
33.235,load,80,57.357,1762,4
33.285,load,80,57.357,1762,4
33.336,load,80,57.357,1762,4
33.386,load,80,57.357,1762,4
33.436,load,80,57.357,1762,4
33.487,load,80,57.357,1762,4
33.537,load,80,57.357,1762,4
33.587,load,80,58.08,1807,4
33.638,load,80,58.08,1807,4
33.688,load,80,58.08,1807,4
33.738,load,80,58.08,1807,4
33.789,load,80,58.08,1807,4
33.839,load,80,58.08,1807,4
33.89,load,80,58.08,1807,4
33.94,load,80,58.08,1807,4
33.99,load,80,58.08,1807,4
34.04,load,80,58.08,1807,4
34.091,load,79,54.955,1755,4
34.141,load,79,54.955,1755,4
34.192,load,79,54.955,1755,4
34.242,load,79,54.955,1755,4
34.292,load,79,54.955,1755,4
34.343,load,79,54.955,1755,4
34.393,load,79,54.955,1755,4
34.443,load,79,54.955,1755,4
34.494,load,79,54.955,1755,4
34.544,load,79,54.955,1755,4
34.594,load,81,58.161,1837,4
34.645,load,81,58.161,1837,4
34.695,load,81,58.161,1837,4
34.746,load,81,58.161,1837,4
34.796,load,81,58.161,1837,4
34.846,load,81,58.161,1837,4
34.897,load,81,58.161,1837,4
34.947,load,81,58.161,1837,4
34.997,load,81,58.161,1837,4
35.048,load,81,58.161,1837,4
35.098,load,80,58.422,1762,4
35.149,load,80,58.422,1762,4
35.199,load,80,58.422,1762,4
35.25,load,80,58.422,1762,4
35.3,load,80,58.422,1762,4
35.351,load,80,58.422,1762,4
35.401,load,80,58.422,1762,4
35.451,load,80,58.422,1762,4
35.502,load,80,58.422,1762,4
35.552,load,80,58.422,1762,4
35.603,load,80,54.882,1747,4
35.653,load,80,54.882,1747,4
35.703,load,80,54.882,1747,4
35.754,load,80,54.882,1747,4
35.804,load,80,54.882,1747,4
35.854,load,80,54.882,1747,4
35.904,load,80,54.882,1747,4
35.955,load,80,54.882,1747,4
36.005,load,80,54.882,1747,4
36.056,load,80,54.882,1747,4
36.106,load,81,57.254,1920,4
36.156,load,81,57.254,1920,4
36.206,load,81,57.254,1920,4
36.257,load,81,57.254,1920,4
36.307,load,81,57.254,1920,4
36.357,load,81,57.254,1920,4
36.408,load,81,57.254,1920,4
36.458,load,81,57.254,1920,4
36.509,load,81,57.254,1920,4
36.559,load,81,57.7,1770,4
36.609,load,81,57.7,1770,4
36.66,load,81,57.7,1770,4
36.71,load,81,57.7,1770,4
36.761,load,81,57.7,1770,4
36.811,load,81,57.7,1770,4
36.862,load,81,57.7,1770,4
36.913,load,81,57.7,1770,4
36.963,load,81,57.7,1770,4
37.013,load,81,57.7,1770,4
37.064,load,80,54.192,1747,4
37.114,load,80,54.192,1747,4
37.165,load,80,54.192,1747,4
37.215,load,80,54.192,1747,4
37.266,load,80,54.192,1747,4
37.316,load,80,54.192,1747,4
37.366,load,80,54.192,1747,4
37.417,load,80,54.192,1747,4
37.467,load,80,54.192,1747,4
37.517,load,80,54.192,1747,4
37.567,load,82,57.143,1897,4
37.618,load,82,57.143,1897,4
37.668,load,82,57.143,1897,4
37.718,load,82,57.143,1897,4
37.769,load,82,57.143,1897,4
37.82,load,82,57.143,1897,4
37.87,load,82,57.143,1897,4
37.921,load,82,57.143,1897,4
37.971,load,82,57.143,1897,4
38.021,load,82,57.143,1897,4
38.072,load,81,58.587,1747,4
38.122,load,81,58.587,1747,4
38.173,load,81,58.587,1747,4
38.223,load,81,58.587,1747,4
38.273,load,81,58.587,1747,4
38.324,load,81,58.587,1747,4
38.374,load,81,58.587,1747,4
38.424,load,81,58.587,1747,4
38.475,load,81,58.587,1747,4
38.525,load,81,58.587,1747,4
38.575,load,81,55.073,1732,4
38.625,load,81,55.073,1732,4
38.676,load,81,55.073,1732,4
38.726,load,81,55.073,1732,4
38.777,load,81,55.073,1732,4
38.827,load,81,55.073,1732,4
38.877,load,81,55.073,1732,4
38.928,load,81,55.073,1732,4
38.978,load,81,55.073,1732,4
39.028,load,81,55.073,1732,4
39.079,load,82,56.276,1912,4
39.129,load,82,56.276,1912,4
39.18,load,82,56.276,1912,4
39.23,load,82,56.276,1912,4
39.281,load,82,56.276,1912,4
39.331,load,82,56.276,1912,4
39.381,load,82,56.276,1912,4
39.432,load,82,56.276,1912,4
39.482,load,82,56.276,1912,4
39.532,load,82,56.276,1912,4
39.583,load,82,58.403,1732,4
39.633,load,82,58.403,1732,4
39.683,load,82,58.403,1732,4
39.733,load,82,58.403,1732,4
39.784,load,82,58.403,1732,4
39.834,load,82,58.403,1732,4
39.885,load,82,58.403,1732,4
39.935,load,82,58.403,1732,4
39.985,load,82,58.403,1732,4
40.036,load,82,58.403,1732,4
40.086,load,82,55.29,1740,4
40.137,load,82,55.29,1740,4
40.187,load,82,55.29,1740,4
40.238,load,82,55.29,1740,4
40.288,load,82,55.29,1740,4
40.338,load,82,55.29,1740,4
40.388,load,82,55.29,1740,4
40.439,load,82,55.29,1740,4
40.489,load,82,55.29,1740,4
40.54,load,82,55.29,1740,4
40.59,load,81,55.08,1882,0
40.641,load,81,55.08,1882,0
40.691,load,81,55.08,1882,0
40.741,load,81,55.08,1882,0
40.792,load,81,55.08,1882,0
40.842,load,81,55.08,1882,0
40.893,load,81,55.08,1882,0
40.943,load,81,55.08,1882,0
40.994,load,81,55.08,1882,0
41.044,load,81,55.08,1882,0
41.094,load,82,58.554,1732,4
41.144,load,82,58.554,1732,4
41.195,load,82,58.554,1732,4
41.245,load,82,58.554,1732,4
41.295,load,82,58.554,1732,4
41.346,load,82,58.554,1732,4
41.396,load,82,58.554,1732,4
41.447,load,82,58.554,1732,4
41.497,load,82,58.554,1732,4
41.547,load,82,58.554,1732,4
41.598,load,82,55.49,1732,4
41.648,load,82,55.49,1732,4
41.698,load,82,55.49,1732,4
41.749,load,82,55.49,1732,4
41.799,load,82,55.49,1732,4
41.85,load,82,55.49,1732,4
41.9,load,82,55.49,1732,4
41.951,load,82,55.49,1732,4
42.001,load,82,55.49,1732,4
42.052,load,82,55.49,1732,4
42.102,load,82,55.065,1755,4
42.152,load,82,55.065,1755,4
42.202,load,82,55.065,1755,4
42.253,load,82,55.065,1755,4
42.303,load,82,55.065,1755,4
42.353,load,82,55.065,1755,4
42.404,load,82,55.065,1755,4
42.454,load,82,55.065,1755,4
42.504,load,82,55.065,1755,4
42.555,load,82,55.065,1755,4
42.605,load,83,58.175,1732,4
42.668,load,83,58.175,1732,4
42.72,load,83,58.175,1732,4
42.772,load,83,58.175,1732,4
42.823,load,83,58.175,1732,4
42.873,load,83,58.175,1732,4
42.924,load,83,58.175,1732,4
42.974,load,83,58.175,1732,4
43.025,load,83,58.175,1732,4
43.076,load,82,52.058,1762,4
43.127,load,82,52.058,1762,4
43.178,load,82,52.058,1762,4
43.228,load,82,52.058,1762,4
43.278,load,82,52.058,1762,4
43.328,load,82,52.058,1762,4
43.378,load,82,52.058,1762,4
43.429,load,82,52.058,1762,4
43.479,load,82,52.058,1762,4
43.53,load,82,52.058,1762,4
43.58,load,81,53.561,1867,4
43.63,load,81,53.561,1867,4
43.681,load,81,53.561,1867,4
43.731,load,81,53.561,1867,4
43.782,load,81,53.561,1867,4
43.832,load,81,53.561,1867,4
43.883,load,81,53.561,1867,4
43.933,load,81,53.561,1867,4
43.984,load,81,53.561,1867,4
44.034,load,81,53.561,1867,4
44.085,load,83,58.313,1725,4
44.135,load,83,58.313,1725,4
44.186,load,83,58.313,1725,4
44.236,load,83,58.313,1725,4
44.287,load,83,58.313,1725,4
44.337,load,83,58.313,1725,4
44.388,load,83,58.313,1725,4
44.438,load,83,58.313,1725,4
44.488,load,83,58.313,1725,4
44.539,load,83,58.313,1725,4
44.589,load,83,55.612,1747,4
44.64,load,83,55.612,1747,4
44.69,load,83,55.612,1747,4
44.74,load,83,55.612,1747,4
44.791,load,83,55.612,1747,4
44.841,load,83,55.612,1747,4
44.892,load,83,55.612,1747,4
44.942,load,83,55.612,1747,4
44.992,load,83,55.612,1747,4
45.042,load,83,55.612,1747,4
45.092,load,80,57.538,1905,4
45.143,load,80,57.538,1905,4
45.193,load,80,57.538,1905,4
45.244,load,80,57.538,1905,4
45.294,load,80,57.538,1905,4
45.345,load,80,57.538,1905,4
45.395,load,80,57.538,1905,4
45.445,load,80,57.538,1905,4
45.496,load,80,57.538,1905,4
45.547,load,80,57.538,1905,4
45.597,load,84,57.575,1740,4
45.648,load,84,57.575,1740,4
45.698,load,84,57.575,1740,4
45.749,load,84,57.575,1740,4
45.799,load,84,57.575,1740,4
45.849,load,84,57.575,1740,4
45.899,load,84,57.575,1740,4
45.95,load,84,57.575,1740,4
46.0,load,84,57.575,1740,4
46.051,load,84,57.575,1740,4
46.101,load,83,54.494,1732,4
46.152,load,83,54.494,1732,4
46.202,load,83,54.494,1732,4
46.253,load,83,54.494,1732,4
46.303,load,83,54.494,1732,4
46.353,load,83,54.494,1732,4
46.404,load,83,54.494,1732,4
46.454,load,83,54.494,1732,4
46.505,load,83,54.494,1732,4
46.555,load,83,54.494,1732,4
46.605,load,81,56.747,1912,4
46.656,load,81,56.747,1912,4
46.706,load,81,56.747,1912,4
46.757,load,81,56.747,1912,4
46.807,load,81,56.747,1912,4
46.858,load,81,56.747,1912,4
46.908,load,81,56.747,1912,4
46.958,load,81,56.747,1912,4
47.009,load,81,56.747,1912,4
47.059,load,84,57.666,1800,4
47.11,load,84,57.666,1800,4
47.16,load,84,57.666,1800,4
47.21,load,84,57.666,1800,4
47.261,load,84,57.666,1800,4
47.311,load,84,57.666,1800,4
47.362,load,84,57.666,1800,4
47.412,load,84,57.666,1800,4
47.463,load,84,57.666,1800,4
47.513,load,84,57.666,1800,4
47.563,load,84,54.61,1725,4
47.614,load,84,54.61,1725,4
47.664,load,84,54.61,1725,4
47.714,load,84,54.61,1725,4
47.764,load,84,54.61,1725,4
47.815,load,84,54.61,1725,4
47.865,load,84,54.61,1725,4
47.915,load,84,54.61,1725,4
47.966,load,84,54.61,1725,4
48.017,load,84,54.61,1725,4
48.067,load,82,57.036,1905,4
48.118,load,82,57.036,1905,4
48.168,load,82,57.036,1905,4
48.219,load,82,57.036,1905,4
48.269,load,82,57.036,1905,4
48.319,load,82,57.036,1905,4
48.369,load,82,57.036,1905,4
48.42,load,82,57.036,1905,4
48.47,load,82,57.036,1905,4
48.52,load,82,57.036,1905,4
48.57,load,84,57.814,1732,4
48.621,load,84,57.814,1732,4
48.671,load,84,57.814,1732,4
48.722,load,84,57.814,1732,4
48.773,load,84,57.814,1732,4
48.823,load,84,57.814,1732,4
48.874,load,84,57.814,1732,4
48.924,load,84,57.814,1732,4
48.975,load,84,57.814,1732,4
49.025,load,84,57.814,1732,4
49.076,load,84,54.708,1732,4
49.126,load,84,54.708,1732,4
49.177,load,84,54.708,1732,4
49.227,load,84,54.708,1732,4
49.278,load,84,54.708,1732,4
49.328,load,84,54.708,1732,4
49.379,load,84,54.708,1732,4
49.43,load,84,54.708,1732,4
49.48,load,84,54.708,1732,4
49.53,load,84,54.708,1732,4
49.581,load,82,57.154,1912,4
49.631,load,82,57.154,1912,4
49.682,load,82,57.154,1912,4
49.732,load,82,57.154,1912,4
49.782,load,82,57.154,1912,4
49.832,load,82,57.154,1912,4
49.883,load,82,57.154,1912,4
49.934,load,82,57.154,1912,4
49.984,load,82,57.154,1912,4
50.035,load,82,57.154,1912,4
50.085,load,85,57.514,1770,4
50.136,load,85,57.514,1770,4
50.186,load,85,57.514,1770,4
50.237,load,85,57.514,1770,4
50.287,load,85,57.514,1770,4
50.338,load,85,57.514,1770,4
50.388,load,85,57.514,1770,4
50.439,load,85,57.514,1770,4
50.489,load,85,57.514,1770,4
50.539,load,85,57.514,1770,4
50.589,load,84,53.744,1747,4
50.64,load,84,53.744,1747,4
50.69,load,84,53.744,1747,4
50.741,load,84,53.744,1747,4
50.792,load,84,53.744,1747,4
50.842,load,84,53.744,1747,4
50.892,load,84,53.744,1747,4
50.943,load,84,53.744,1747,4
50.993,load,84,53.744,1747,4
51.044,load,84,53.744,1747,4
51.094,load,84,57.385,1725,4
51.145,load,84,57.385,1725,4
51.196,load,84,57.385,1725,4
51.246,load,84,57.385,1725,4
51.297,load,84,57.385,1725,4
51.347,load,84,57.385,1725,4
51.398,load,84,57.385,1725,4
51.448,load,84,57.385,1725,4
51.498,load,84,57.385,1725,4
51.549,load,84,57.385,1725,4
51.599,load,85,57.994,1777,4
51.65,load,85,57.994,1777,4
51.7,load,85,57.994,1777,4
51.75,load,85,57.994,1777,4
51.801,load,85,57.994,1777,4
51.851,load,85,57.994,1777,4
51.901,load,85,57.994,1777,4
51.952,load,85,57.994,1777,4
52.002,load,85,57.994,1777,4
52.053,load,85,57.994,1777,4
52.103,load,84,53.58,1747,4
52.154,load,84,53.58,1747,4
52.204,load,84,53.58,1747,4
52.254,load,84,53.58,1747,4
52.305,load,84,53.58,1747,4
52.355,load,84,53.58,1747,4
52.405,load,84,53.58,1747,4
52.456,load,84,53.58,1747,4
52.506,load,84,53.58,1747,4
52.556,load,84,53.58,1747,4
52.607,load,85,57.387,1740,4
52.657,load,85,57.387,1740,4
52.708,load,85,57.387,1740,4
52.758,load,85,57.387,1740,4
52.808,load,85,57.387,1740,4
52.859,load,85,57.387,1740,4
52.909,load,85,57.387,1740,4
52.96,load,85,57.387,1740,4
53.01,load,85,57.387,1740,4
53.061,load,85,56.488,1725,4
53.111,load,85,56.488,1725,4
53.162,load,85,56.488,1725,4
53.212,load,85,56.488,1725,4
53.262,load,85,56.488,1725,4
53.313,load,85,56.488,1725,4
53.363,load,85,56.488,1725,4
53.414,load,85,56.488,1725,4
53.464,load,85,56.488,1725,4
53.515,load,85,56.488,1725,4
53.565,load,83,52.965,1912,0
53.615,load,83,52.965,1912,0
53.666,load,83,52.965,1912,0
53.716,load,83,52.965,1912,0
53.767,load,83,52.965,1912,0
53.817,load,83,52.965,1912,0
53.868,load,83,52.965,1912,0
53.918,load,83,52.965,1912,0
53.968,load,83,52.965,1912,0
54.019,load,83,52.965,1912,0
54.069,load,86,56.705,1755,4
54.12,load,86,56.705,1755,4
54.171,load,86,56.705,1755,4
54.221,load,86,56.705,1755,4
54.272,load,86,56.705,1755,4
54.322,load,86,56.705,1755,4
54.372,load,86,56.705,1755,4
54.423,load,86,56.705,1755,4
54.473,load,86,56.705,1755,4
54.523,load,86,56.705,1755,4
54.574,load,85,54.881,1777,4
54.624,load,85,54.881,1777,4
54.675,load,85,54.881,1777,4
54.726,load,85,54.881,1777,4
54.776,load,85,54.881,1777,4
54.826,load,85,54.881,1777,4
54.877,load,85,54.881,1777,4
54.927,load,85,54.881,1777,4
54.978,load,85,54.881,1777,4
55.028,load,85,54.881,1777,4
55.079,load,82,55.424,1912,4
55.129,load,82,55.424,1912,4
55.179,load,82,55.424,1912,4
55.23,load,82,55.424,1912,4
55.28,load,82,55.424,1912,4
55.33,load,82,55.424,1912,4
55.381,load,82,55.424,1912,4
55.431,load,82,55.424,1912,4
55.482,load,82,55.424,1912,4
55.532,load,82,55.424,1912,4
55.582,load,86,57.624,1717,4
55.633,load,86,57.624,1717,4
55.683,load,86,57.624,1717,4
55.733,load,86,57.624,1717,4
55.784,load,86,57.624,1717,4
55.834,load,86,57.624,1717,4
55.885,load,86,57.624,1717,4
55.935,load,86,57.624,1717,4
55.985,load,86,57.624,1717,4
56.036,load,86,57.624,1717,4
56.086,load,85,53.364,1717,4
56.137,load,85,53.364,1717,4
56.187,load,85,53.364,1717,4
56.237,load,85,53.364,1717,4
56.288,load,85,53.364,1717,4
56.338,load,85,53.364,1717,4
56.389,load,85,53.364,1717,4
56.439,load,85,53.364,1717,4
56.49,load,85,53.364,1717,4
56.54,load,85,53.364,1717,4
56.59,load,83,56.1,1905,4
56.641,load,83,56.1,1905,4
56.691,load,83,56.1,1905,4
56.742,load,83,56.1,1905,4
56.792,load,83,56.1,1905,4
56.843,load,83,56.1,1905,4
56.894,load,83,56.1,1905,4
56.944,load,83,56.1,1905,4
56.995,load,83,56.1,1905,4
57.045,load,83,56.1,1905,4
57.095,load,86,58.495,1732,4
57.146,load,86,58.495,1732,4
57.196,load,86,58.495,1732,4
57.247,load,86,58.495,1732,4
57.298,load,86,58.495,1732,4
57.348,load,86,58.495,1732,4
57.399,load,86,58.495,1732,4
57.449,load,86,58.495,1732,4
57.499,load,86,58.495,1732,4
57.549,load,86,58.495,1732,4
57.6,load,86,55.1,1762,4
57.65,load,86,55.1,1762,4
57.7,load,86,55.1,1762,4
57.75,load,86,55.1,1762,4
57.801,load,86,55.1,1762,4
57.851,load,86,55.1,1762,4
57.901,load,86,55.1,1762,4
57.952,load,86,55.1,1762,4
58.002,load,86,55.1,1762,4
58.052,load,86,55.1,1762,4
58.103,load,85,58.005,1875,4
58.153,load,85,58.005,1875,4
58.204,load,85,58.005,1875,4
58.254,load,85,58.005,1875,4
58.305,load,85,58.005,1875,4
58.355,load,85,58.005,1875,4
58.406,load,85,58.005,1875,4
58.456,load,85,58.005,1875,4
58.507,load,85,58.005,1875,4
58.557,load,85,58.005,1875,4
58.608,load,87,57.431,1732,4
58.658,load,87,57.431,1732,4
58.709,load,87,57.431,1732,4
58.759,load,87,57.431,1732,4
58.81,load,87,57.431,1732,4
58.86,load,87,57.431,1732,4
58.91,load,87,57.431,1732,4
58.961,load,87,57.431,1732,4
59.011,load,87,57.431,1732,4
59.062,load,86,54.473,1777,4
59.112,load,86,54.473,1777,4
59.162,load,86,54.473,1777,4
59.212,load,86,54.473,1777,4
59.263,load,86,54.473,1777,4
59.313,load,86,54.473,1777,4
59.364,load,86,54.473,1777,4
59.414,load,86,54.473,1777,4
59.465,load,86,54.473,1777,4
59.515,load,86,54.473,1777,4
59.565,load,87,58.367,1702,4
59.616,load,87,58.367,1702,4
59.666,load,87,58.367,1702,4
59.716,load,87,58.367,1702,4
59.767,load,87,58.367,1702,4
59.817,load,87,58.367,1702,4
59.868,load,87,58.367,1702,4
59.918,load,87,58.367,1702,4
59.968,load,87,58.367,1702,4
60.019,load,87,58.367,1702,4
60.069,load,87,58.315,1710,4
60.12,load,87,58.315,1710,4
60.17,load,87,58.315,1710,4
60.221,load,87,58.315,1710,4
60.271,load,87,58.315,1710,4
60.321,load,87,58.315,1710,4
60.372,load,87,58.315,1710,4
60.422,load,87,58.315,1710,4
60.473,load,87,58.315,1710,4
60.523,load,87,58.315,1710,4
60.574,load,86,54.602,1740,4
60.624,load,86,54.602,1740,4
60.675,load,86,54.602,1740,4
60.725,load,86,54.602,1740,4
60.776,load,86,54.602,1740,4
60.826,load,86,54.602,1740,4
60.877,load,86,54.602,1740,4
60.928,load,86,54.602,1740,4
60.978,load,86,54.602,1740,4
61.029,load,86,54.602,1740,4
61.079,load,87,57.948,1642,4
61.129,load,87,57.948,1642,4
61.18,load,87,57.948,1642,4
61.23,load,87,57.948,1642,4
61.281,load,87,57.948,1642,4
61.331,load,87,57.948,1642,4
61.381,load,87,57.948,1642,4
61.432,load,87,57.948,1642,4
61.482,load,87,57.948,1642,4
61.533,load,87,57.948,1642,4
61.584,load,87,56.83,1732,4
61.634,load,87,56.83,1732,4
61.685,load,87,56.83,1732,4
61.735,load,87,56.83,1732,4
61.786,load,87,56.83,1732,4
61.836,load,87,56.83,1732,4
61.886,load,87,56.83,1732,4
61.937,load,87,56.83,1732,4
61.987,load,87,56.83,1732,4
62.038,load,87,56.83,1732,4
62.089,load,86,53.749,1680,32
62.139,load,86,53.749,1680,32
62.189,load,86,53.749,1680,32
62.24,load,86,53.749,1680,32
62.29,load,86,53.749,1680,32
62.341,load,86,53.749,1680,32
62.391,load,86,53.749,1680,32
62.442,load,86,53.749,1680,32
62.492,load,86,53.749,1680,32
62.542,load,86,53.749,1680,32
62.593,load,87,57.089,1657,32
62.643,load,87,57.089,1657,32
62.693,load,87,57.089,1657,32
62.744,load,87,57.089,1657,32
62.794,load,87,57.089,1657,32
62.844,load,87,57.089,1657,32
62.894,load,87,57.089,1657,32
62.945,load,87,57.089,1657,32
62.996,load,87,57.089,1657,32
63.046,load,87,57.089,1657,32
63.096,load,87,56.967,1702,36
63.147,load,87,56.967,1702,36
63.197,load,87,56.967,1702,36
63.248,load,87,56.967,1702,36
63.299,load,87,56.967,1702,36
63.349,load,87,56.967,1702,36
63.399,load,87,56.967,1702,36
63.45,load,87,56.967,1702,36
63.5,load,87,56.967,1702,36
63.55,load,87,56.967,1702,36
63.601,load,86,52.633,1747,4
63.651,load,86,52.633,1747,4
63.702,load,86,52.633,1747,4
63.752,load,86,52.633,1747,4
63.803,load,86,52.633,1747,4
63.853,load,86,52.633,1747,4
63.903,load,86,52.633,1747,4
63.954,load,86,52.633,1747,4
64.004,load,86,52.633,1747,4
64.054,load,86,52.633,1747,4
64.105,load,87,55.849,1665,32
64.155,load,87,55.849,1665,32
64.205,load,87,55.849,1665,32
64.256,load,87,55.849,1665,32
64.306,load,87,55.849,1665,32
64.357,load,87,55.849,1665,32
64.407,load,87,55.849,1665,32
64.458,load,87,55.849,1665,32
64.509,load,87,55.849,1665,32
64.559,load,87,55.849,1665,32
64.61,load,86,55.086,1680,32
64.66,load,86,55.086,1680,32
64.71,load,86,55.086,1680,32
64.761,load,86,55.086,1680,32
64.811,load,86,55.086,1680,32
64.862,load,86,55.086,1680,32
64.912,load,86,55.086,1680,32
64.962,load,86,55.086,1680,32
65.013,load,86,55.086,1680,32
65.063,load,86,50.771,1732,0
65.114,load,86,50.771,1732,0
65.164,load,86,50.771,1732,0
65.215,load,86,50.771,1732,0
65.265,load,86,50.771,1732,0
65.315,load,86,50.771,1732,0
65.366,load,86,50.771,1732,0
65.416,load,86,50.771,1732,0
65.467,load,86,50.771,1732,0
65.517,load,86,50.771,1732,0
65.568,load,87,55.503,1635,32
65.618,load,87,55.503,1635,32
65.669,load,87,55.503,1635,32
65.719,load,87,55.503,1635,32
65.77,load,87,55.503,1635,32
65.82,load,87,55.503,1635,32
65.87,load,87,55.503,1635,32
65.921,load,87,55.503,1635,32
65.971,load,87,55.503,1635,32
66.022,load,87,55.503,1635,32
66.072,load,87,54.263,1717,4
66.122,load,87,54.263,1717,4
66.173,load,87,54.263,1717,4
66.223,load,87,54.263,1717,4
66.274,load,87,54.263,1717,4
66.324,load,87,54.263,1717,4
66.375,load,87,54.263,1717,4
66.425,load,87,54.263,1717,4
66.476,load,87,54.263,1717,4
66.526,load,87,54.263,1717,4
66.577,load,85,51.921,1642,32
66.627,load,85,51.921,1642,32
66.678,load,85,51.921,1642,32
66.728,load,85,51.921,1642,32
66.778,load,85,51.921,1642,32
66.829,load,85,51.921,1642,32
66.879,load,85,51.921,1642,32
66.929,load,85,51.921,1642,32
66.98,load,85,51.921,1642,32
67.03,load,85,51.921,1642,32
67.08,load,86,54.734,1590,32
67.131,load,86,54.734,1590,32
67.181,load,86,54.734,1590,32
67.232,load,86,54.734,1590,32
67.282,load,86,54.734,1590,32
67.332,load,86,54.734,1590,32
67.383,load,86,54.734,1590,32
67.433,load,86,54.734,1590,32
67.484,load,86,54.734,1590,32
67.534,load,86,54.734,1590,32
67.585,load,86,50.56,1672,32
67.635,load,86,50.56,1672,32
67.685,load,86,50.56,1672,32
67.736,load,86,50.56,1672,32
67.786,load,86,50.56,1672,32
67.837,load,86,50.56,1672,32
67.888,load,86,50.56,1672,32
67.938,load,86,50.56,1672,32
67.988,load,86,50.56,1672,32
68.039,load,86,50.56,1672,32
68.089,load,84,51.527,1905,32
68.139,load,84,51.527,1905,32
68.19,load,84,51.527,1905,32
68.24,load,84,51.527,1905,32
68.291,load,84,51.527,1905,32
68.341,load,84,51.527,1905,32
68.392,load,84,51.527,1905,32
68.442,load,84,51.527,1905,32
68.493,load,84,51.527,1905,32
68.543,load,84,51.527,1905,32
68.594,load,87,54.851,1702,32
68.644,load,87,54.851,1702,32
68.694,load,87,54.851,1702,32
68.745,load,87,54.851,1702,32
68.796,load,87,54.851,1702,32
68.846,load,87,54.851,1702,32
68.897,load,87,54.851,1702,32
68.947,load,87,54.851,1702,32
68.998,load,87,54.851,1702,32
69.048,load,87,54.851,1702,32
69.099,load,87,51.168,1725,32
69.149,load,87,51.168,1725,32
69.199,load,87,51.168,1725,32
69.25,load,87,51.168,1725,32
69.301,load,87,51.168,1725,32
69.351,load,87,51.168,1725,32
69.401,load,87,51.168,1725,32
69.452,load,87,51.168,1725,32
69.502,load,87,51.168,1725,32
69.553,load,87,51.168,1725,32
69.603,load,86,52.934,1597,32
69.654,load,86,52.934,1597,32
69.704,load,86,52.934,1597,32
69.755,load,86,52.934,1597,32
69.805,load,86,52.934,1597,32
69.856,load,86,52.934,1597,32
69.906,load,86,52.934,1597,32
69.957,load,86,52.934,1597,32
70.007,load,86,52.934,1597,32
70.057,load,86,52.934,1597,32
70.108,load,87,52.71,1680,4
70.158,load,87,52.71,1680,4
70.208,load,87,52.71,1680,4
70.259,load,87,52.71,1680,4
70.309,load,87,52.71,1680,4
70.36,load,87,52.71,1680,4
70.41,load,87,52.71,1680,4
70.46,load,87,52.71,1680,4
70.511,load,87,52.71,1680,4
70.561,load,83,49.205,1762,32
70.611,load,83,49.205,1762,32
70.662,load,83,49.205,1762,32
70.712,load,83,49.205,1762,32
70.763,load,83,49.205,1762,32
70.813,load,83,49.205,1762,32
70.864,load,83,49.205,1762,32
70.914,load,83,49.205,1762,32
70.965,load,83,49.205,1762,32
71.015,load,83,49.205,1762,32
71.065,load,87,52.345,1627,32
71.116,load,87,52.345,1627,32
71.166,load,87,52.345,1627,32
71.216,load,87,52.345,1627,32
71.267,load,87,52.345,1627,32
71.317,load,87,52.345,1627,32
71.367,load,87,52.345,1627,32
71.418,load,87,52.345,1627,32
71.468,load,87,52.345,1627,32
71.519,load,87,52.345,1627,32
71.569,load,87,48.032,1695,32
71.619,load,87,48.032,1695,32
71.67,load,87,48.032,1695,32
71.72,load,87,48.032,1695,32
71.77,load,87,48.032,1695,32
71.821,load,87,48.032,1695,32
71.871,load,87,48.032,1695,32
71.922,load,87,48.032,1695,32
71.972,load,87,48.032,1695,32
72.022,load,87,48.032,1695,32
72.073,load,86,51.093,1755,32
72.123,load,86,51.093,1755,32
72.174,load,86,51.093,1755,32
72.224,load,86,51.093,1755,32
72.275,load,86,51.093,1755,32
72.325,load,86,51.093,1755,32
72.376,load,86,51.093,1755,32
72.426,load,86,51.093,1755,32
72.476,load,86,51.093,1755,32
72.527,load,86,51.093,1755,32
72.577,load,87,52.844,1635,32
72.628,load,87,52.844,1635,32
72.678,load,87,52.844,1635,32
72.728,load,87,52.844,1635,32
72.779,load,87,52.844,1635,32
72.829,load,87,52.844,1635,32
72.879,load,87,52.844,1635,32
72.93,load,87,52.844,1635,32
72.98,load,87,52.844,1635,32
73.03,load,87,52.844,1635,32
73.081,load,87,49.68,1710,32
73.131,load,87,49.68,1710,32
73.182,load,87,49.68,1710,32
73.232,load,87,49.68,1710,32
73.282,load,87,49.68,1710,32
73.333,load,87,49.68,1710,32
73.383,load,87,49.68,1710,32
73.434,load,87,49.68,1710,32
73.484,load,87,49.68,1710,32
73.534,load,87,49.68,1710,32
73.585,load,86,51.784,1492,32
73.635,load,86,51.784,1492,32
73.685,load,86,51.784,1492,32
73.736,load,86,51.784,1492,32
73.786,load,86,51.784,1492,32
73.837,load,86,51.784,1492,32
73.887,load,86,51.784,1492,32
73.937,load,86,51.784,1492,32
73.988,load,86,51.784,1492,32
74.038,load,86,51.784,1492,32
74.089,load,87,52.249,1627,32
74.139,load,87,52.249,1627,32
74.19,load,87,52.249,1627,32
74.24,load,87,52.249,1627,32
74.291,load,87,52.249,1627,32
74.342,load,87,52.249,1627,32
74.392,load,87,52.249,1627,32
74.442,load,87,52.249,1627,32
74.493,load,87,52.249,1627,32
74.543,load,87,52.249,1627,32
74.593,load,85,47.676,1507,0
74.644,load,85,47.676,1507,0
74.694,load,85,47.676,1507,0
74.745,load,85,47.676,1507,0
74.795,load,85,47.676,1507,0
74.846,load,85,47.676,1507,0
74.896,load,85,47.676,1507,0
74.946,load,85,47.676,1507,0
74.997,load,85,47.676,1507,0
75.047,load,85,47.676,1507,0
75.098,load,87,50.416,1612,32
75.148,load,87,50.416,1612,32
75.199,load,87,50.416,1612,32
75.249,load,87,50.416,1612,32
75.299,load,87,50.416,1612,32
75.35,load,87,50.416,1612,32
75.4,load,87,50.416,1612,32
75.451,load,87,50.416,1612,32
75.501,load,87,50.416,1612,32
75.552,load,87,50.416,1612,32
75.602,load,87,50.128,1620,32
75.652,load,87,50.128,1620,32
75.703,load,87,50.128,1620,32
75.753,load,87,50.128,1620,32
75.803,load,87,50.128,1620,32
75.854,load,87,50.128,1620,32
75.904,load,87,50.128,1620,32
75.955,load,87,50.128,1620,32
76.005,load,87,50.128,1620,32
76.056,load,87,50.128,1620,32
76.106,load,84,49.554,1905,32
76.156,load,84,49.554,1905,32
76.207,load,84,49.554,1905,32
76.257,load,84,49.554,1905,32
76.307,load,84,49.554,1905,32
76.358,load,84,49.554,1905,32
76.408,load,84,49.554,1905,32
76.459,load,84,49.554,1905,32
76.509,load,84,49.554,1905,32
76.56,load,84,49.554,1905,32
76.61,load,88,52.568,1597,32
76.661,load,88,52.568,1597,32
76.711,load,88,52.568,1597,32
76.761,load,88,52.568,1597,32
76.812,load,88,52.568,1597,32
76.862,load,88,52.568,1597,32
76.912,load,88,52.568,1597,32
76.963,load,88,52.568,1597,32
77.013,load,88,52.568,1597,32
77.063,load,86,48.731,1642,32
77.113,load,86,48.731,1642,32
77.164,load,86,48.731,1642,32
77.214,load,86,48.731,1642,32
77.265,load,86,48.731,1642,32
77.315,load,86,48.731,1642,32
77.365,load,86,48.731,1642,32
77.416,load,86,48.731,1642,32
77.466,load,86,48.731,1642,32
77.517,load,86,48.731,1642,32
77.567,load,85,49.853,1830,32
77.617,load,85,49.853,1830,32
77.668,load,85,49.853,1830,32
77.718,load,85,49.853,1830,32
77.769,load,85,49.853,1830,32
77.819,load,85,49.853,1830,32
77.869,load,85,49.853,1830,32
77.92,load,85,49.853,1830,32
77.97,load,85,49.853,1830,32
78.02,load,85,49.853,1830,32
78.071,load,88,51.327,1560,32
78.121,load,88,51.327,1560,32
78.172,load,88,51.327,1560,32
78.222,load,88,51.327,1560,32
78.272,load,88,51.327,1560,32
78.323,load,88,51.327,1560,32
78.373,load,88,51.327,1560,32
78.423,load,88,51.327,1560,32
78.474,load,88,51.327,1560,32
78.524,load,88,51.327,1560,32
78.575,load,86,47.187,1627,32
78.625,load,86,47.187,1627,32
78.676,load,86,47.187,1627,32
78.726,load,86,47.187,1627,32
78.776,load,86,47.187,1627,32
78.827,load,86,47.187,1627,32
78.877,load,86,47.187,1627,32
78.927,load,86,47.187,1627,32
78.978,load,86,47.187,1627,32
79.029,load,86,47.187,1627,32
79.079,load,87,48.981,1612,32
79.129,load,87,48.981,1612,32
79.18,load,87,48.981,1612,32
79.23,load,87,48.981,1612,32
79.28,load,87,48.981,1612,32
79.331,load,87,48.981,1612,32
79.381,load,87,48.981,1612,32
79.432,load,87,48.981,1612,32
79.482,load,87,48.981,1612,32
79.533,load,87,48.981,1612,32
79.583,load,87,49.94,1612,32
79.633,load,87,49.94,1612,32
79.684,load,87,49.94,1612,32
79.734,load,87,49.94,1612,32
79.784,load,87,49.94,1612,32
79.835,load,87,49.94,1612,32
79.885,load,87,49.94,1612,32
79.936,load,87,49.94,1612,32
79.986,load,87,49.94,1612,32
80.036,load,87,49.94,1612,32
80.087,load,84,48.725,1882,32
80.137,load,84,48.725,1882,32
80.187,load,84,48.725,1882,32
80.238,load,84,48.725,1882,32
80.288,load,84,48.725,1882,32
80.338,load,84,48.725,1882,32
80.388,load,84,48.725,1882,32
80.439,load,84,48.725,1882,32
80.489,load,84,48.725,1882,32
80.54,load,84,48.725,1882,32
80.59,load,87,49.615,1582,32
80.641,load,87,49.615,1582,32
80.691,load,87,49.615,1582,32
80.741,load,87,49.615,1582,32
80.792,load,87,49.615,1582,32
80.842,load,87,49.615,1582,32
80.893,load,87,49.615,1582,32
80.943,load,87,49.615,1582,32
80.993,load,87,49.615,1582,32
81.044,load,87,49.615,1582,32
81.094,load,87,47.509,1590,32
81.144,load,87,47.509,1590,32
81.195,load,87,47.509,1590,32
81.245,load,87,47.509,1590,32
81.296,load,87,47.509,1590,32
81.346,load,87,47.509,1590,32
81.396,load,87,47.509,1590,32
81.447,load,87,47.509,1590,32
81.497,load,87,47.509,1590,32
81.547,load,87,47.509,1590,32
81.597,load,86,50.257,1612,32
81.648,load,86,50.257,1612,32
81.698,load,86,50.257,1612,32
81.748,load,86,50.257,1612,32
81.798,load,86,50.257,1612,32
81.849,load,86,50.257,1612,32
81.899,load,86,50.257,1612,32
81.95,load,86,50.257,1612,32
82.0,load,86,50.257,1612,32
82.051,load,86,50.257,1612,32
82.101,load,86,48.988,1582,32
82.151,load,86,48.988,1582,32
82.202,load,86,48.988,1582,32
82.253,load,86,48.988,1582,32
82.303,load,86,48.988,1582,32
82.353,load,86,48.988,1582,32
82.403,load,86,48.988,1582,32
82.454,load,86,48.988,1582,32
82.505,load,86,48.988,1582,32
82.555,load,86,48.988,1582,32
82.606,load,86,45.942,1657,32
82.656,load,86,45.942,1657,32
82.706,load,86,45.942,1657,32
82.757,load,86,45.942,1657,32
82.807,load,86,45.942,1657,32
82.857,load,86,45.942,1657,32
82.908,load,86,45.942,1657,32
82.958,load,86,45.942,1657,32
83.009,load,86,45.942,1657,32
83.059,load,86,45.942,1657,32
83.11,load,87,49.675,1590,32
83.16,load,87,49.675,1590,32
83.21,load,87,49.675,1590,32
83.261,load,87,49.675,1590,32
83.311,load,87,49.675,1590,32
83.361,load,87,49.675,1590,32
83.412,load,87,49.675,1590,32
83.462,load,87,49.675,1590,32
83.512,load,87,49.675,1590,32
83.562,load,87,49.675,1477,32
83.613,load,86,48.472,1477,32
83.664,load,86,48.472,1477,32
83.714,load,86,48.472,1477,32
83.764,load,86,48.472,1477,32
83.815,load,86,48.472,1477,32
83.865,load,86,48.472,1477,32
83.916,load,86,48.472,1477,32
83.966,load,86,48.472,1477,32
84.016,load,86,48.472,1477,32
84.067,load,85,46.533,1882,32
84.117,load,85,46.533,1882,32
84.168,load,85,46.533,1882,32
84.218,load,85,46.533,1882,32
84.268,load,85,46.533,1882,32
84.318,load,85,46.533,1882,32
84.369,load,85,46.533,1882,32
84.42,load,85,46.533,1882,32
84.47,load,85,46.533,1882,32
84.52,load,85,46.533,1882,32
84.571,load,87,47.325,1560,32
84.621,load,87,47.325,1560,32
84.672,load,87,47.325,1560,32
84.722,load,87,47.325,1560,32
84.773,load,87,47.325,1560,32
84.823,load,87,47.325,1560,32
84.873,load,87,47.325,1560,32
84.924,load,87,47.325,1560,32
84.974,load,87,47.325,1560,32
85.024,load,87,47.325,1560,32
85.075,load,86,46.64,1597,32
85.125,load,86,46.64,1597,32
85.176,load,86,46.64,1597,32
85.226,load,86,46.64,1597,32
85.277,load,86,46.64,1597,32
85.327,load,86,46.64,1597,32
85.377,load,86,46.64,1597,32
85.428,load,86,46.64,1597,32
85.478,load,86,46.64,1597,32
85.529,load,86,46.64,1597,32
85.579,load,86,48.416,1477,32
85.629,load,86,48.416,1477,32
85.68,load,86,48.416,1477,32
85.731,load,86,48.416,1477,32
85.781,load,86,48.416,1477,32
85.831,load,86,48.416,1477,32
85.881,load,86,48.416,1477,32
85.932,load,86,48.416,1477,32
85.982,load,86,48.416,1477,32
86.033,load,86,48.416,1477,32
86.083,load,86,46.25,1567,32
86.134,load,86,46.25,1567,32
86.184,load,86,46.25,1567,32
86.235,load,86,46.25,1567,32
86.285,load,86,46.25,1567,32
86.336,load,86,46.25,1567,32
86.386,load,86,46.25,1567,32
86.436,load,86,46.25,1567,32
86.487,load,86,46.25,1567,32
86.537,load,86,46.25,1567,32
86.588,load,85,44.954,1905,32
86.638,load,85,44.954,1905,32
86.689,load,85,44.954,1905,32
86.739,load,85,44.954,1905,32
86.789,load,85,44.954,1905,32
86.84,load,85,44.954,1905,32
86.89,load,85,44.954,1905,32
86.941,load,85,44.954,1905,32
86.991,load,85,44.954,1905,32
87.041,load,85,44.954,1905,32
87.092,load,87,49.105,1507,32
87.142,load,87,49.105,1507,32
87.193,load,87,49.105,1507,32
87.243,load,87,49.105,1507,32
87.293,load,87,49.105,1507,32
87.344,load,87,49.105,1507,32
87.394,load,87,49.105,1507,32
87.445,load,87,49.105,1507,32
87.495,load,87,49.105,1507,32
87.546,load,87,49.105,1507,32
87.596,load,86,45.625,1582,32
87.647,load,86,45.625,1582,32
87.697,load,86,45.625,1582,32
87.748,load,86,45.625,1582,32
87.798,load,86,45.625,1582,32
87.848,load,86,45.625,1582,32
87.899,load,86,45.625,1582,32
87.949,load,86,45.625,1582,32
88.0,load,86,45.625,1582,32
88.05,load,86,45.625,1582,32
88.101,load,87,47.357,1492,32
88.151,load,87,47.357,1492,32
88.201,load,87,47.357,1492,32
88.252,load,87,47.357,1492,32
88.302,load,87,47.357,1492,32
88.353,load,87,47.357,1492,32
88.403,load,87,47.357,1492,32
88.453,load,87,47.357,1492,32
88.504,load,87,47.357,1492,32
88.554,load,87,47.357,1492,32
88.605,load,87,48.168,1612,32
88.655,load,87,48.168,1612,32
88.706,load,87,48.168,1612,32
88.756,load,87,48.168,1612,32
88.807,load,87,48.168,1612,32
88.858,load,87,48.168,1612,32
88.908,load,87,48.168,1612,32
88.959,load,87,48.168,1612,32
89.009,load,87,48.168,1612,32
89.06,load,87,48.168,1612,32
89.11,load,84,45.332,1905,32
89.161,load,84,45.332,1905,32
89.211,load,84,45.332,1905,32
89.262,load,84,45.332,1905,32
89.312,load,84,45.332,1905,32
89.362,load,84,45.332,1905,32
89.413,load,84,45.332,1905,32
89.463,load,84,45.332,1905,32
89.514,load,84,45.332,1905,32
89.564,load,87,48.003,1522,32
89.615,load,87,48.003,1522,32
89.665,load,87,48.003,1522,32
89.716,load,87,48.003,1522,32
89.766,load,87,48.003,1522,32
89.817,load,87,48.003,1522,32
89.867,load,87,48.003,1522,32
89.918,load,87,48.003,1522,32
89.968,load,87,48.003,1522,32
90.019,load,87,48.003,1522,32
90.069,load,87,45.495,1612,32
90.119,load,87,45.495,1612,32
90.169,load,87,45.495,1612,32
90.22,load,87,45.495,1612,32
90.27,load,87,45.495,1612,32
90.32,load,87,45.495,1612,32
90.371,load,87,45.495,1612,32
90.421,load,87,45.495,1612,32
90.472,load,87,45.495,1612,32
90.522,load,87,45.495,1612,32
90.573,load,87,46.824,1477,32
90.623,load,87,46.824,1477,32
90.673,load,87,46.824,1477,32
90.723,load,87,46.824,1477,32
90.774,load,87,46.824,1477,32
90.824,load,87,46.824,1477,32
90.874,load,87,46.824,1477,32
90.925,load,87,46.824,1477,32
90.975,load,87,46.824,1477,32
91.026,load,87,46.824,1477,32
91.076,load,87,47.931,1597,32
91.126,load,87,47.931,1597,32
91.177,load,87,47.931,1597,32
91.227,load,87,47.931,1597,32
91.278,load,87,47.931,1597,32
91.328,load,87,47.931,1597,32
91.378,load,87,47.931,1597,32
91.429,load,87,47.931,1597,32
91.48,load,87,47.931,1597,32
91.53,load,87,47.931,1597,32
91.58,load,84,44.963,1905,32
91.63,load,84,44.963,1905,32
91.681,load,84,44.963,1905,32
91.731,load,84,44.963,1905,32
91.782,load,84,44.963,1905,32
91.832,load,84,44.963,1905,32
91.883,load,84,44.963,1905,32
91.933,load,84,44.963,1905,32
91.984,load,84,44.963,1905,32
92.034,load,84,44.963,1905,32
92.085,load,87,47.115,1470,32
92.135,load,87,47.115,1470,32
92.186,load,87,47.115,1470,32
92.236,load,87,47.115,1470,32
92.287,load,87,47.115,1470,32
92.337,load,87,47.115,1470,32
92.388,load,87,47.115,1470,32
92.438,load,87,47.115,1470,32
92.489,load,87,47.115,1470,32
92.539,load,87,47.115,1470,32
92.589,load,87,44.977,1597,32
92.64,load,87,44.977,1597,32
92.691,load,87,44.977,1597,32
92.741,load,87,44.977,1597,32
92.792,load,87,44.977,1597,32
92.842,load,87,44.977,1597,32
92.892,load,87,44.977,1597,32
92.943,load,87,44.977,1597,32
92.993,load,87,44.977,1597,32
93.043,load,87,44.977,1597,32
93.094,load,87,46.116,1477,32
93.145,load,87,46.116,1477,32
93.195,load,87,46.116,1477,32
93.246,load,87,46.116,1477,32
93.296,load,87,46.116,1477,32
93.346,load,87,46.116,1477,32
93.397,load,87,46.116,1477,32
93.447,load,87,46.116,1477,32
93.498,load,87,46.116,1477,32
93.548,load,87,46.116,1477,32
93.598,load,87,46.88,1605,32
93.648,load,87,46.88,1605,32
93.699,load,87,46.88,1605,32
93.749,load,87,46.88,1605,32
93.8,load,87,46.88,1605,32
93.85,load,87,46.88,1605,32
93.901,load,87,46.88,1605,32
93.951,load,87,46.88,1605,32
94.002,load,87,46.88,1605,32
94.052,load,87,46.88,1605,32
94.103,load,86,44.474,1530,32
94.153,load,86,44.474,1530,32
94.203,load,86,44.474,1530,32
94.254,load,86,44.474,1530,32
94.304,load,86,44.474,1530,32
94.354,load,86,44.474,1530,32
94.404,load,86,44.474,1530,32
94.455,load,86,44.474,1530,32
94.505,load,86,44.474,1530,32
94.555,load,86,44.474,1530,32
94.605,load,87,46.608,1477,32
94.656,load,87,46.608,1477,32
94.706,load,87,46.608,1477,32
94.757,load,87,46.608,1477,32
94.807,load,87,46.608,1477,32
94.857,load,87,46.608,1477,32
94.908,load,87,46.608,1477,32
94.958,load,87,46.608,1477,32
95.009,load,87,46.608,1477,32
95.059,load,87,46.608,1477,32
95.109,load,87,44.525,1507,32
95.16,load,87,44.525,1507,32
95.21,load,87,44.525,1507,32
95.261,load,87,44.525,1507,32
95.311,load,87,44.525,1507,32
95.362,load,87,44.525,1507,32
95.412,load,87,44.525,1507,32
95.463,load,87,44.525,1507,32
95.513,load,87,44.525,1507,32
95.564,load,87,44.525,1507,32
95.614,load,87,46.107,1552,32
95.665,load,87,46.107,1552,32
95.715,load,87,46.107,1552,32
95.765,load,87,46.107,1552,32
95.816,load,87,46.107,1552,32
95.867,load,87,46.107,1552,32
95.917,load,87,46.107,1552,32
95.967,load,87,46.107,1552,32
96.018,load,87,46.107,1552,32
96.069,load,87,46.828,1552,32
96.119,load,87,46.828,1552,32
96.169,load,87,46.828,1552,32
96.22,load,87,46.828,1552,32
96.27,load,87,46.828,1552,32
96.321,load,87,46.828,1552,32
96.372,load,87,46.828,1552,32
96.423,load,87,46.828,1552,32
96.473,load,87,46.828,1552,32
96.524,load,87,46.828,1552,32
96.575,load,85,43.706,1905,32
96.625,load,85,43.706,1905,32
96.675,load,85,43.706,1905,32
96.726,load,85,43.706,1905,32
96.776,load,85,43.706,1905,32
96.826,load,85,43.706,1905,32
96.877,load,85,43.706,1905,32
96.927,load,85,43.706,1905,32
96.977,load,85,43.706,1905,32
97.028,load,85,43.706,1905,32
97.078,load,87,44.894,1357,32
97.128,load,87,44.894,1357,32
97.179,load,87,44.894,1357,32
97.229,load,87,44.894,1357,32
97.28,load,87,44.894,1357,32
97.33,load,87,44.894,1357,32
97.381,load,87,44.894,1357,32
97.431,load,87,44.894,1357,32
97.481,load,87,44.894,1357,32
97.532,load,87,44.894,1357,32
97.582,load,86,41.43,1597,0
97.633,load,86,41.43,1597,0
97.683,load,86,41.43,1597,0
97.734,load,86,41.43,1597,0
97.784,load,86,41.43,1597,0
97.835,load,86,41.43,1597,0
97.885,load,86,41.43,1597,0
97.935,load,86,41.43,1597,0
97.986,load,86,41.43,1597,0
98.036,load,86,41.43,1597,0
98.087,load,87,44.047,1380,32
98.137,load,87,44.047,1380,32
98.188,load,87,44.047,1380,32
98.238,load,87,44.047,1380,32
98.288,load,87,44.047,1380,32
98.339,load,87,44.047,1380,32
98.389,load,87,44.047,1380,32
98.439,load,87,44.047,1380,32
98.489,load,87,44.047,1380,32
98.54,load,87,44.047,1380,32
98.59,load,86,42.988,1657,1
98.641,load,86,42.988,1657,1
98.691,load,86,42.988,1657,1
98.741,load,86,42.988,1657,1
98.792,load,86,42.988,1657,1
98.842,load,86,42.988,1657,1
98.892,load,86,42.988,1657,1
98.943,load,86,42.988,1657,1
98.993,load,86,42.988,1657,1
99.044,load,86,42.988,1657,1
99.094,load,87,43.32,1477,32
99.144,load,87,43.32,1477,32
99.195,load,87,43.32,1477,32
99.245,load,87,43.32,1477,32
99.296,load,87,43.32,1477,32
99.346,load,87,43.32,1477,32
99.396,load,87,43.32,1477,32
99.447,load,87,43.32,1477,32
99.497,load,87,43.32,1477,32
99.548,load,87,43.32,1477,32
99.598,load,87,45.694,1462,32
99.649,load,87,45.694,1462,32
99.699,load,87,45.694,1462,32
99.749,load,87,45.694,1462,32
99.8,load,87,45.694,1462,32
99.85,load,87,45.694,1462,32
99.9,load,87,45.694,1462,32
99.951,load,87,45.694,1462,32
100.001,load,87,45.694,1462,32
100.051,load,87,45.694,1462,32
100.102,load,87,44.263,1477,32
100.152,load,87,44.263,1477,32
100.203,load,87,44.263,1477,32
100.253,load,87,44.263,1477,32
100.304,load,87,44.263,1477,32
100.355,load,87,44.263,1477,32
100.405,load,87,44.263,1477,32
100.456,load,87,44.263,1477,32
100.506,load,87,44.263,1477,32
100.557,load,87,44.263,1477,32
100.607,load,87,45.548,1590,32
100.658,load,87,45.548,1590,32
100.708,load,87,45.548,1590,32
100.758,load,87,45.548,1590,32
100.808,load,87,45.548,1590,32
100.859,load,87,45.548,1590,32
100.909,load,87,45.548,1590,32
100.96,load,87,45.548,1590,32
101.01,load,87,45.548,1590,32
101.06,load,87,45.548,1590,32
101.111,load,85,43.439,1905,32
101.161,load,85,43.439,1905,32
101.211,load,85,43.439,1905,32
101.262,load,85,43.439,1905,32
101.312,load,85,43.439,1905,32
101.363,load,85,43.439,1905,32
101.413,load,85,43.439,1905,32
101.463,load,85,43.439,1905,32
101.514,load,85,43.439,1905,32
101.564,load,85,43.439,1905,32
101.614,load,86,45.146,1365,32
101.665,load,86,45.146,1365,32
101.715,load,86,45.146,1365,32
101.766,load,86,45.146,1365,32
101.816,load,86,45.146,1365,32
101.867,load,86,45.146,1365,32
101.918,load,86,45.146,1365,32
101.968,load,86,45.146,1365,32
102.018,load,86,45.146,1365,32
102.069,load,86,41.59,1500,32
102.119,load,86,41.59,1500,32
102.17,load,86,41.59,1500,32
102.22,load,86,41.59,1500,32
102.27,load,86,41.59,1500,32
102.32,load,86,41.59,1500,32
102.37,load,86,41.59,1500,32
102.421,load,86,41.59,1500,32
102.471,load,86,41.59,1500,32
102.521,load,86,41.59,1500,32
102.572,load,87,42.475,1477,32
102.623,load,87,42.475,1477,32
102.673,load,87,42.475,1477,32
102.723,load,87,42.475,1477,32
102.774,load,87,42.475,1477,32
102.824,load,87,42.475,1477,32
102.875,load,87,42.475,1477,32
102.925,load,87,42.475,1477,32
102.975,load,87,42.475,1477,32
103.026,load,87,42.475,1477,32
103.076,load,87,44.75,1477,32
103.127,load,87,44.75,1477,32
103.177,load,87,44.75,1477,32
103.227,load,87,44.75,1477,32
103.278,load,87,44.75,1477,32
103.328,load,87,44.75,1477,32
103.378,load,87,44.75,1477,32
103.429,load,87,44.75,1477,32
103.479,load,87,44.75,1477,32
103.53,load,87,44.75,1477,32
103.58,load,87,44.959,1440,32
103.631,load,87,44.959,1440,32
103.681,load,87,44.959,1440,32
103.732,load,87,44.959,1440,32
103.782,load,87,44.959,1440,32
103.832,load,87,44.959,1440,32
103.883,load,87,44.959,1440,32
103.933,load,87,44.959,1440,32
103.984,load,87,44.959,1440,32
104.034,load,87,44.959,1440,32
104.085,load,87,45.775,1455,32
104.135,load,87,45.775,1455,32
104.185,load,87,45.775,1455,32
104.236,load,87,45.775,1455,32
104.286,load,87,45.775,1455,32
104.337,load,87,45.775,1455,32
104.387,load,87,45.775,1455,32
104.437,load,87,45.775,1455,32
104.488,load,87,45.775,1455,32
104.538,load,87,45.775,1455,32
104.589,load,87,43.001,1522,32
104.639,load,87,43.001,1522,32
104.69,load,87,43.001,1522,32
104.74,load,87,43.001,1522,32
104.79,load,87,43.001,1522,32
104.841,load,87,43.001,1522,32
104.891,load,87,43.001,1522,32
104.942,load,87,43.001,1522,32
104.992,load,87,43.001,1522,32
105.043,load,87,43.001,1522,32
105.093,load,87,45.52,1462,32
105.144,load,87,45.52,1462,32
105.194,load,87,45.52,1462,32
105.245,load,87,45.52,1462,32
105.295,load,87,45.52,1462,32
105.346,load,87,45.52,1462,32
105.396,load,87,45.52,1462,32
105.446,load,87,45.52,1462,32
105.497,load,87,45.52,1462,32
105.547,load,87,45.52,1462,32
105.597,load,87,45.381,1425,32
105.648,load,87,45.381,1425,32
105.699,load,87,45.381,1425,32
105.749,load,87,45.381,1425,32
105.8,load,87,45.381,1425,32
105.85,load,87,45.381,1425,32
105.9,load,87,45.381,1425,32
105.951,load,87,45.381,1425,32
106.001,load,87,45.381,1425,32
106.052,load,87,45.381,1425,32
106.102,load,86,45.056,1710,32
106.152,load,86,45.056,1710,32
106.203,load,86,45.056,1710,32
106.253,load,86,45.056,1710,32
106.303,load,86,45.056,1710,32
106.354,load,86,45.056,1710,32
106.404,load,86,45.056,1710,32
106.455,load,86,45.056,1710,32
106.505,load,86,45.056,1710,32
106.556,load,86,45.056,1710,32
106.606,load,87,44.551,1410,32
106.657,load,87,44.551,1410,32
106.707,load,87,44.551,1410,32
106.757,load,87,44.551,1410,32
106.808,load,87,44.551,1410,32
106.858,load,87,44.551,1410,32
106.909,load,87,44.551,1410,32
106.959,load,87,44.551,1410,32
107.009,load,87,44.551,1410,32
107.059,load,87,44.551,1410,32
107.11,load,86,41.093,1657,32
107.161,load,86,41.093,1657,32
107.211,load,86,41.093,1657,32
107.262,load,86,41.093,1657,32
107.312,load,86,41.093,1657,32
107.363,load,86,41.093,1657,32
107.413,load,86,41.093,1657,32
107.464,load,86,41.093,1657,32
107.514,load,86,41.093,1657,32
107.564,load,86,41.093,1657,32
107.615,load,86,43.168,1365,32
107.665,load,86,43.168,1365,32
107.716,load,86,43.168,1365,32
107.766,load,86,43.168,1365,32
107.817,load,86,43.168,1365,32
107.867,load,86,43.168,1365,32
107.918,load,86,43.168,1365,32
107.968,load,86,43.168,1365,32
108.019,load,86,43.168,1365,32
108.069,load,86,41.195,1372,32
108.12,load,86,41.195,1372,32
108.171,load,86,41.195,1372,32
108.221,load,86,41.195,1372,32
108.272,load,86,41.195,1372,32
108.322,load,86,41.195,1372,32
108.372,load,86,41.195,1372,32
108.423,load,86,41.195,1372,32
108.473,load,86,41.195,1372,32
108.523,load,86,41.195,1372,32
108.574,load,87,42.869,1507,32
108.624,load,87,42.869,1507,32
108.674,load,87,42.869,1507,32
108.724,load,87,42.869,1507,32
108.775,load,87,42.869,1507,32
108.825,load,87,42.869,1507,32
108.876,load,87,42.869,1507,32
108.926,load,87,42.869,1507,32
108.976,load,87,42.869,1507,32
109.027,load,87,42.869,1507,32
109.077,load,87,44.332,1485,32
109.128,load,87,44.332,1485,32
109.178,load,87,44.332,1485,32
109.229,load,87,44.332,1485,32
109.279,load,87,44.332,1485,32
109.33,load,87,44.332,1485,32
109.38,load,87,44.332,1485,32
109.431,load,87,44.332,1485,32
109.481,load,87,44.332,1485,32
109.532,load,87,44.332,1485,32
109.582,load,85,42.206,1890,32
109.633,load,85,42.206,1890,32
109.683,load,85,42.206,1890,32
109.734,load,85,42.206,1890,32
109.784,load,85,42.206,1890,32
109.834,load,85,42.206,1890,32
109.885,load,85,42.206,1890,32
109.935,load,85,42.206,1890,32
109.986,load,85,42.206,1890,32
110.036,load,85,42.206,1890,32
110.087,load,87,43.828,1455,32
110.137,load,87,43.828,1455,32
110.188,load,87,43.828,1455,32
110.238,load,87,43.828,1455,32
110.289,load,87,43.828,1455,32
110.339,load,87,43.828,1455,32
110.39,load,87,43.828,1455,32
110.44,load,87,43.828,1455,32
110.491,load,87,43.828,1455,32
110.541,load,87,43.828,1455,32
110.592,load,87,42.403,1657,32
110.642,load,87,42.403,1657,32
110.692,load,87,42.403,1657,32
110.743,load,87,42.403,1657,32
110.793,load,87,42.403,1657,32
110.843,load,87,42.403,1657,32
110.894,load,87,42.403,1657,32
110.944,load,87,42.403,1657,32
110.995,load,87,42.403,1657,32
111.045,load,87,42.403,1657,32
111.095,load,87,43.802,1477,32
111.146,load,87,43.802,1477,32
111.196,load,87,43.802,1477,32
111.246,load,87,43.802,1477,32
111.297,load,87,43.802,1477,32
111.347,load,87,43.802,1477,32
111.397,load,87,43.802,1477,32
111.448,load,87,43.802,1477,32
111.498,load,87,43.802,1477,32
111.549,load,87,43.802,1477,32
111.599,load,87,43.811,1470,32
111.649,load,87,43.811,1470,32
111.7,load,87,43.811,1470,32
111.75,load,87,43.811,1470,32
111.8,load,87,43.811,1470,32
111.851,load,87,43.811,1470,32
111.901,load,87,43.811,1470,32
111.952,load,87,43.811,1470,32
112.002,load,87,43.811,1470,32
112.053,load,87,43.811,1470,32
112.103,load,87,43.791,1290,32
112.154,load,87,43.791,1290,32
112.204,load,87,43.791,1290,32
112.255,load,87,43.791,1290,32
112.305,load,87,43.791,1290,32
112.355,load,87,43.791,1290,32
112.406,load,87,43.791,1290,32
112.456,load,87,43.791,1290,32
112.507,load,87,43.791,1290,32
112.557,load,87,43.791,1290,32
112.607,load,87,42.944,1462,32
112.658,load,87,42.944,1462,32
112.708,load,87,42.944,1462,32
112.759,load,87,42.944,1462,32
112.809,load,87,42.944,1462,32
112.86,load,87,42.944,1462,32
112.91,load,87,42.944,1462,32
112.961,load,87,42.944,1462,32
113.011,load,87,42.944,1462,32
113.062,load,87,42.944,1462,32
113.112,load,86,42.539,1837,32
113.163,load,86,42.539,1837,32
113.214,load,86,42.539,1837,32
113.264,load,86,42.539,1837,32
113.315,load,86,42.539,1837,32
113.365,load,86,42.539,1837,32
113.416,load,86,42.539,1837,32
113.466,load,86,42.539,1837,32
113.517,load,86,42.539,1837,32
113.567,load,87,44.218,1425,32
113.618,load,87,44.218,1425,32
113.668,load,87,44.218,1425,32
113.719,load,87,44.218,1425,32
113.769,load,87,44.218,1425,32
113.82,load,87,44.218,1425,32
113.87,load,87,44.218,1425,32
113.92,load,87,44.218,1425,32
113.971,load,87,44.218,1425,32
114.021,load,87,44.218,1425,32
114.072,load,85,41.196,1635,32
114.122,load,85,41.196,1635,32
114.173,load,85,41.196,1635,32
114.223,load,85,41.196,1635,32
114.273,load,85,41.196,1635,32
114.324,load,85,41.196,1635,32
114.374,load,85,41.196,1635,32
114.425,load,85,41.196,1635,32
114.476,load,85,41.196,1635,32
114.526,load,85,41.196,1635,32
114.577,load,87,41.939,1380,32
114.627,load,87,41.939,1380,32
114.677,load,87,41.939,1380,32
114.728,load,87,41.939,1380,32
114.778,load,87,41.939,1380,32
114.829,load,87,41.939,1380,32
114.879,load,87,41.939,1380,32
114.93,load,87,41.939,1380,32
114.98,load,87,41.939,1380,32
115.031,load,87,41.939,1380,32
115.081,load,87,40.975,1545,32
115.131,load,87,40.975,1545,32
115.182,load,87,40.975,1545,32
115.232,load,87,40.975,1545,32
115.283,load,87,40.975,1545,32
115.333,load,87,40.975,1545,32
115.384,load,87,40.975,1545,32
115.434,load,87,40.975,1545,32
115.485,load,87,40.975,1545,32
115.535,load,87,40.975,1545,32
115.585,load,87,43.283,1402,32
115.636,load,87,43.283,1402,32
115.687,load,87,43.283,1402,32
115.737,load,87,43.283,1402,32
115.788,load,87,43.283,1402,32
115.838,load,87,43.283,1402,32
115.889,load,87,43.283,1402,32
115.939,load,87,43.283,1402,32
115.99,load,87,43.283,1402,32
116.04,load,87,43.283,1402,32
116.09,load,87,44.839,1357,32
116.141,load,87,44.839,1357,32
116.191,load,87,44.839,1357,32
116.241,load,87,44.839,1357,32
116.291,load,87,44.839,1357,32
116.342,load,87,44.839,1357,32
116.392,load,87,44.839,1357,32
116.442,load,87,44.839,1357,32
116.493,load,87,44.839,1357,32
116.544,load,87,44.839,1357,32
116.594,load,85,42.481,1867,32
116.644,load,85,42.481,1867,32
116.695,load,85,42.481,1867,32
116.745,load,85,42.481,1867,32
116.796,load,85,42.481,1867,32
116.846,load,85,42.481,1867,32
116.896,load,85,42.481,1867,32
116.946,load,85,42.481,1867,32
116.997,load,85,42.481,1867,32
117.047,load,85,42.481,1867,32
117.098,load,87,42.944,1297,32
117.148,load,87,42.944,1297,32
117.198,load,87,42.944,1297,32
117.249,load,87,42.944,1297,32
117.3,load,87,42.944,1297,32
117.35,load,87,42.944,1297,32
117.401,load,87,42.944,1297,32
117.451,load,87,42.944,1297,32
117.502,load,87,42.944,1297,32
117.552,load,87,42.944,1297,32
117.602,load,86,40.227,1477,0
117.654,load,86,40.227,1477,0
117.705,load,86,40.227,1477,0
117.756,load,86,40.227,1477,0
117.806,load,86,40.227,1477,0
117.858,load,86,40.227,1477,0
117.909,load,86,40.227,1477,0
117.96,load,86,40.227,1477,0
118.011,load,86,40.227,1477,0
118.07,load,87,41.507,1650,32
118.127,load,87,41.507,1650,32
118.178,load,87,41.507,1650,32
118.229,load,87,41.507,1650,32
118.28,load,87,41.507,1650,32
118.33,load,87,41.507,1650,32
118.38,load,87,41.507,1650,32
118.434,load,87,41.507,1650,32
118.485,load,87,41.507,1650,32
118.536,load,87,41.507,1650,32
118.587,load,85,41.179,1837,32
118.668,load,85,41.179,1837,32
118.721,load,85,41.179,1837,32
118.775,load,85,41.179,1837,32
118.826,load,85,41.179,1837,32
118.877,load,85,41.179,1837,32
118.928,load,85,41.179,1837,32
118.978,load,85,41.179,1837,32
119.029,load,85,41.179,1837,32
119.08,load,84,35.315,1905,0
119.139,load,84,35.315,1905,0
119.19,load,84,35.315,1905,0
119.241,load,84,35.315,1905,0
119.293,load,84,35.315,1905,0
119.344,load,84,35.315,1905,0
119.394,load,84,35.315,1905,0
119.447,load,84,35.315,1905,0
119.498,load,84,35.315,1905,0
119.548,load,84,35.315,1905,0
119.601,load,84,31.905,1905,0
119.656,load,84,31.905,1905,0
119.71,load,84,31.905,1905,0
119.775,load,84,31.905,1905,0
119.827,load,84,31.905,1905,0
119.881,load,84,31.905,1905,0
119.931,load,84,31.905,1905,0
119.982,load,84,31.905,1905,0
120.033,load,84,31.905,1905,0
120.084,load,84,30.817,1905,0
120.134,load,84,30.817,1905,0
120.184,load,84,30.817,1905,0
120.234,load,84,30.817,1905,0
120.285,load,84,30.817,1905,0
120.335,load,84,30.817,1905,0
120.386,load,84,30.817,1905,0
120.436,load,84,30.817,1905,0
120.487,load,84,30.817,1905,0
120.537,load,84,30.817,1905,0
120.588,load,86,33.461,1807,1
120.638,load,86,33.461,1807,1
120.688,load,86,33.461,1807,1
120.739,load,86,33.461,1807,1
120.79,load,86,33.461,1807,1
120.84,load,86,33.461,1807,1
120.891,load,86,33.461,1807,1
120.942,load,86,33.461,1807,1
120.992,load,86,33.461,1807,1
121.042,load,86,33.461,1807,1
121.093,load,85,37.043,1905,32
121.143,load,85,37.043,1905,32
121.194,load,85,37.043,1905,32
121.244,load,85,37.043,1905,32
121.295,load,85,37.043,1905,32
121.346,load,85,37.043,1905,32
121.398,load,85,37.043,1905,32
121.45,load,85,37.043,1905,32
121.501,load,85,37.043,1905,32
121.551,load,85,37.043,1905,32
121.601,load,87,43.237,1620,32
121.653,load,87,43.237,1620,32
121.704,load,87,43.237,1620,32
121.754,load,87,43.237,1620,32
121.805,load,87,43.237,1620,32
121.855,load,87,43.237,1620,32
121.906,load,87,43.237,1620,32
121.956,load,87,43.237,1620,32
122.007,load,87,43.237,1620,32
122.057,load,87,43.237,1620,32
122.107,load,87,41.297,1492,32
122.158,load,87,41.297,1492,32
122.208,load,87,41.297,1492,32
122.259,load,87,41.297,1492,32
122.309,load,87,41.297,1492,32
122.36,load,87,41.297,1492,32
122.41,load,87,41.297,1492,32
122.461,load,87,41.297,1492,32
122.511,load,87,41.297,1492,32
122.562,load,87,41.297,1492,32
122.612,load,87,41.203,1507,32
122.663,load,87,41.203,1507,32
122.713,load,87,41.203,1507,32
122.763,load,87,41.203,1507,32
122.814,load,87,41.203,1507,32
122.864,load,87,41.203,1507,32
122.914,load,87,41.203,1507,32
122.965,load,87,41.203,1507,32
123.016,load,87,41.203,1507,32
123.066,load,87,41.203,1507,32
123.116,load,87,40.753,1462,32
123.166,load,87,40.753,1462,32
123.217,load,87,40.753,1462,32
123.268,load,87,40.753,1462,32
123.318,load,87,40.753,1462,32
123.368,load,87,40.753,1462,32
123.419,load,87,40.753,1462,32
123.469,load,87,40.753,1462,32
123.52,load,87,40.753,1462,32
123.57,load,86,42.511,1485,32
123.621,load,86,42.511,1485,32
123.671,load,86,42.511,1485,32
123.721,load,86,42.511,1485,32
123.771,load,86,42.511,1485,32
123.822,load,86,42.511,1485,32
123.872,load,86,42.511,1485,32
123.923,load,86,42.511,1485,32
123.973,load,86,42.511,1485,32
124.024,load,86,42.511,1485,32
124.074,load,87,41.779,1455,32
124.125,load,87,41.779,1455,32
124.175,load,87,41.779,1455,32
124.225,load,87,41.779,1455,32
124.276,load,87,41.779,1455,32
124.326,load,87,41.779,1455,32
124.376,load,87,41.779,1455,32
124.427,load,87,41.779,1455,32
124.477,load,87,41.779,1455,32
124.527,load,87,41.779,1455,32
124.578,load,88,43.189,1440,32
124.628,load,88,43.189,1440,32
124.679,load,88,43.189,1440,32
124.73,load,88,43.189,1440,32
124.78,load,88,43.189,1440,32
124.83,load,88,43.189,1440,32
124.881,load,88,43.189,1440,32
124.931,load,88,43.189,1440,32
124.982,load,88,43.189,1440,32
125.032,load,88,43.189,1440,32
125.083,load,86,42.157,1237,32
125.133,load,86,42.157,1237,32
125.184,load,86,42.157,1237,32
125.234,load,86,42.157,1237,32
125.284,load,86,42.157,1237,32
125.335,load,86,42.157,1237,32
125.385,load,86,42.157,1237,32
125.435,load,86,42.157,1237,32
125.486,load,86,42.157,1237,32
125.536,load,86,42.157,1237,32
125.587,load,87,41.149,1402,32
125.638,load,87,41.149,1402,32
125.688,load,87,41.149,1402,32
125.739,load,87,41.149,1402,32
125.789,load,87,41.149,1402,32
125.84,load,87,41.149,1402,32
125.89,load,87,41.149,1402,32
125.94,load,87,41.149,1402,32
125.991,load,87,41.149,1402,32
126.041,load,87,41.149,1402,32
126.091,load,85,39.997,1890,32
126.142,load,85,39.997,1890,32
126.193,load,85,39.997,1890,32
126.243,load,85,39.997,1890,32
126.294,load,85,39.997,1890,32
126.344,load,85,39.997,1890,32
126.395,load,85,39.997,1890,32
126.445,load,85,39.997,1890,32
126.496,load,85,39.997,1890,32
126.546,load,85,39.997,1890,32
126.596,load,87,41.632,1372,32
126.647,load,87,41.632,1372,32
126.698,load,87,41.632,1372,32
126.748,load,87,41.632,1372,32
126.8,load,87,41.632,1372,32
126.851,load,87,41.632,1372,32
126.902,load,87,41.632,1372,32
126.952,load,87,41.632,1372,32
127.003,load,87,41.632,1372,32
127.053,load,87,41.632,1372,32
127.104,load,87,39.841,1537,0
127.154,load,87,39.841,1537,0
127.204,load,87,39.841,1537,0
127.255,load,87,39.841,1537,0
127.305,load,87,39.841,1537,0
127.355,load,87,39.841,1537,0
127.406,load,87,39.841,1537,0
127.456,load,87,39.841,1537,0
127.507,load,87,39.841,1537,0
127.558,load,87,39.841,1537,0
127.608,load,87,42.471,1372,32
127.659,load,87,42.471,1372,32
127.709,load,87,42.471,1372,32
127.759,load,87,42.471,1372,32
127.81,load,87,42.471,1372,32
127.86,load,87,42.471,1372,32
127.911,load,87,42.471,1372,32
127.964,load,87,42.471,1372,32
128.014,load,87,42.471,1372,32
128.065,load,87,42.471,1372,32
128.115,load,87,41.331,1560,32
128.165,load,87,41.331,1560,32
128.216,load,87,41.331,1560,32
128.266,load,87,41.331,1560,32
128.317,load,87,41.331,1560,32
128.367,load,87,41.331,1560,32
128.417,load,87,41.331,1560,32
128.467,load,87,41.331,1560,32
128.518,load,87,41.331,1560,32
128.569,load,87,41.228,1335,32
128.619,load,87,41.228,1335,32
128.669,load,87,41.228,1335,32
128.72,load,87,41.228,1335,32
128.77,load,87,41.228,1335,32
128.82,load,87,41.228,1335,32
128.87,load,87,41.228,1335,32
128.921,load,87,41.228,1335,32
128.971,load,87,41.228,1335,32
129.021,load,87,41.228,1335,32
129.072,load,87,42.348,1552,32
129.122,load,87,42.348,1552,32
129.173,load,87,42.348,1552,32
129.223,load,87,42.348,1552,32
129.274,load,87,42.348,1552,32
129.324,load,87,42.348,1552,32
129.375,load,87,42.348,1552,32
129.425,load,87,42.348,1552,32
129.475,load,87,42.348,1552,32
129.525,load,87,42.348,1552,32
129.576,load,86,41.503,1275,32
129.627,load,86,41.503,1275,32
129.677,load,86,41.503,1275,32
129.727,load,86,41.503,1275,32
129.778,load,86,41.503,1275,32
129.828,load,86,41.503,1275,32
129.878,load,86,41.503,1275,32
129.929,load,86,41.503,1275,32
129.98,load,86,41.503,1275,32
130.03,load,86,41.503,1275,32
130.08,load,88,41.474,1462,32
130.131,load,88,41.474,1462,32
130.181,load,88,41.474,1462,32
130.232,load,88,41.474,1462,32
130.282,load,88,41.474,1462,32
130.332,load,88,41.474,1462,32
130.383,load,88,41.474,1462,32
130.433,load,88,41.474,1462,32
130.484,load,88,41.474,1462,32
130.534,load,88,41.474,1462,32
130.585,load,85,40.913,1882,32
130.635,load,85,40.913,1882,32
130.686,load,85,40.913,1882,32
130.736,load,85,40.913,1882,32
130.787,load,85,40.913,1882,32
130.838,load,85,40.913,1882,32
130.888,load,85,40.913,1882,32
130.938,load,85,40.913,1882,32
130.988,load,85,40.913,1882,32
131.039,load,85,40.913,1882,32
131.09,load,87,42.247,1440,32
131.14,load,87,42.247,1440,32
131.19,load,87,42.247,1440,32
131.241,load,87,42.247,1440,32
131.291,load,87,42.247,1440,32
131.342,load,87,42.247,1440,32
131.392,load,87,42.247,1440,32
131.443,load,87,42.247,1440,32
131.493,load,87,42.247,1440,32
131.544,load,87,42.247,1440,32
131.594,load,85,39.6,1702,32
131.645,load,85,39.6,1702,32
131.695,load,85,39.6,1702,32
131.746,load,85,39.6,1702,32
131.796,load,85,39.6,1702,32
131.846,load,85,39.6,1702,32
131.897,load,85,39.6,1702,32
131.947,load,85,39.6,1702,32
131.998,load,85,39.6,1702,32
132.048,load,85,39.6,1702,32
132.098,load,87,41.311,1447,32
132.149,load,87,41.311,1447,32
132.199,load,87,41.311,1447,32
132.25,load,87,41.311,1447,32
132.3,load,87,41.311,1447,32
132.35,load,87,41.311,1447,32
132.401,load,87,41.311,1447,32
132.452,load,87,41.311,1447,32
132.502,load,87,41.311,1447,32
132.553,load,87,41.311,1447,32
132.603,load,86,37.772,1425,32
132.654,load,86,37.772,1425,32
132.704,load,86,37.772,1425,32
132.754,load,86,37.772,1425,32
132.805,load,86,37.772,1425,32
132.855,load,86,37.772,1425,32
132.906,load,86,37.772,1425,32
132.957,load,86,37.772,1425,32
133.007,load,86,37.772,1425,32
133.057,load,86,37.772,1425,32
133.108,load,87,40.212,1470,32
133.159,load,87,40.212,1470,32
133.209,load,87,40.212,1470,32
133.26,load,87,40.212,1470,32
133.31,load,87,40.212,1470,32
133.36,load,87,40.212,1470,32
133.411,load,87,40.212,1470,32
133.461,load,87,40.212,1470,32
133.512,load,87,40.212,1470,32
133.563,load,87,40.212,1470,32
133.613,load,85,39.481,1905,0
133.663,load,85,39.481,1905,0
133.714,load,85,39.481,1905,0
133.764,load,85,39.481,1905,0
133.815,load,85,39.481,1905,0
133.866,load,85,39.481,1905,0
133.916,load,85,39.481,1905,0
133.966,load,85,39.481,1905,0
134.017,load,85,39.481,1905,0
134.067,load,85,39.481,1905,0
134.117,load,87,40.979,1237,32
134.168,load,87,40.979,1237,32
134.218,load,87,40.979,1237,32
134.268,load,87,40.979,1237,32
134.319,load,87,40.979,1237,32
134.369,load,87,40.979,1237,32
134.42,load,87,40.979,1237,32
134.47,load,87,40.979,1237,32
134.521,load,87,40.979,1237,32
134.571,load,85,38.957,1297,32
134.621,load,85,38.957,1297,32
134.672,load,85,38.957,1297,32
134.723,load,85,38.957,1297,32
134.773,load,85,38.957,1297,32
134.824,load,85,38.957,1297,32
134.874,load,85,38.957,1297,32
134.924,load,85,38.957,1297,32
134.975,load,85,38.957,1297,32
135.026,load,85,38.957,1297,32
135.076,load,87,39.76,1402,32
135.126,load,87,39.76,1402,32
135.177,load,87,39.76,1402,32
135.227,load,87,39.76,1402,32
135.278,load,87,39.76,1402,32
135.328,load,87,39.76,1402,32
135.378,load,87,39.76,1402,32
135.429,load,87,39.76,1402,32
135.479,load,87,39.76,1402,32
135.53,load,87,39.76,1402,32
135.58,load,87,40.017,1432,32
135.631,load,87,40.017,1432,32
135.681,load,87,40.017,1432,32
135.732,load,87,40.017,1432,32
135.782,load,87,40.017,1432,32
135.833,load,87,40.017,1432,32
135.883,load,87,40.017,1432,32
135.934,load,87,40.017,1432,32
135.984,load,87,40.017,1432,32
136.035,load,87,40.017,1432,32
136.085,load,87,41.274,1440,32
136.136,load,87,41.274,1440,32
136.186,load,87,41.274,1440,32
136.237,load,87,41.274,1440,32
136.287,load,87,41.274,1440,32
136.338,load,87,41.274,1440,32
136.388,load,87,41.274,1440,32
136.438,load,87,41.274,1440,32
136.489,load,87,41.274,1440,32
136.539,load,87,41.274,1440,32
136.589,load,87,40.118,1560,32
136.64,load,87,40.118,1560,32
136.69,load,87,40.118,1560,32
136.741,load,87,40.118,1560,32
136.791,load,87,40.118,1560,32
136.842,load,87,40.118,1560,32
136.892,load,87,40.118,1560,32
136.943,load,87,40.118,1560,32
136.993,load,87,40.118,1560,32
137.043,load,87,40.118,1560,32
137.094,load,86,40.01,1237,32
137.144,load,86,40.01,1237,32
137.195,load,86,40.01,1237,32
137.245,load,86,40.01,1237,32
137.296,load,86,40.01,1237,32
137.346,load,86,40.01,1237,32
137.397,load,86,40.01,1237,32
137.447,load,86,40.01,1237,32
137.498,load,86,40.01,1237,32
137.548,load,86,40.01,1237,32
137.599,load,87,41.195,1380,32
137.649,load,87,41.195,1380,32
137.7,load,87,41.195,1380,32
137.75,load,87,41.195,1380,32
137.8,load,87,41.195,1380,32
137.85,load,87,41.195,1380,32
137.901,load,87,41.195,1380,32
137.951,load,87,41.195,1380,32
138.002,load,87,41.195,1380,32
138.052,load,87,41.195,1380,32
138.103,load,87,40.218,1372,32
138.153,load,87,40.218,1372,32
138.203,load,87,40.218,1372,32
138.254,load,87,40.218,1372,32
138.304,load,87,40.218,1372,32
138.354,load,87,40.218,1372,32
138.405,load,87,40.218,1372,32
138.455,load,87,40.218,1372,32
138.506,load,87,40.218,1372,32
138.556,load,87,40.218,1372,32
138.607,load,87,41.54,1395,32
138.657,load,87,41.54,1395,32
138.707,load,87,41.54,1395,32
138.758,load,87,41.54,1395,32
138.808,load,87,41.54,1395,32
138.859,load,87,41.54,1395,32
138.909,load,87,41.54,1395,32
138.96,load,87,41.54,1395,32
139.01,load,87,41.54,1395,32
139.06,load,87,41.54,1395,32
139.111,load,85,40.623,1905,0
139.161,load,85,40.623,1905,0
139.211,load,85,40.623,1905,0
139.262,load,85,40.623,1905,0
139.312,load,85,40.623,1905,0
139.362,load,85,40.623,1905,0
139.413,load,85,40.623,1905,0
139.463,load,85,40.623,1905,0
139.514,load,85,40.623,1905,0
139.564,load,85,40.623,1905,0
139.614,load,87,41.246,1237,32
139.664,load,87,41.246,1237,32
139.715,load,87,41.246,1237,32
139.766,load,87,41.246,1237,32
139.816,load,87,41.246,1237,32
139.866,load,87,41.246,1237,32
139.917,load,87,41.246,1237,32
139.967,load,87,41.246,1237,32
140.017,load,87,41.246,1237,32
140.068,load,87,41.246,1237,32
140.119,load,85,38.399,1875,32
140.169,load,85,38.399,1875,32
140.22,load,85,38.399,1875,32
140.27,load,85,38.399,1875,32
140.321,load,85,38.399,1875,32
140.371,load,85,38.399,1875,32
140.422,load,85,38.399,1875,32
140.472,load,85,38.399,1875,32
140.523,load,85,38.399,1875,32
140.573,load,86,38.539,1237,32
140.624,load,86,38.539,1237,32
140.674,load,86,38.539,1237,32
140.725,load,86,38.539,1237,32
140.775,load,86,38.539,1237,32
140.825,load,86,38.539,1237,32
140.875,load,86,38.539,1237,32
140.926,load,86,38.539,1237,32
140.976,load,86,38.539,1237,32
141.027,load,86,38.539,1237,32
141.077,load,86,36.931,1575,32
141.128,load,86,36.931,1575,32
141.178,load,86,36.931,1575,32
141.228,load,86,36.931,1575,32
141.279,load,86,36.931,1575,32
141.329,load,86,36.931,1575,32
141.38,load,86,36.931,1575,32
141.43,load,86,36.931,1575,32
141.481,load,86,36.931,1575,32
141.532,load,86,36.931,1575,32
141.582,load,88,41.63,1237,32
141.632,load,88,41.63,1237,32
141.683,load,88,41.63,1237,32
141.733,load,88,41.63,1237,32
141.784,load,88,41.63,1237,32
141.835,load,88,41.63,1237,32
141.885,load,88,41.63,1237,32
141.935,load,88,41.63,1237,32
141.986,load,88,41.63,1237,32
142.036,load,88,41.63,1237,32
142.087,load,87,41.404,1402,32
142.137,load,87,41.404,1402,32
142.188,load,87,41.404,1402,32
142.239,load,87,41.404,1402,32
142.289,load,87,41.404,1402,32
142.34,load,87,41.404,1402,32
142.39,load,87,41.404,1402,32
142.441,load,87,41.404,1402,32
142.491,load,87,41.404,1402,32
142.541,load,87,41.404,1402,32
142.592,load,87,40.495,1237,32
142.642,load,87,40.495,1237,32
142.693,load,87,40.495,1237,32
142.743,load,87,40.495,1237,32
142.794,load,87,40.495,1237,32
142.845,load,87,40.495,1237,32
142.895,load,87,40.495,1237,32
142.945,load,87,40.495,1237,32
142.996,load,87,40.495,1237,32
143.046,load,87,40.495,1237,32
143.096,load,87,40.91,1387,32
143.147,load,87,40.91,1387,32
143.197,load,87,40.91,1387,32
143.248,load,87,40.91,1387,32
143.298,load,87,40.91,1387,32
143.349,load,87,40.91,1387,32
143.399,load,87,40.91,1387,32
143.45,load,87,40.91,1387,32
143.5,load,87,40.91,1387,32
143.551,load,87,40.91,1387,32
143.601,load,86,40.373,1237,32
143.651,load,86,40.373,1237,32
143.701,load,86,40.373,1237,32
143.752,load,86,40.373,1237,32
143.802,load,86,40.373,1237,32
143.853,load,86,40.373,1237,32
143.903,load,86,40.373,1237,32
143.953,load,86,40.373,1237,32
144.004,load,86,40.373,1237,32
144.054,load,86,40.373,1237,32
144.105,load,86,39.309,1237,32
144.155,load,86,39.309,1237,32
144.205,load,86,39.309,1237,32
144.256,load,86,39.309,1237,32
144.307,load,86,39.309,1237,32
144.357,load,86,39.309,1237,32
144.407,load,86,39.309,1237,32
144.458,load,86,39.309,1237,32
144.508,load,86,39.309,1237,32
144.559,load,86,39.309,1237,32
144.609,load,86,36.501,1725,32
144.66,load,86,36.501,1725,32
144.71,load,86,36.501,1725,32
144.761,load,86,36.501,1725,32
144.811,load,86,36.501,1725,32
144.862,load,86,36.501,1725,32
144.912,load,86,36.501,1725,32
144.963,load,86,36.501,1725,32
145.013,load,86,36.501,1725,32
145.064,load,86,36.501,1725,32
145.114,load,87,39.698,1387,32
145.165,load,87,39.698,1387,32
145.215,load,87,39.698,1387,32
145.266,load,87,39.698,1387,32
145.316,load,87,39.698,1387,32
145.366,load,87,39.698,1387,32
145.416,load,87,39.698,1387,32
145.467,load,87,39.698,1387,32
145.517,load,87,39.698,1387,32
145.568,load,87,39.698,1387,32
145.618,load,85,38.125,1462,32
145.669,load,85,38.125,1462,32
145.719,load,85,38.125,1462,32
145.769,load,85,38.125,1462,32
145.819,load,85,38.125,1462,32
145.87,load,85,38.125,1462,32
145.92,load,85,38.125,1462,32
145.971,load,85,38.125,1462,32
146.021,load,85,38.125,1462,32
146.071,load,87,39.343,1380,32
146.122,load,87,39.343,1380,32
146.172,load,87,39.343,1380,32
146.222,load,87,39.343,1380,32
146.273,load,87,39.343,1380,32
146.323,load,87,39.343,1380,32
146.373,load,87,39.343,1380,32
146.424,load,87,39.343,1380,32
146.474,load,87,39.343,1380,32
146.524,load,87,39.343,1380,32
146.575,load,87,41.15,1545,32
146.625,load,87,41.15,1545,32
146.676,load,87,41.15,1545,32
146.726,load,87,41.15,1545,32
146.777,load,87,41.15,1545,32
146.827,load,87,41.15,1545,32
146.877,load,87,41.15,1545,32
146.928,load,87,41.15,1545,32
146.978,load,87,41.15,1545,32
147.028,load,87,41.15,1545,32
147.079,load,87,42.339,1237,32
147.129,load,87,42.339,1237,32
147.18,load,87,42.339,1237,32
147.231,load,87,42.339,1237,32
147.281,load,87,42.339,1237,32
147.332,load,87,42.339,1237,32
147.382,load,87,42.339,1237,32
147.432,load,87,42.339,1237,32
147.483,load,87,42.339,1237,32
147.533,load,87,42.339,1237,32
147.583,load,87,41.116,1350,32
147.634,load,87,41.116,1350,32
147.684,load,87,41.116,1350,32
147.734,load,87,41.116,1350,32
147.785,load,87,41.116,1350,32
147.835,load,87,41.116,1350,32
147.885,load,87,41.116,1350,32
147.936,load,87,41.116,1350,32
147.986,load,87,41.116,1350,32
148.037,load,87,41.116,1350,32
148.087,load,87,39.797,1335,32
148.137,load,87,39.797,1335,32
148.188,load,87,39.797,1335,32
148.238,load,87,39.797,1335,32
148.289,load,87,39.797,1335,32
148.339,load,87,39.797,1335,32
148.389,load,87,39.797,1335,32
148.44,load,87,39.797,1335,32
148.49,load,87,39.797,1335,32
148.541,load,87,39.797,1335,32
148.591,load,87,40.795,1335,32
148.641,load,87,40.795,1335,32
148.692,load,87,40.795,1335,32
148.742,load,87,40.795,1335,32
148.793,load,87,40.795,1335,32
148.843,load,87,40.795,1335,32
148.894,load,87,40.795,1335,32
148.944,load,87,40.795,1335,32
148.995,load,87,40.795,1335,32
149.045,load,87,40.795,1335,32
149.096,load,86,38.878,1890,32
149.146,load,86,38.878,1890,32
149.197,load,86,38.878,1890,32
149.247,load,86,38.878,1890,32
149.297,load,86,38.878,1890,32
149.348,load,86,38.878,1890,32
149.398,load,86,38.878,1890,32
149.449,load,86,38.878,1890,32
149.5,load,86,38.878,1890,32
149.55,load,86,38.878,1890,32
149.6,load,87,41.01,1237,32
149.651,load,87,41.01,1237,32
149.701,load,87,41.01,1237,32
149.752,load,87,41.01,1237,32
149.802,load,87,41.01,1237,32
149.852,load,87,41.01,1237,32
149.903,load,87,41.01,1237,32
149.953,load,87,41.01,1237,32
150.003,load,87,41.01,1237,32
150.054,load,87,41.01,1237,32
150.104,load,85,37.882,1852,32
150.154,load,85,37.882,1852,32
150.205,load,85,37.882,1852,32
150.255,load,85,37.882,1852,32
150.306,load,85,37.882,1852,32
150.356,load,85,37.882,1852,32
150.406,load,85,37.882,1852,32
150.456,load,85,37.882,1852,32
150.507,load,85,37.882,1852,32
150.558,load,85,37.882,1852,32
150.608,load,87,38.295,1372,32
150.658,load,87,38.295,1372,32
150.708,load,87,38.295,1372,32
150.759,load,87,38.295,1372,32
150.81,load,87,38.295,1372,32
150.86,load,87,38.295,1372,32
150.911,load,87,38.295,1372,32
150.961,load,87,38.295,1372,32
151.011,load,87,38.295,1372,32
151.062,load,87,38.295,1372,32
151.112,load,85,39.73,1830,32
151.163,load,85,39.73,1830,32
151.213,load,85,39.73,1830,32
151.263,load,85,39.73,1830,32
151.314,load,85,39.73,1830,32
151.365,load,85,39.73,1830,32
151.415,load,85,39.73,1830,32
151.466,load,85,39.73,1830,32
151.516,load,85,39.73,1830,32
151.566,load,85,39.73,1830,32
151.617,load,87,40.124,1275,32
151.667,load,87,40.124,1275,32
151.718,load,87,40.124,1275,32
151.768,load,87,40.124,1275,32
151.818,load,87,40.124,1275,32
151.869,load,87,40.124,1275,32
151.919,load,87,40.124,1275,32
151.97,load,87,40.124,1275,32
152.021,load,87,40.124,1275,32
152.071,load,87,40.124,1275,32
152.121,load,87,39.967,1425,32
152.171,load,87,39.967,1425,32
152.222,load,87,39.967,1425,32
152.273,load,87,39.967,1425,32
152.323,load,87,39.967,1425,32
152.374,load,87,39.967,1425,32
152.424,load,87,39.967,1425,32
152.475,load,87,39.967,1425,32
152.526,load,87,39.967,1425,32
152.576,load,87,39.577,1260,32
152.626,load,87,39.577,1260,32
152.677,load,87,39.577,1260,32
152.727,load,87,39.577,1260,32
152.777,load,87,39.577,1260,32
152.828,load,87,39.577,1260,32
152.878,load,87,39.577,1260,32
152.928,load,87,39.577,1260,32
152.979,load,87,39.577,1260,32
153.029,load,87,39.577,1260,32
153.08,load,87,40.818,1237,32
153.131,load,87,40.818,1237,32
153.181,load,87,40.818,1237,32
153.231,load,87,40.818,1237,32
153.282,load,87,40.818,1237,32
153.332,load,87,40.818,1237,32
153.382,load,87,40.818,1237,32
153.433,load,87,40.818,1237,32
153.483,load,87,40.818,1237,32
153.534,load,87,40.818,1237,32
153.584,load,86,39.467,1237,32
153.635,load,86,39.467,1237,32
153.685,load,86,39.467,1237,32
153.736,load,86,39.467,1237,32
153.786,load,86,39.467,1237,32
153.837,load,86,39.467,1237,32
153.887,load,86,39.467,1237,32
153.938,load,86,39.467,1237,32
153.988,load,86,39.467,1237,32
154.038,load,86,39.467,1237,32
154.089,load,86,38.69,1237,32
154.139,load,86,38.69,1237,32
154.189,load,86,38.69,1237,32
154.239,load,86,38.69,1237,32
154.29,load,86,38.69,1237,32
154.34,load,86,38.69,1237,32
154.391,load,86,38.69,1237,32
154.441,load,86,38.69,1237,32
154.492,load,86,38.69,1237,32
154.542,load,86,38.69,1237,32
154.593,load,86,37.686,1335,32
154.643,load,86,37.686,1335,32
154.694,load,86,37.686,1335,32
154.744,load,86,37.686,1335,32
154.795,load,86,37.686,1335,32
154.845,load,86,37.686,1335,32
154.896,load,86,37.686,1335,32
154.946,load,86,37.686,1335,32
154.997,load,86,37.686,1335,32
155.047,load,86,37.686,1335,32
155.098,load,87,40.101,1252,32
155.148,load,87,40.101,1252,32
155.198,load,87,40.101,1252,32
155.249,load,87,40.101,1252,32
155.299,load,87,40.101,1252,32
155.349,load,87,40.101,1252,32
155.401,load,87,40.101,1252,32
155.451,load,87,40.101,1252,32
155.501,load,87,40.101,1252,32
155.552,load,87,40.101,1252,32
155.602,load,85,38.345,1890,1
155.652,load,85,38.345,1890,1
155.703,load,85,38.345,1890,1
155.753,load,85,38.345,1890,1
155.804,load,85,38.345,1890,1
155.855,load,85,38.345,1890,1
155.905,load,85,38.345,1890,1
155.956,load,85,38.345,1890,1
156.006,load,85,38.345,1890,1
156.057,load,85,38.345,1890,1
156.107,load,87,40.307,1237,32
156.158,load,87,40.307,1237,32
156.208,load,87,40.307,1237,32
156.259,load,87,40.307,1237,32
156.309,load,87,40.307,1237,32
156.36,load,87,40.307,1237,32
156.41,load,87,40.307,1237,32
156.46,load,87,40.307,1237,32
156.511,load,87,40.307,1237,32
156.561,load,87,40.307,1237,32
156.612,load,87,40.156,1260,32
156.662,load,87,40.156,1260,32
156.713,load,87,40.156,1260,32
156.763,load,87,40.156,1260,32
156.814,load,87,40.156,1260,32
156.864,load,87,40.156,1260,32
156.914,load,87,40.156,1260,32
156.965,load,87,40.156,1260,32
157.015,load,87,40.156,1260,32
157.065,load,87,40.156,1260,32
157.115,load,86,38.87,1252,32
157.166,load,86,38.87,1252,32
157.217,load,86,38.87,1252,32
157.267,load,86,38.87,1252,32
157.318,load,86,38.87,1252,32
157.368,load,86,38.87,1252,32
157.418,load,86,38.87,1252,32
157.469,load,86,38.87,1252,32
157.519,load,86,38.87,1252,32
157.57,load,86,38.87,1252,32
157.62,load,87,39.686,1267,32
157.671,load,87,39.686,1267,32
157.721,load,87,39.686,1267,32
157.772,load,87,39.686,1267,32
157.822,load,87,39.686,1267,32
157.873,load,87,39.686,1267,32
157.923,load,87,39.686,1267,32
157.973,load,87,39.686,1267,32
158.024,load,87,39.686,1267,32
158.074,load,87,40.124,1297,32
158.125,load,87,40.124,1297,32
158.176,load,87,40.124,1297,32
158.226,load,87,40.124,1297,32
158.276,load,87,40.124,1297,32
158.327,load,87,40.124,1297,32
158.377,load,87,40.124,1297,32
158.428,load,87,40.124,1297,32
158.478,load,87,40.124,1297,32
158.529,load,87,40.124,1297,32
158.579,load,87,39.634,1237,32
158.63,load,87,39.634,1237,32
158.68,load,87,39.634,1237,32
158.731,load,87,39.634,1237,32
158.781,load,87,39.634,1237,32
158.832,load,87,39.634,1237,32
158.882,load,87,39.634,1237,32
158.933,load,87,39.634,1237,32
158.983,load,87,39.634,1237,32
159.033,load,87,39.634,1237,32
159.084,load,86,37.866,1635,32
159.134,load,86,37.866,1635,32
159.184,load,86,37.866,1635,32
159.235,load,86,37.866,1635,32
159.285,load,86,37.866,1635,32
159.335,load,86,37.866,1635,32
159.386,load,86,37.866,1635,32
159.436,load,86,37.866,1635,32
159.486,load,86,37.866,1635,32
159.537,load,86,37.866,1635,32
159.587,load,86,38.112,1237,32
159.638,load,86,38.112,1237,32
159.688,load,86,38.112,1237,32
159.738,load,86,38.112,1237,32
159.789,load,86,38.112,1237,32
159.839,load,86,38.112,1237,32
159.89,load,86,38.112,1237,32
159.94,load,86,38.112,1237,32
159.99,load,86,38.112,1237,32
160.041,load,86,38.112,1237,32
160.091,load,85,36.353,1905,0
160.141,load,85,36.353,1905,0
160.192,load,85,36.353,1905,0
160.242,load,85,36.353,1905,0
160.293,load,85,36.353,1905,0
160.343,load,85,36.353,1905,0
160.394,load,85,36.353,1905,0
160.444,load,85,36.353,1905,0
160.495,load,85,36.353,1905,0
160.545,load,85,36.353,1905,0
160.596,load,87,39.579,1237,32
160.646,load,87,39.579,1237,32
160.696,load,87,39.579,1237,32
160.747,load,87,39.579,1237,32
160.797,load,87,39.579,1237,32
160.847,load,87,39.579,1237,32
160.898,load,87,39.579,1237,32
160.949,load,87,39.579,1237,32
161.0,load,87,39.579,1237,32
161.051,load,87,39.579,1237,32
161.101,load,87,39.759,1372,32
161.152,load,87,39.759,1372,32
161.202,load,87,39.759,1372,32
161.253,load,87,39.759,1372,32
161.303,load,87,39.759,1372,32
161.354,load,87,39.759,1372,32
161.404,load,87,39.759,1372,32
161.454,load,87,39.759,1372,32
161.505,load,87,39.759,1372,32
161.555,load,87,39.759,1372,32
161.605,load,87,39.405,1237,32
161.656,load,87,39.405,1237,32
161.706,load,87,39.405,1237,32
161.757,load,87,39.405,1237,32
161.807,load,87,39.405,1237,32
161.858,load,87,39.405,1237,32
161.908,load,87,39.405,1237,32
161.958,load,87,39.405,1237,32
162.009,load,87,39.405,1237,32
162.059,load,87,39.405,1237,32
162.11,load,87,40.291,1282,32
162.16,load,87,40.291,1282,32
162.21,load,87,40.291,1282,32
162.261,load,87,40.291,1282,32
162.311,load,87,40.291,1282,32
162.361,load,87,40.291,1282,32
162.411,load,87,40.291,1282,32
162.462,load,87,40.291,1282,32
162.512,load,87,40.291,1282,32
162.562,load,87,40.291,1282,32
162.613,load,86,38.663,1237,32
162.663,load,86,38.663,1237,32
162.714,load,86,38.663,1237,32
162.764,load,86,38.663,1237,32
162.815,load,86,38.663,1237,32
162.865,load,86,38.663,1237,32
162.915,load,86,38.663,1237,32
162.966,load,86,38.663,1237,32
163.017,load,86,38.663,1237,32
163.067,load,86,38.663,1237,32
163.118,load,87,39.222,1237,32
163.168,load,87,39.222,1237,32
163.219,load,87,39.222,1237,32
163.269,load,87,39.222,1237,32
163.319,load,87,39.222,1237,32
163.37,load,87,39.222,1237,32
163.421,load,87,39.222,1237,32
163.471,load,87,39.222,1237,32
163.521,load,87,39.222,1237,32
163.572,load,87,39.222,1237,32
163.623,load,86,39.069,1237,32
163.673,load,86,39.069,1237,32
163.724,load,86,39.069,1237,32
163.774,load,86,39.069,1237,32
163.824,load,86,39.069,1237,32
163.875,load,86,39.069,1237,32
163.925,load,86,39.069,1237,32
163.976,load,86,39.069,1237,32
164.026,load,86,39.069,1237,32
164.076,load,87,38.889,1237,32
164.127,load,87,38.889,1237,32
164.177,load,87,38.889,1237,32
164.228,load,87,38.889,1237,32
164.278,load,87,38.889,1237,32
164.329,load,87,38.889,1237,32
164.38,load,87,38.889,1237,32
164.43,load,87,38.889,1237,32
164.481,load,87,38.889,1237,32
164.531,load,87,38.889,1237,32
164.581,load,86,37.976,1582,32
164.632,load,86,37.976,1582,32
164.682,load,86,37.976,1582,32
164.733,load,86,37.976,1582,32
164.783,load,86,37.976,1582,32
164.834,load,86,37.976,1582,32
164.884,load,86,37.976,1582,32
164.935,load,86,37.976,1582,32
164.985,load,86,37.976,1582,32
165.035,load,86,37.976,1582,32
165.085,load,87,39.282,1237,32
165.136,load,87,39.282,1237,32
165.186,load,87,39.282,1237,32
165.236,load,87,39.282,1237,32
165.287,load,87,39.282,1237,32
165.337,load,87,39.282,1237,32
165.388,load,87,39.282,1237,32
165.438,load,87,39.282,1237,32
165.488,load,87,39.282,1237,32
165.539,load,87,39.282,1237,32
165.59,load,85,37.032,1867,32
165.64,load,85,37.032,1867,32
165.69,load,85,37.032,1867,32
165.741,load,85,37.032,1867,32
165.791,load,85,37.032,1867,32
165.841,load,85,37.032,1867,32
165.892,load,85,37.032,1867,32
165.942,load,85,37.032,1867,32
165.993,load,85,37.032,1867,32
166.043,load,85,37.032,1867,32
166.093,load,86,37.059,1237,32
166.144,load,86,37.059,1237,32
166.194,load,86,37.059,1237,32
166.245,load,86,37.059,1237,32
166.295,load,86,37.059,1237,32
166.346,load,86,37.059,1237,32
166.396,load,86,37.059,1237,32
166.446,load,86,37.059,1237,32
166.497,load,86,37.059,1237,32
166.548,load,86,37.059,1237,32
166.598,load,85,36.24,1905,32
166.648,load,85,36.24,1905,32
166.699,load,85,36.24,1905,32
166.749,load,85,36.24,1905,32
166.799,load,85,36.24,1905,32
166.85,load,85,36.24,1905,32
166.9,load,85,36.24,1905,32
166.951,load,85,36.24,1905,32
167.002,load,85,36.24,1905,32
167.052,load,85,36.24,1905,32
167.102,load,87,38.946,1237,32
167.153,load,87,38.946,1237,32
167.203,load,87,38.946,1237,32
167.254,load,87,38.946,1237,32
167.304,load,87,38.946,1237,32
167.355,load,87,38.946,1237,32
167.405,load,87,38.946,1237,32
167.455,load,87,38.946,1237,32
167.506,load,87,38.946,1237,32
167.556,load,87,38.946,1237,32
167.606,load,85,38.054,1357,32
167.657,load,85,38.054,1357,32
167.707,load,85,38.054,1357,32
167.758,load,85,38.054,1357,32
167.808,load,85,38.054,1357,32
167.858,load,85,38.054,1357,32
167.909,load,85,38.054,1357,32
167.959,load,85,38.054,1357,32
168.009,load,85,38.054,1357,32
168.06,load,85,38.054,1357,32
168.11,load,87,38.91,1320,32
168.16,load,87,38.91,1320,32
168.21,load,87,38.91,1320,32
168.261,load,87,38.91,1320,32
168.311,load,87,38.91,1320,32
168.362,load,87,38.91,1320,32
168.412,load,87,38.91,1320,32
168.462,load,87,38.91,1320,32
168.513,load,87,38.91,1320,32
168.563,load,87,38.91,1320,32
168.614,load,87,40.029,1297,32
168.664,load,87,40.029,1297,32
168.715,load,87,40.029,1297,32
168.765,load,87,40.029,1297,32
168.816,load,87,40.029,1297,32
168.866,load,87,40.029,1297,32
168.916,load,87,40.029,1297,32
168.967,load,87,40.029,1297,32
169.017,load,87,40.029,1297,32
169.068,load,87,40.029,1297,32
169.118,load,87,39.718,1237,32
169.168,load,87,39.718,1237,32
169.219,load,87,39.718,1237,32
169.27,load,87,39.718,1237,32
169.32,load,87,39.718,1237,32
169.371,load,87,39.718,1237,32
169.421,load,87,39.718,1237,32
169.471,load,87,39.718,1237,32
169.521,load,87,39.718,1237,32
169.572,load,87,39.718,1237,32
169.622,load,86,38.479,1237,32
169.672,load,86,38.479,1237,32
169.723,load,86,38.479,1237,32
169.773,load,86,38.479,1237,32
169.824,load,86,38.479,1237,32
169.875,load,86,38.479,1237,32
169.925,load,86,38.479,1237,32
169.976,load,86,38.479,1237,32
170.026,load,86,38.479,1237,32
170.077,load,87,37.976,1237,32
170.128,load,87,37.976,1237,32
170.178,load,87,37.976,1237,32
170.229,load,87,37.976,1237,32
170.279,load,87,37.976,1237,32
170.329,load,87,37.976,1237,32
170.38,load,87,37.976,1237,32
170.43,load,87,37.976,1237,32
170.481,load,87,37.976,1237,32
170.531,load,87,37.976,1237,32
170.581,load,87,38.562,1275,32
170.631,load,87,38.562,1275,32
170.682,load,87,38.562,1275,32
170.732,load,87,38.562,1275,32
170.783,load,87,38.562,1275,32
170.833,load,87,38.562,1275,32
170.883,load,87,38.562,1275,32
170.933,load,87,38.562,1275,32
170.984,load,87,38.562,1275,32
171.034,load,87,38.562,1275,32
171.084,load,86,37.742,1860,32
171.135,load,86,37.742,1860,32
171.185,load,86,37.742,1860,32
171.235,load,86,37.742,1860,32
171.286,load,86,37.742,1860,32
171.336,load,86,37.742,1860,32
171.386,load,86,37.742,1860,32
171.437,load,86,37.742,1860,32
171.487,load,86,37.742,1860,32
171.537,load,86,37.742,1860,32
171.588,load,87,39.533,1282,32
171.639,load,87,39.533,1282,32
171.689,load,87,39.533,1282,32
171.739,load,87,39.533,1282,32
171.79,load,87,39.533,1282,32
171.84,load,87,39.533,1282,32
171.89,load,87,39.533,1282,32
171.941,load,87,39.533,1282,32
171.991,load,87,39.533,1282,32
172.042,load,87,39.533,1282,32
172.092,load,86,38.543,1267,32
172.143,load,86,38.543,1267,32
172.193,load,86,38.543,1267,32
172.243,load,86,38.543,1267,32
172.294,load,86,38.543,1267,32
172.344,load,86,38.543,1267,32
172.395,load,86,38.543,1267,32
172.445,load,86,38.543,1267,32
172.496,load,86,38.543,1267,32
172.546,load,86,38.543,1267,32
172.597,load,87,39.873,1275,32
172.648,load,87,39.873,1275,32
172.698,load,87,39.873,1275,32
172.749,load,87,39.873,1275,32
172.799,load,87,39.873,1275,32
172.849,load,87,39.873,1275,32
172.9,load,87,39.873,1275,32
172.95,load,87,39.873,1275,32
173.001,load,87,39.873,1275,32
173.051,load,87,39.873,1275,32
173.102,load,87,39.863,1252,32
173.152,load,87,39.863,1252,32
173.203,load,87,39.863,1252,32
173.253,load,87,39.863,1252,32
173.303,load,87,39.863,1252,32
173.354,load,87,39.863,1252,32
173.404,load,87,39.863,1252,32
173.455,load,87,39.863,1252,32
173.505,load,87,39.863,1252,32
173.555,load,87,39.863,1252,32
173.606,load,87,39.084,1237,32
173.656,load,87,39.084,1237,32
173.706,load,87,39.084,1237,32
173.757,load,87,39.084,1237,32
173.807,load,87,39.084,1237,32
173.857,load,87,39.084,1237,32
173.908,load,87,39.084,1237,32
173.958,load,87,39.084,1237,32
174.008,load,87,39.084,1237,32
174.059,load,87,39.084,1237,32
174.109,load,87,39.154,1260,32
174.159,load,87,39.154,1260,32
174.21,load,87,39.154,1260,32
174.26,load,87,39.154,1260,32
174.311,load,87,39.154,1260,32
174.361,load,87,39.154,1260,32
174.412,load,87,39.154,1260,32
174.462,load,87,39.154,1260,32
174.512,load,87,39.154,1260,32
174.563,load,87,39.154,1260,32
174.613,load,87,39.195,1275,32
174.663,load,87,39.195,1275,32
174.714,load,87,39.195,1275,32
174.764,load,87,39.195,1275,32
174.814,load,87,39.195,1275,32
174.865,load,87,39.195,1275,32
174.915,load,87,39.195,1275,32
174.966,load,87,39.195,1275,32
175.016,load,87,39.195,1275,32
175.067,load,87,39.195,1275,32
175.117,load,87,39.386,1432,32
175.167,load,87,39.386,1432,32
175.218,load,87,39.386,1432,32
175.268,load,87,39.386,1432,32
175.319,load,87,39.386,1432,32
175.369,load,87,39.386,1432,32
175.42,load,87,39.386,1432,32
175.47,load,87,39.386,1432,32
175.521,load,87,39.386,1432,32
175.571,load,87,39.386,1432,32
175.622,load,86,37.843,1875,32
175.672,load,86,37.843,1875,32
175.723,load,86,37.843,1875,32
175.773,load,86,37.843,1875,32
175.824,load,86,37.843,1875,32
175.874,load,86,37.843,1875,32
175.924,load,86,37.843,1875,32
175.975,load,86,37.843,1875,32
176.025,load,86,37.843,1875,32
176.076,load,87,38.81,1275,32
176.126,load,87,38.81,1275,32
176.177,load,87,38.81,1275,32
176.227,load,87,38.81,1275,32
176.278,load,87,38.81,1275,32
176.328,load,87,38.81,1275,32
176.379,load,87,38.81,1275,32
176.429,load,87,38.81,1275,32
176.48,load,87,38.81,1275,32
176.53,load,87,38.81,1275,32
176.58,load,85,37.306,1785,32
176.631,load,85,37.306,1785,32
176.681,load,85,37.306,1785,32
176.731,load,85,37.306,1785,32
176.782,load,85,37.306,1785,32
176.832,load,85,37.306,1785,32
176.883,load,85,37.306,1785,32
176.933,load,85,37.306,1785,32
176.983,load,85,37.306,1785,32
177.034,load,85,37.306,1785,32
177.084,load,87,39.862,1237,32
177.134,load,87,39.862,1237,32
177.184,load,87,39.862,1237,32
177.235,load,87,39.862,1237,32
177.285,load,87,39.862,1237,32
177.335,load,87,39.862,1237,32
177.386,load,87,39.862,1237,32
177.436,load,87,39.862,1237,32
177.486,load,87,39.862,1237,32
177.537,load,87,39.862,1237,32
177.587,load,87,39.447,1275,32
177.638,load,87,39.447,1275,32
177.688,load,87,39.447,1275,32
177.739,load,87,39.447,1275,32
177.789,load,87,39.447,1275,32
177.839,load,87,39.447,1275,32
177.89,load,87,39.447,1275,32
177.94,load,87,39.447,1275,32
177.991,load,87,39.447,1275,32
178.041,load,87,39.447,1275,32
178.091,load,87,38.818,1245,32
178.142,load,87,38.818,1245,32
178.192,load,87,38.818,1245,32
178.243,load,87,38.818,1245,32
178.293,load,87,38.818,1245,32
178.343,load,87,38.818,1245,32
178.394,load,87,38.818,1245,32
178.444,load,87,38.818,1245,32
178.495,load,87,38.818,1245,32
178.545,load,87,38.818,1245,32
178.595,load,87,39.482,1252,32
178.646,load,87,39.482,1252,32
178.696,load,87,39.482,1252,32
178.747,load,87,39.482,1252,32
178.798,load,87,39.482,1252,32
178.848,load,87,39.482,1252,32
178.899,load,87,39.482,1252,32
178.949,load,87,39.482,1252,32
178.999,load,87,39.482,1252,32
179.05,load,87,39.482,1252,32
179.101,load,87,39.349,1275,32
179.151,load,87,39.349,1275,32
179.201,load,87,39.349,1275,32
179.252,load,87,39.349,1275,32
179.302,load,87,39.349,1275,32
179.352,load,87,39.349,1275,32
179.403,load,87,39.349,1275,32
179.453,load,87,39.349,1275,32
179.503,load,87,39.349,1275,32
179.554,load,87,39.349,1275,32
179.604,load,87,40.057,1245,32
179.655,load,87,40.057,1245,32
179.705,load,87,40.057,1245,32
179.755,load,87,40.057,1245,32
179.806,load,87,40.057,1245,32
179.857,load,87,40.057,1245,32
179.907,load,87,40.057,1245,32
179.958,load,87,40.057,1245,32
180.008,load,87,40.057,1245,32
180.058,load,87,40.057,1245,32
180.109,load,87,38.411,1717,32
180.159,load,87,38.411,1717,32
180.21,load,87,38.411,1717,32
180.26,load,87,38.411,1717,32
180.311,load,87,38.411,1717,32
180.361,load,87,38.411,1717,32
180.411,load,87,38.411,1717,32
180.462,load,87,38.411,1717,32
180.512,load,87,38.411,1717,32
180.563,load,87,38.411,1717,32
180.613,load,87,37.579,1237,32
180.663,load,87,37.579,1237,32
180.714,load,87,37.579,1237,32
180.764,load,87,37.579,1237,32
180.815,load,87,37.579,1237,32
180.865,load,87,37.579,1237,32
180.915,load,87,37.579,1237,32
180.966,load,87,37.579,1237,32
181.017,load,87,37.579,1237,32
181.067,load,87,37.579,1237,32
181.117,load,85,36.073,1740,32
181.168,load,85,36.073,1740,32
181.218,load,85,36.073,1740,32
181.269,load,85,36.073,1740,32
181.319,load,85,36.073,1740,32
181.369,load,85,36.073,1740,32
181.42,load,85,36.073,1740,32
181.47,load,85,36.073,1740,32
181.52,load,85,36.073,1740,32
181.571,load,85,36.073,1740,32
181.621,load,87,38.248,1252,32
181.672,load,87,38.248,1252,32
181.722,load,87,38.248,1252,32
181.772,load,87,38.248,1252,32
181.822,load,87,38.248,1252,32
181.873,load,87,38.248,1252,32
181.923,load,87,38.248,1252,32
181.974,load,87,38.248,1252,32
182.024,load,87,38.248,1252,32
182.075,load,87,38.248,1252,32
182.125,load,87,38.092,1237,32
182.175,load,87,38.092,1237,32
182.226,load,87,38.092,1237,32
182.276,load,87,38.092,1237,32
182.327,load,87,38.092,1237,32
182.377,load,87,38.092,1237,32
182.428,load,87,38.092,1237,32
182.478,load,87,38.092,1237,32
182.528,load,87,38.092,1237,32
182.579,load,87,38.235,1237,32
182.629,load,87,38.235,1237,32
182.68,load,87,38.235,1237,32
182.73,load,87,38.235,1237,32
182.781,load,87,38.235,1237,32
182.831,load,87,38.235,1237,32
182.881,load,87,38.235,1237,32
182.932,load,87,38.235,1237,32
182.983,load,87,38.235,1237,32
183.033,load,87,38.235,1237,32
183.084,load,86,37.571,1297,32
183.134,load,86,37.571,1297,32
183.184,load,86,37.571,1297,32
183.235,load,86,37.571,1297,32
183.285,load,86,37.571,1297,32
183.336,load,86,37.571,1297,32
183.386,load,86,37.571,1297,32
183.437,load,86,37.571,1297,32
183.488,load,86,37.571,1297,32
183.538,load,86,37.571,1297,32
183.589,load,87,37.157,1320,32
183.639,load,87,37.157,1320,32
183.69,load,87,37.157,1320,32
183.74,load,87,37.157,1320,32
183.79,load,87,37.157,1320,32
183.841,load,87,37.157,1320,32
183.891,load,87,37.157,1320,32
183.942,load,87,37.157,1320,32
183.992,load,87,37.157,1320,32
184.042,load,87,37.157,1320,32
184.093,load,87,38.716,1252,32
184.143,load,87,38.716,1252,32
184.194,load,87,38.716,1252,32
184.244,load,87,38.716,1252,32
184.294,load,87,38.716,1252,32
184.344,load,87,38.716,1252,32
184.395,load,87,38.716,1252,32
184.445,load,87,38.716,1252,32
184.496,load,87,38.716,1252,32
184.546,load,87,38.716,1252,32
184.597,load,87,38.668,1260,32
184.648,load,87,38.668,1260,32
184.698,load,87,38.668,1260,32
184.748,load,87,38.668,1260,32
184.798,load,87,38.668,1260,32
184.849,load,87,38.668,1260,32
184.899,load,87,38.668,1260,32
184.95,load,87,38.668,1260,32
185.0,load,87,38.668,1260,32
185.05,load,87,38.668,1260,32
185.101,load,87,39.588,1237,32
185.152,load,87,39.588,1237,32
185.202,load,87,39.588,1237,32
185.252,load,87,39.588,1237,32
185.302,load,87,39.588,1237,32
185.353,load,87,39.588,1237,32
185.403,load,87,39.588,1237,32
185.453,load,87,39.588,1237,32
185.504,load,87,39.588,1237,32
185.554,load,87,39.588,1237,32
185.612,load,87,39.304,1237,32
185.663,load,87,39.304,1237,32
185.713,load,87,39.304,1237,32
185.764,load,87,39.304,1237,32
185.814,load,87,39.304,1237,32
185.865,load,87,39.304,1237,32
185.915,load,87,39.304,1237,32
185.966,load,87,39.304,1237,32
186.016,load,87,39.304,1237,32
186.066,load,87,39.304,1237,32
186.117,load,86,36.981,1237,32
186.168,load,86,36.981,1237,32
186.218,load,86,36.981,1237,32
186.268,load,86,36.981,1237,32
186.319,load,86,36.981,1237,32
186.369,load,86,36.981,1237,32
186.42,load,86,36.981,1237,32
186.47,load,86,36.981,1237,32
186.52,load,86,36.981,1237,32
186.571,load,86,36.981,1237,32
186.621,load,87,36.172,1365,32
186.672,load,87,36.172,1365,32
186.722,load,87,36.172,1365,32
186.773,load,87,36.172,1365,32
186.823,load,87,36.172,1365,32
186.874,load,87,36.172,1365,32
186.924,load,87,36.172,1365,32
186.974,load,87,36.172,1365,32
187.025,load,87,36.172,1365,32
187.075,load,87,36.172,1365,32
187.126,load,87,37.442,1237,32
187.176,load,87,37.442,1237,32
187.226,load,87,37.442,1237,32
187.277,load,87,37.442,1237,32
187.327,load,87,37.442,1237,32
187.378,load,87,37.442,1237,32
187.428,load,87,37.442,1237,32
187.479,load,87,37.442,1237,32
187.529,load,87,37.442,1237,32
187.579,load,87,36.728,1740,32
187.63,load,87,36.728,1740,32
187.68,load,87,36.728,1740,32
187.731,load,87,36.728,1740,32
187.781,load,87,36.728,1740,32
187.832,load,87,36.728,1740,32
187.882,load,87,36.728,1740,32
187.932,load,87,36.728,1740,32
187.983,load,87,36.728,1740,32
188.033,load,87,36.728,1740,32
188.084,load,87,39.003,1237,32
188.134,load,87,39.003,1237,32
188.185,load,87,39.003,1237,32
188.235,load,87,39.003,1237,32
188.286,load,87,39.003,1237,32
188.337,load,87,39.003,1237,32
188.387,load,87,39.003,1237,32
188.438,load,87,39.003,1237,32
188.488,load,87,39.003,1237,32
188.538,load,87,39.003,1237,32
188.589,load,86,37.241,1890,32
188.639,load,86,37.241,1890,32
188.69,load,86,37.241,1890,32
188.74,load,86,37.241,1890,32
188.791,load,86,37.241,1890,32
188.841,load,86,37.241,1890,32
188.892,load,86,37.241,1890,32
188.942,load,86,37.241,1890,32
188.993,load,86,37.241,1890,32
189.043,load,86,37.241,1890,32
189.094,load,87,39.813,1237,32
189.144,load,87,39.813,1237,32
189.195,load,87,39.813,1237,32
189.245,load,87,39.813,1237,32
189.296,load,87,39.813,1237,32
189.346,load,87,39.813,1237,32
189.397,load,87,39.813,1237,32
189.447,load,87,39.813,1237,32
189.497,load,87,39.813,1237,32
189.548,load,87,39.813,1237,32
189.599,load,87,39.365,1252,32
189.649,load,87,39.365,1252,32
189.699,load,87,39.365,1252,32
189.749,load,87,39.365,1252,32
189.8,load,87,39.365,1252,32
189.85,load,87,39.365,1252,32
189.901,load,87,39.365,1252,32
189.951,load,87,39.365,1252,32
190.002,load,87,39.365,1252,32
190.052,load,87,39.365,1252,32
190.103,load,87,38.382,1252,32
190.153,load,87,38.382,1252,32
190.204,load,87,38.382,1252,32
190.254,load,87,38.382,1252,32
190.304,load,87,38.382,1252,32
190.354,load,87,38.382,1252,32
190.405,load,87,38.382,1252,32
190.456,load,87,38.382,1252,32
190.506,load,87,38.382,1252,32
190.557,load,87,38.382,1252,32
190.608,load,87,39.826,1237,32
190.658,load,87,39.826,1237,32
190.709,load,87,39.826,1237,32
190.759,load,87,39.826,1237,32
190.809,load,87,39.826,1237,32
190.86,load,87,39.826,1237,32
190.91,load,87,39.826,1237,32
190.961,load,87,39.826,1237,32
191.011,load,87,39.826,1237,32
191.061,load,87,39.826,1237,32
191.112,load,87,38.889,1237,32
191.162,load,87,38.889,1237,32
191.213,load,87,38.889,1237,32
191.264,load,87,38.889,1237,32
191.314,load,87,38.889,1237,32
191.364,load,87,38.889,1237,32
191.415,load,87,38.889,1237,32
191.465,load,87,38.889,1237,32
191.516,load,87,38.889,1237,32
191.566,load,87,38.889,1237,32
191.616,load,87,37.605,1237,32
191.667,load,87,37.605,1237,32
191.718,load,87,37.605,1237,32
191.768,load,87,37.605,1237,32
191.818,load,87,37.605,1237,32
191.869,load,87,37.605,1237,32
191.92,load,87,37.605,1237,32
191.97,load,87,37.605,1237,32
192.021,load,87,37.605,1237,32
192.071,load,87,37.605,1237,32
192.121,load,87,37.629,1237,32
192.171,load,87,37.629,1237,32
192.222,load,87,37.629,1237,32
192.273,load,87,37.629,1237,32
192.323,load,87,37.629,1237,32
192.374,load,87,37.629,1237,32
192.424,load,87,37.629,1237,32
192.474,load,87,37.629,1237,32
192.525,load,87,37.629,1237,32
192.576,load,87,37.629,1237,32
192.626,load,88,39.227,1237,32
192.676,load,88,39.227,1237,32
192.727,load,88,39.227,1237,32
192.777,load,88,39.227,1237,32
192.828,load,88,39.227,1237,32
192.878,load,88,39.227,1237,32
192.929,load,88,39.227,1237,32
192.979,load,88,39.227,1237,32
193.03,load,88,39.227,1237,32
193.08,load,87,38.412,1492,32
193.131,load,87,38.412,1492,32
193.181,load,87,38.412,1492,32
193.232,load,87,38.412,1492,32
193.282,load,87,38.412,1492,32
193.333,load,87,38.412,1492,32
193.383,load,87,38.412,1492,32
193.434,load,87,38.412,1492,32
193.484,load,87,38.412,1492,32
193.535,load,87,38.412,1492,32
193.585,load,87,37.752,1297,32
193.636,load,87,37.752,1297,32
193.691,load,87,37.752,1297,32
193.741,load,87,37.752,1297,32
193.791,load,87,37.752,1297,32
193.841,load,87,37.752,1297,32
193.892,load,87,37.752,1297,32
193.942,load,87,37.752,1297,32
193.993,load,87,37.752,1297,32
194.043,load,87,37.752,1297,32
194.094,load,87,36.679,1432,32
194.144,load,87,36.679,1432,32
194.194,load,87,36.679,1432,32
194.245,load,87,36.679,1432,32
194.295,load,87,36.679,1432,32
194.346,load,87,36.679,1432,32
194.397,load,87,36.679,1432,32
194.447,load,87,36.679,1432,32
194.497,load,87,36.679,1432,32
194.548,load,87,36.679,1432,32
194.598,load,87,38.358,1282,32
194.649,load,87,38.358,1282,32
194.699,load,87,38.358,1282,32
194.749,load,87,38.358,1282,32
194.8,load,87,38.358,1282,32
194.85,load,87,38.358,1282,32
194.901,load,87,38.358,1282,32
194.951,load,87,38.358,1282,32
195.002,load,87,38.358,1282,32
195.052,load,87,38.358,1282,32
195.102,load,87,37.315,1665,32
195.152,load,87,37.315,1665,32
195.203,load,87,37.315,1665,32
195.253,load,87,37.315,1665,32
195.303,load,87,37.315,1665,32
195.354,load,87,37.315,1665,32
195.405,load,87,37.315,1665,32
195.455,load,87,37.315,1665,32
195.505,load,87,37.315,1665,32
195.556,load,87,37.315,1665,32
195.606,load,87,36.678,1260,32
195.656,load,87,36.678,1260,32
195.707,load,87,36.678,1260,32
195.757,load,87,36.678,1260,32
195.808,load,87,36.678,1260,32
195.858,load,87,36.678,1260,32
195.908,load,87,36.678,1260,32
195.959,load,87,36.678,1260,32
196.009,load,87,36.678,1260,32
196.06,load,87,36.678,1260,32
196.11,load,87,35.656,1830,32
196.16,load,87,35.656,1830,32
196.211,load,87,35.656,1830,32
196.261,load,87,35.656,1830,32
196.312,load,87,35.656,1830,32
196.363,load,87,35.656,1830,32
196.413,load,87,35.656,1830,32
196.464,load,87,35.656,1830,32
196.514,load,87,35.656,1830,32
196.564,load,87,35.656,1830,32
196.615,load,87,37.426,1237,32
196.665,load,87,37.426,1237,32
196.716,load,87,37.426,1237,32
196.766,load,87,37.426,1237,32
196.817,load,87,37.426,1237,32
196.867,load,87,37.426,1237,32
196.917,load,87,37.426,1237,32
196.968,load,87,37.426,1237,32
197.018,load,87,37.426,1237,32
197.069,load,87,37.426,1237,32
197.119,load,86,35.827,1905,32
197.169,load,86,35.827,1905,32
197.22,load,86,35.827,1905,32
197.27,load,86,35.827,1905,32
197.32,load,86,35.827,1905,32
197.371,load,86,35.827,1905,32
197.421,load,86,35.827,1905,32
197.471,load,86,35.827,1905,32
197.522,load,86,35.827,1905,32
197.572,load,86,35.827,1905,32
197.622,load,87,37.719,1237,32
197.673,load,87,37.719,1237,32
197.723,load,87,37.719,1237,32
197.774,load,87,37.719,1237,32
197.824,load,87,37.719,1237,32
197.875,load,87,37.719,1237,32
197.925,load,87,37.719,1237,32
197.976,load,87,37.719,1237,32
198.026,load,87,37.719,1237,32
198.076,load,87,37.719,1237,32
198.126,load,86,36.373,1867,32
198.177,load,86,36.373,1867,32
198.227,load,86,36.373,1867,32
198.278,load,86,36.373,1867,32
198.328,load,86,36.373,1867,32
198.379,load,86,36.373,1867,32
198.429,load,86,36.373,1867,32
198.479,load,86,36.373,1867,32
198.53,load,86,36.373,1867,32
198.58,load,87,36.863,1237,32
198.631,load,87,36.863,1237,32
198.681,load,87,36.863,1237,32
198.732,load,87,36.863,1237,32
198.782,load,87,36.863,1237,32
198.833,load,87,36.863,1237,32
198.883,load,87,36.863,1237,32
198.934,load,87,36.863,1237,32
198.984,load,87,36.863,1237,32
199.034,load,87,36.863,1237,32
199.085,load,86,35.933,1882,32
199.135,load,86,35.933,1882,32
199.185,load,86,35.933,1882,32
199.236,load,86,35.933,1882,32
199.286,load,86,35.933,1882,32
199.337,load,86,35.933,1882,32
199.387,load,86,35.933,1882,32
199.438,load,86,35.933,1882,32
199.488,load,86,35.933,1882,32
199.538,load,86,35.933,1882,32
199.589,load,87,39.125,1237,32
199.639,load,87,39.125,1237,32
199.689,load,87,39.125,1237,32
199.74,load,87,39.125,1237,32
199.791,load,87,39.125,1237,32
199.841,load,87,39.125,1237,32
199.892,load,87,39.125,1237,32
199.942,load,87,39.125,1237,32
199.992,load,87,39.125,1237,32
200.043,load,87,39.125,1237,32
200.093,load,85,37.688,1237,32
200.144,load,85,37.688,1237,32
200.194,load,85,37.688,1237,32
200.245,load,85,37.688,1237,32
200.295,load,85,37.688,1237,32
200.346,load,85,37.688,1237,32
200.396,load,85,37.688,1237,32
200.446,load,85,37.688,1237,32
200.497,load,85,37.688,1237,32
200.547,load,85,37.688,1237,32
200.597,load,87,37.434,1237,32
200.648,load,87,37.434,1237,32
200.698,load,87,37.434,1237,32
200.749,load,87,37.434,1237,32
200.799,load,87,37.434,1237,32
200.85,load,87,37.434,1237,32
200.9,load,87,37.434,1237,32
200.95,load,87,37.434,1237,32
201.001,load,87,37.434,1237,32
201.051,load,87,37.434,1237,32
201.101,load,87,37.72,1237,32
201.152,load,87,37.72,1237,32
201.202,load,87,37.72,1237,32
201.252,load,87,37.72,1237,32
201.303,load,87,37.72,1237,32
201.353,load,87,37.72,1237,32
201.403,load,87,37.72,1237,32
201.453,load,87,37.72,1237,32
201.504,load,87,37.72,1237,32
201.555,load,87,37.72,1237,32
201.605,load,87,38.088,1237,32
201.655,load,87,38.088,1237,32
201.706,load,87,38.088,1237,32
201.756,load,87,38.088,1237,32
201.807,load,87,38.088,1237,32
201.857,load,87,38.088,1237,32
201.907,load,87,38.088,1237,32
201.957,load,87,38.088,1237,32
202.008,load,87,38.088,1237,32
202.058,load,87,38.088,1237,32
202.109,load,87,38.525,1237,32
202.159,load,87,38.525,1237,32
202.21,load,87,38.525,1237,32
202.261,load,87,38.525,1237,32
202.311,load,87,38.525,1237,32
202.362,load,87,38.525,1237,32
202.412,load,87,38.525,1237,32
202.462,load,87,38.525,1237,32
202.512,load,87,38.525,1237,32
202.563,load,87,38.525,1237,32
202.613,load,87,38.249,1237,32
202.663,load,87,38.249,1237,32
202.714,load,87,38.249,1237,32
202.764,load,87,38.249,1237,32
202.815,load,87,38.249,1237,32
202.865,load,87,38.249,1237,32
202.915,load,87,38.249,1237,32
202.965,load,87,38.249,1237,32
203.016,load,87,38.249,1237,32
203.066,load,87,38.249,1237,32
203.117,load,87,37.992,1237,32
203.167,load,87,37.992,1237,32
203.218,load,87,37.992,1237,32
203.268,load,87,37.992,1237,32
203.319,load,87,37.992,1237,32
203.369,load,87,37.992,1237,32
203.419,load,87,37.992,1237,32
203.47,load,87,37.992,1237,32
203.52,load,87,37.992,1237,32
203.571,load,87,37.992,1237,32
203.621,load,87,38.103,1237,32
203.672,load,87,38.103,1237,32
203.722,load,87,38.103,1237,32
203.772,load,87,38.103,1237,32
203.823,load,87,38.103,1237,32
203.874,load,87,38.103,1237,32
203.924,load,87,38.103,1237,32
203.974,load,87,38.103,1237,32
204.025,load,87,38.103,1237,32
204.075,load,87,38.103,1237,32
204.126,load,87,36.938,1237,32
204.176,load,87,36.938,1237,32
204.227,load,87,36.938,1237,32
204.277,load,87,36.938,1237,32
204.328,load,87,36.938,1237,32
204.378,load,87,36.938,1237,32
204.429,load,87,36.938,1237,32
204.479,load,87,36.938,1237,32
204.529,load,87,36.938,1237,32
204.58,load,87,36.839,1522,32
204.63,load,87,36.839,1522,32
204.681,load,87,36.839,1522,32
204.731,load,87,36.839,1522,32
204.781,load,87,36.839,1522,32
204.832,load,87,36.839,1522,32
204.882,load,87,36.839,1522,32
204.933,load,87,36.839,1522,32
204.983,load,87,36.839,1522,32
205.033,load,87,36.839,1522,32
205.084,load,87,38.492,1237,32
205.134,load,87,38.492,1237,32
205.185,load,87,38.492,1237,32
205.235,load,87,38.492,1237,32
205.286,load,87,38.492,1237,32
205.336,load,87,38.492,1237,32
205.386,load,87,38.492,1237,32
205.437,load,87,38.492,1237,32
205.487,load,87,38.492,1237,32
205.538,load,87,38.492,1237,32
205.588,load,86,36.974,1785,32
205.639,load,86,36.974,1785,32
205.689,load,86,36.974,1785,32
205.74,load,86,36.974,1785,32
205.79,load,86,36.974,1785,32
205.84,load,86,36.974,1785,32
205.891,load,86,36.974,1785,32
205.941,load,86,36.974,1785,32
205.992,load,86,36.974,1785,32
206.042,load,86,36.974,1785,32
206.093,load,87,37.823,1237,32
206.143,load,87,37.823,1237,32
206.194,load,87,37.823,1237,32
206.244,load,87,37.823,1237,32
206.294,load,87,37.823,1237,32
206.345,load,87,37.823,1237,32
206.395,load,87,37.823,1237,32
206.446,load,87,37.823,1237,32
206.496,load,87,37.823,1237,32
206.547,load,87,37.823,1237,32
206.597,load,85,36.024,1237,32
206.648,load,85,36.024,1237,32
206.698,load,85,36.024,1237,32
206.748,load,85,36.024,1237,32
206.799,load,85,36.024,1237,32
206.849,load,85,36.024,1237,32
206.9,load,85,36.024,1237,32
206.95,load,85,36.024,1237,32
207.0,load,85,36.024,1237,32
207.05,load,85,36.024,1237,32
207.101,load,87,37.467,1237,32
207.152,load,87,37.467,1237,32
207.202,load,87,37.467,1237,32
207.252,load,87,37.467,1237,32
207.303,load,87,37.467,1237,32
207.353,load,87,37.467,1237,32
207.404,load,87,37.467,1237,32
207.454,load,87,37.467,1237,32
207.505,load,87,37.467,1237,32
207.555,load,87,37.467,1237,32
207.605,load,87,37.195,1260,32
207.656,load,87,37.195,1260,32
207.706,load,87,37.195,1260,32
207.757,load,87,37.195,1260,32
207.807,load,87,37.195,1260,32
207.857,load,87,37.195,1260,32
207.908,load,87,37.195,1260,32
207.958,load,87,37.195,1260,32
208.009,load,87,37.195,1260,32
208.059,load,87,37.195,1260,32
208.109,load,87,37.644,1267,32
208.16,load,87,37.644,1267,32
208.211,load,87,37.644,1267,32
208.261,load,87,37.644,1267,32
208.312,load,87,37.644,1267,32
208.362,load,87,37.644,1267,32
208.412,load,87,37.644,1267,32
208.462,load,87,37.644,1267,32
208.513,load,87,37.644,1267,32
208.563,load,87,37.644,1267,32
208.613,load,87,38.526,1237,32
208.664,load,87,38.526,1237,32
208.714,load,87,38.526,1237,32
208.765,load,87,38.526,1237,32
208.815,load,87,38.526,1237,32
208.866,load,87,38.526,1237,32
208.916,load,87,38.526,1237,32
208.968,load,87,38.526,1237,32
209.018,load,87,38.526,1237,32
209.068,load,87,38.526,1237,32
209.119,load,87,38.129,1237,32
209.169,load,87,38.129,1237,32
209.22,load,87,38.129,1237,32
209.27,load,87,38.129,1237,32
209.32,load,87,38.129,1237,32
209.371,load,87,38.129,1237,32
209.421,load,87,38.129,1237,32
209.472,load,87,38.129,1237,32
209.522,load,87,38.129,1237,32
209.572,load,87,38.129,1237,32
209.623,load,87,37.847,1237,32
209.674,load,87,37.847,1237,32
209.724,load,87,37.847,1237,32
209.774,load,87,37.847,1237,32
209.825,load,87,37.847,1237,32
209.875,load,87,37.847,1237,32
209.926,load,87,37.847,1237,32
209.976,load,87,37.847,1237,32
210.027,load,87,37.847,1237,32
210.077,load,87,37.847,1237,32
210.127,load,87,38.034,1245,32
210.178,load,87,38.034,1245,32
210.228,load,87,38.034,1245,32
210.278,load,87,38.034,1245,32
210.329,load,87,38.034,1245,32
210.379,load,87,38.034,1245,32
210.429,load,87,38.034,1245,32
210.48,load,87,38.034,1245,32
210.53,load,87,38.034,1245,32
210.581,load,88,39.809,1237,32
210.631,load,88,39.809,1237,32
210.682,load,88,39.809,1237,32
210.732,load,88,39.809,1237,32
210.782,load,88,39.809,1237,32
210.833,load,88,39.809,1237,32
210.883,load,88,39.809,1237,32
210.934,load,88,39.809,1237,32
210.985,load,88,39.809,1237,32
211.035,load,88,39.809,1237,32
211.086,load,87,39.656,1462,32
211.136,load,87,39.656,1462,32
211.186,load,87,39.656,1462,32
211.237,load,87,39.656,1462,32
211.287,load,87,39.656,1462,32
211.338,load,87,39.656,1462,32
211.388,load,87,39.656,1462,32
211.439,load,87,39.656,1462,32
211.489,load,87,39.656,1462,32
211.54,load,87,39.656,1462,32
211.591,load,87,39.1,1237,32
211.641,load,87,39.1,1237,32
211.692,load,87,39.1,1237,32
211.742,load,87,39.1,1237,32
211.793,load,87,39.1,1237,32
211.843,load,87,39.1,1237,32
211.894,load,87,39.1,1237,32
211.944,load,87,39.1,1237,32
211.994,load,87,39.1,1237,32
212.045,load,87,39.1,1237,32
212.095,load,87,36.765,1522,32
212.146,load,87,36.765,1522,32
212.196,load,87,36.765,1522,32
212.246,load,87,36.765,1522,32
212.297,load,87,36.765,1522,32
212.347,load,87,36.765,1522,32
212.397,load,87,36.765,1522,32
212.448,load,87,36.765,1522,32
212.498,load,87,36.765,1522,32
212.549,load,87,36.765,1522,32
212.599,load,87,37.633,1237,32
212.649,load,87,37.633,1237,32
212.699,load,87,37.633,1237,32
212.75,load,87,37.633,1237,32
212.8,load,87,37.633,1237,32
212.85,load,87,37.633,1237,32
212.901,load,87,37.633,1237,32
212.951,load,87,37.633,1237,32
213.002,load,87,37.633,1237,32
213.052,load,87,37.633,1237,32
213.103,load,86,36.283,1237,32
213.153,load,86,36.283,1237,32
213.204,load,86,36.283,1237,32
213.254,load,86,36.283,1237,32
213.304,load,86,36.283,1237,32
213.355,load,86,36.283,1237,32
213.405,load,86,36.283,1237,32
213.455,load,86,36.283,1237,32
213.506,load,86,36.283,1237,32
213.556,load,86,36.283,1237,32
213.607,load,87,38.069,1237,32
213.657,load,87,38.069,1237,32
213.708,load,87,38.069,1237,32
213.758,load,87,38.069,1237,32
213.809,load,87,38.069,1237,32
213.859,load,87,38.069,1237,32
213.909,load,87,38.069,1237,32
213.96,load,87,38.069,1237,32
214.01,load,87,38.069,1237,32
214.06,load,87,38.069,1237,32
214.11,load,86,37.628,1237,32
214.161,load,86,37.628,1237,32
214.211,load,86,37.628,1237,32
214.261,load,86,37.628,1237,32
214.312,load,86,37.628,1237,32
214.363,load,86,37.628,1237,32
214.413,load,86,37.628,1237,32
214.464,load,86,37.628,1237,32
214.514,load,86,37.628,1237,32
214.565,load,86,37.628,1237,32
214.616,load,87,37.489,1237,32
214.666,load,87,37.489,1237,32
214.716,load,87,37.489,1237,32
214.767,load,87,37.489,1237,32
214.817,load,87,37.489,1237,32
214.867,load,87,37.489,1237,32
214.918,load,87,37.489,1237,32
214.968,load,87,37.489,1237,32
215.018,load,87,37.489,1237,32
215.069,load,87,37.489,1237,32
215.119,load,87,37.845,1237,32
215.17,load,87,37.845,1237,32
215.22,load,87,37.845,1237,32
215.271,load,87,37.845,1237,32
215.321,load,87,37.845,1237,32
215.371,load,87,37.845,1237,32
215.422,load,87,37.845,1237,32
215.472,load,87,37.845,1237,32
215.523,load,87,37.845,1237,32
215.573,load,87,37.845,1237,32
215.624,load,87,37.886,1237,32
215.674,load,87,37.886,1237,32
215.724,load,87,37.886,1237,32
215.775,load,87,37.886,1237,32
215.825,load,87,37.886,1237,32
215.876,load,87,37.886,1237,32
215.926,load,87,37.886,1237,32
215.977,load,87,37.886,1237,32
216.027,load,87,37.886,1237,32
216.078,load,87,37.886,1237,32
216.128,load,87,37.687,1237,32
216.178,load,87,37.687,1237,32
216.228,load,87,37.687,1237,32
216.279,load,87,37.687,1237,32
216.329,load,87,37.687,1237,32
216.379,load,87,37.687,1237,32
216.429,load,87,37.687,1237,32
216.48,load,87,37.687,1237,32
216.53,load,87,37.687,1237,32
216.581,load,87,37.694,1237,32
216.631,load,87,37.694,1237,32
216.682,load,87,37.694,1237,32
216.732,load,87,37.694,1237,32
216.783,load,87,37.694,1237,32
216.833,load,87,37.694,1237,32
216.883,load,87,37.694,1237,32
216.934,load,87,37.694,1237,32
216.984,load,87,37.694,1237,32
217.035,load,87,37.694,1237,32
217.085,load,87,37.473,1252,32
217.136,load,87,37.473,1252,32
217.186,load,87,37.473,1252,32
217.237,load,87,37.473,1252,32
217.287,load,87,37.473,1252,32
217.337,load,87,37.473,1252,32
217.388,load,87,37.473,1252,32
217.438,load,87,37.473,1252,32
217.489,load,87,37.473,1252,32
217.539,load,87,37.473,1252,32
217.589,load,87,36.809,1665,32
217.64,load,87,36.809,1665,32
217.69,load,87,36.809,1665,32
217.741,load,87,36.809,1665,32
217.791,load,87,36.809,1665,32
217.841,load,87,36.809,1665,32
217.892,load,87,36.809,1665,32
217.942,load,87,36.809,1665,32
217.993,load,87,36.809,1665,32
218.043,load,87,36.809,1665,32
218.093,load,87,37.875,1237,32
218.144,load,87,37.875,1237,32
218.194,load,87,37.875,1237,32
218.245,load,87,37.875,1237,32
218.295,load,87,37.875,1237,32
218.346,load,87,37.875,1237,32
218.396,load,87,37.875,1237,32
218.447,load,87,37.875,1237,32
218.497,load,87,37.875,1237,32
218.547,load,87,37.875,1237,32
218.598,load,86,35.901,1875,32
218.648,load,86,35.901,1875,32
218.698,load,86,35.901,1875,32
218.749,load,86,35.901,1875,32
218.8,load,86,35.901,1875,32
218.85,load,86,35.901,1875,32
218.901,load,86,35.901,1875,32
218.951,load,86,35.901,1875,32
219.002,load,86,35.901,1875,32
219.052,load,86,35.901,1875,32
219.103,load,87,37.756,1252,32
219.153,load,87,37.756,1252,32
219.204,load,87,37.756,1252,32
219.254,load,87,37.756,1252,32
219.304,load,87,37.756,1252,32
219.355,load,87,37.756,1252,32
219.405,load,87,37.756,1252,32
219.456,load,87,37.756,1252,32
219.506,load,87,37.756,1252,32
219.557,load,87,37.756,1252,32
219.607,load,86,36.331,1305,32
219.657,load,86,36.331,1305,32
219.708,load,86,36.331,1305,32
219.758,load,86,36.331,1305,32
219.809,load,86,36.331,1305,32
219.859,load,86,36.331,1305,32
219.91,load,86,36.331,1305,32
219.96,load,86,36.331,1305,32
220.01,load,86,36.331,1305,32
220.061,load,86,36.331,1305,32
220.112,load,87,37.85,1237,32
220.162,load,87,37.85,1237,32
220.213,load,87,37.85,1237,32
220.263,load,87,37.85,1237,32
220.314,load,87,37.85,1237,32
220.364,load,87,37.85,1237,32
220.415,load,87,37.85,1237,32
220.465,load,87,37.85,1237,32
220.515,load,87,37.85,1237,32
220.566,load,87,37.85,1237,32
220.616,load,86,36.614,1237,32
220.667,load,86,36.614,1237,32
220.717,load,86,36.614,1237,32
220.767,load,86,36.614,1237,32
220.818,load,86,36.614,1237,32
220.868,load,86,36.614,1237,32
220.918,load,86,36.614,1237,32
220.969,load,86,36.614,1237,32
221.019,load,86,36.614,1237,32
221.069,load,86,36.614,1237,32
221.119,load,87,37.263,1237,32
221.17,load,87,37.263,1237,32
221.22,load,87,37.263,1237,32
221.27,load,87,37.263,1237,32
221.32,load,87,37.263,1237,32
221.371,load,87,37.263,1237,32
221.421,load,87,37.263,1237,32
221.472,load,87,37.263,1237,32
221.522,load,87,37.263,1237,32
221.573,load,87,37.263,1237,32
221.623,load,87,37.622,1245,32
221.673,load,87,37.622,1245,32
221.723,load,87,37.622,1245,32
221.774,load,87,37.622,1245,32
221.824,load,87,37.622,1245,32
221.874,load,87,37.622,1245,32
221.925,load,87,37.622,1245,32
221.975,load,87,37.622,1245,32
222.026,load,87,37.622,1245,32
222.076,load,87,37.622,1245,32
222.126,load,87,37.581,1237,32
222.177,load,87,37.581,1237,32
222.227,load,87,37.581,1237,32
222.278,load,87,37.581,1237,32
222.328,load,87,37.581,1237,32
222.378,load,87,37.581,1237,32
222.429,load,87,37.581,1237,32
222.479,load,87,37.581,1237,32
222.53,load,87,37.581,1237,32
222.58,load,87,37.581,1237,32
222.631,load,86,36.931,1237,32
222.681,load,86,36.931,1237,32
222.732,load,86,36.931,1237,32
222.782,load,86,36.931,1237,32
222.832,load,86,36.931,1237,32
222.883,load,86,36.931,1237,32
222.933,load,86,36.931,1237,32
222.984,load,86,36.931,1237,32
223.034,load,86,36.931,1237,32
223.085,load,87,37.055,1237,32
223.135,load,87,37.055,1237,32
223.186,load,87,37.055,1237,32
223.237,load,87,37.055,1237,32
223.287,load,87,37.055,1237,32
223.337,load,87,37.055,1237,32
223.388,load,87,37.055,1237,32
223.438,load,87,37.055,1237,32
223.488,load,87,37.055,1237,32
223.539,load,87,37.055,1237,32
223.589,load,87,37.121,1237,32
223.64,load,87,37.121,1237,32
223.69,load,87,37.121,1237,32
223.74,load,87,37.121,1237,32
223.791,load,87,37.121,1237,32
223.841,load,87,37.121,1237,32
223.892,load,87,37.121,1237,32
223.942,load,87,37.121,1237,32
223.993,load,87,37.121,1237,32
224.044,load,87,37.121,1237,32
224.094,load,87,37.096,1237,32
224.145,load,87,37.096,1237,32
224.195,load,87,37.096,1237,32
224.245,load,87,37.096,1237,32
224.296,load,87,37.096,1237,32
224.347,load,87,37.096,1237,32
224.397,load,87,37.096,1237,32
224.448,load,87,37.096,1237,32
224.498,load,87,37.096,1237,32
224.549,load,87,37.096,1237,32
224.599,load,87,37.874,1237,32
224.649,load,87,37.874,1237,32
224.7,load,87,37.874,1237,32
224.75,load,87,37.874,1237,32
224.801,load,87,37.874,1237,32
224.852,load,87,37.874,1237,32
224.902,load,87,37.874,1237,32
224.952,load,87,37.874,1237,32
225.003,load,87,37.874,1237,32
225.053,load,87,37.874,1237,32
225.104,load,87,38.145,1237,32
225.154,load,87,38.145,1237,32
225.205,load,87,38.145,1237,32
225.255,load,87,38.145,1237,32
225.306,load,87,38.145,1237,32
225.356,load,87,38.145,1237,32
225.406,load,87,38.145,1237,32
225.457,load,87,38.145,1237,32
225.507,load,87,38.145,1237,32
225.558,load,87,38.145,1237,32
225.608,load,87,37.576,1237,32
225.658,load,87,37.576,1237,32
225.709,load,87,37.576,1237,32
225.759,load,87,37.576,1237,32
225.81,load,87,37.576,1237,32
225.86,load,87,37.576,1237,32
225.91,load,87,37.576,1237,32
225.961,load,87,37.576,1237,32
226.011,load,87,37.576,1237,32
226.062,load,87,37.576,1237,32
226.112,load,87,36.387,1717,32
226.163,load,87,36.387,1717,32
226.213,load,87,36.387,1717,32
226.264,load,87,36.387,1717,32
226.314,load,87,36.387,1717,32
226.365,load,87,36.387,1717,32
226.415,load,87,36.387,1717,32
226.466,load,87,36.387,1717,32
226.516,load,87,36.387,1717,32
226.567,load,87,36.387,1717,32
226.617,load,87,37.831,1237,32
226.667,load,87,37.831,1237,32
226.718,load,87,37.831,1237,32
226.768,load,87,37.831,1237,32
226.818,load,87,37.831,1237,32
226.869,load,87,37.831,1237,32
226.919,load,87,37.831,1237,32
226.97,load,87,37.831,1237,32
227.02,load,87,37.831,1237,32
227.07,load,87,37.831,1237,32
227.121,load,86,35.7,1747,32
227.171,load,86,35.7,1747,32
227.221,load,86,35.7,1747,32
227.272,load,86,35.7,1747,32
227.322,load,86,35.7,1747,32
227.373,load,86,35.7,1747,32
227.424,load,86,35.7,1747,32
227.474,load,86,35.7,1747,32
227.525,load,86,35.7,1747,32
227.575,load,86,35.7,1747,32
227.625,load,87,37.25,1237,32
227.675,load,87,37.25,1237,32
227.726,load,87,37.25,1237,32
227.776,load,87,37.25,1237,32
227.827,load,87,37.25,1237,32
227.877,load,87,37.25,1237,32
227.927,load,87,37.25,1237,32
227.978,load,87,37.25,1237,32
228.029,load,87,37.25,1237,32
228.079,load,87,37.25,1237,32
228.13,load,86,35.988,1365,32
228.18,load,86,35.988,1365,32
228.231,load,86,35.988,1365,32
228.282,load,86,35.988,1365,32
228.332,load,86,35.988,1365,32
228.382,load,86,35.988,1365,32
228.433,load,86,35.988,1365,32
228.483,load,86,35.988,1365,32
228.534,load,86,35.988,1365,32
228.584,load,87,37.211,1252,32
228.634,load,87,37.211,1252,32
228.685,load,87,37.211,1252,32
228.735,load,87,37.211,1252,32
228.786,load,87,37.211,1252,32
228.836,load,87,37.211,1252,32
228.887,load,87,37.211,1252,32
228.937,load,87,37.211,1252,32
228.987,load,87,37.211,1252,32
229.038,load,87,37.211,1252,32
229.088,load,86,36.383,1882,32
229.139,load,86,36.383,1882,32
229.189,load,86,36.383,1882,32
229.239,load,86,36.383,1882,32
229.29,load,86,36.383,1882,32
229.34,load,86,36.383,1882,32
229.391,load,86,36.383,1882,32
229.441,load,86,36.383,1882,32
229.491,load,86,36.383,1882,32
229.542,load,86,36.383,1882,32
229.592,load,87,36.971,1237,32
229.642,load,87,36.971,1237,32
229.693,load,87,36.971,1237,32
229.743,load,87,36.971,1237,32
229.793,load,87,36.971,1237,32
229.844,load,87,36.971,1237,32
229.894,load,87,36.971,1237,32
229.944,load,87,36.971,1237,32
229.995,load,87,36.971,1237,32
230.045,load,87,36.971,1237,32
230.096,load,86,36.343,1890,32
230.146,load,86,36.343,1890,32
230.196,load,86,36.343,1890,32
230.247,load,86,36.343,1890,32
230.297,load,86,36.343,1890,32
230.347,load,86,36.343,1890,32
230.398,load,86,36.343,1890,32
230.448,load,86,36.343,1890,32
230.499,load,86,36.343,1890,32
230.549,load,86,36.343,1890,32
230.599,load,87,37.111,1237,32
230.65,load,87,37.111,1237,32
230.7,load,87,37.111,1237,32
230.75,load,87,37.111,1237,32
230.801,load,87,37.111,1237,32
230.851,load,87,37.111,1237,32
230.902,load,87,37.111,1237,32
230.952,load,87,37.111,1237,32
231.003,load,87,37.111,1237,32
231.053,load,87,37.111,1237,32
231.104,load,86,35.971,1890,32
231.154,load,86,35.971,1890,32
231.204,load,86,35.971,1890,32
231.255,load,86,35.971,1890,32
231.305,load,86,35.971,1890,32
231.356,load,86,35.971,1890,32
231.406,load,86,35.971,1890,32
231.457,load,86,35.971,1890,32
231.507,load,86,35.971,1890,32
231.558,load,86,35.971,1890,32
231.608,load,87,37.622,1237,32
231.658,load,87,37.622,1237,32
231.709,load,87,37.622,1237,32
231.759,load,87,37.622,1237,32
231.81,load,87,37.622,1237,32
231.86,load,87,37.622,1237,32
231.91,load,87,37.622,1237,32
231.961,load,87,37.622,1237,32
232.011,load,87,37.622,1237,32
232.062,load,87,37.622,1237,32
232.112,load,86,37.285,1237,32
232.163,load,86,37.285,1237,32
232.213,load,86,37.285,1237,32
232.264,load,86,37.285,1237,32
232.314,load,86,37.285,1237,32
232.365,load,86,37.285,1237,32
232.415,load,86,37.285,1237,32
232.466,load,86,37.285,1237,32
232.516,load,86,37.285,1237,32
232.567,load,86,37.285,1237,32
232.617,load,87,37.635,1237,32
232.668,load,87,37.635,1237,32
232.718,load,87,37.635,1237,32
232.769,load,87,37.635,1237,32
232.819,load,87,37.635,1237,32
232.87,load,87,37.635,1237,32
232.92,load,87,37.635,1237,32
232.971,load,87,37.635,1237,32
233.021,load,87,37.635,1237,32
233.072,load,87,37.635,1237,32
233.123,load,86,36.695,1237,32
233.173,load,86,36.695,1237,32
233.224,load,86,36.695,1237,32
233.274,load,86,36.695,1237,32
233.326,load,86,36.695,1237,32
233.376,load,86,36.695,1237,32
233.427,load,86,36.695,1237,32
233.477,load,86,36.695,1237,32
233.528,load,86,36.695,1237,32
233.578,load,86,36.695,1237,32
233.629,load,87,36.523,1237,32
233.679,load,87,36.523,1237,32
233.73,load,87,36.523,1237,32
233.78,load,87,36.523,1237,32
233.831,load,87,36.523,1237,32
233.881,load,87,36.523,1237,32
233.932,load,87,36.523,1237,32
233.982,load,87,36.523,1237,32
234.032,load,87,36.523,1237,32
234.083,load,87,36.523,1237,32
234.133,load,87,37.676,1305,32
234.183,load,87,37.676,1305,32
234.233,load,87,37.676,1305,32
234.284,load,87,37.676,1305,32
234.334,load,87,37.676,1305,32
234.385,load,87,37.676,1305,32
234.435,load,87,37.676,1305,32
234.486,load,87,37.676,1305,32
234.536,load,87,37.676,1305,32
234.587,load,87,38.171,1237,32
234.637,load,87,38.171,1237,32
234.688,load,87,38.171,1237,32
234.738,load,87,38.171,1237,32
234.789,load,87,38.171,1237,32
234.839,load,87,38.171,1237,32
234.89,load,87,38.171,1237,32
234.94,load,87,38.171,1237,32
234.991,load,87,38.171,1237,32
235.041,load,87,38.171,1237,32
235.092,load,87,37.471,1237,32
235.142,load,87,37.471,1237,32
235.193,load,87,37.471,1237,32
235.244,load,87,37.471,1237,32
235.294,load,87,37.471,1237,32
235.345,load,87,37.471,1237,32
235.395,load,87,37.471,1237,32
235.445,load,87,37.471,1237,32
235.496,load,87,37.471,1237,32
235.546,load,87,37.471,1237,32
235.597,load,87,37.544,1237,32
235.647,load,87,37.544,1237,32
235.697,load,87,37.544,1237,32
235.748,load,87,37.544,1237,32
235.798,load,87,37.544,1237,32
235.849,load,87,37.544,1237,32
235.899,load,87,37.544,1237,32
235.95,load,87,37.544,1237,32
236.0,load,87,37.544,1237,32
236.051,load,87,37.544,1237,32
236.101,load,87,38.082,1237,32
236.151,load,87,38.082,1237,32
236.202,load,87,38.082,1237,32
236.252,load,87,38.082,1237,32
236.303,load,87,38.082,1237,32
236.353,load,87,38.082,1237,32
236.403,load,87,38.082,1237,32
236.454,load,87,38.082,1237,32
236.504,load,87,38.082,1237,32
236.554,load,87,38.082,1237,32
236.604,load,87,38.414,1237,32
236.655,load,87,38.414,1237,32
236.706,load,87,38.414,1237,32
236.756,load,87,38.414,1237,32
236.806,load,87,38.414,1237,32
236.856,load,87,38.414,1237,32
236.907,load,87,38.414,1237,32
236.957,load,87,38.414,1237,32
237.007,load,87,38.414,1237,32
237.058,load,87,38.414,1237,32
237.108,load,87,37.534,1237,32
237.159,load,87,37.534,1237,32
237.209,load,87,37.534,1237,32
237.26,load,87,37.534,1237,32
237.31,load,87,37.534,1237,32
237.36,load,87,37.534,1237,32
237.41,load,87,37.534,1237,32
237.461,load,87,37.534,1237,32
237.511,load,87,37.534,1237,32
237.562,load,87,37.534,1237,32
237.612,load,87,36.495,1770,32
237.663,load,87,36.495,1770,32
237.713,load,87,36.495,1770,32
237.764,load,87,36.495,1770,32
237.814,load,87,36.495,1770,32
237.865,load,87,36.495,1770,32
237.915,load,87,36.495,1770,32
237.966,load,87,36.495,1770,32
238.016,load,87,36.495,1770,32
238.066,load,87,36.495,1770,32
238.117,load,87,38.092,1237,32
238.167,load,87,38.092,1237,32
238.218,load,87,38.092,1237,32
238.268,load,87,38.092,1237,32
238.319,load,87,38.092,1237,32
238.369,load,87,38.092,1237,32
238.419,load,87,38.092,1237,32
238.47,load,87,38.092,1237,32
238.52,load,87,38.092,1237,32
238.57,load,87,38.092,1237,32
238.621,load,86,36.087,1342,32
238.671,load,86,36.087,1342,32
238.722,load,86,36.087,1342,32
238.772,load,86,36.087,1342,32
238.822,load,86,36.087,1342,32
238.873,load,86,36.087,1342,32
238.923,load,86,36.087,1342,32
238.974,load,86,36.087,1342,32
239.024,load,86,36.087,1342,32
239.075,load,86,36.087,1342,32
239.126,load,87,37.893,1237,32
239.176,load,87,37.893,1237,32
239.227,load,87,37.893,1237,32
239.277,load,87,37.893,1237,32
239.327,load,87,37.893,1237,32
239.378,load,87,37.893,1237,32
239.428,load,87,37.893,1237,32
239.479,load,87,37.893,1237,32
239.529,load,87,37.893,1237,32
239.579,load,87,37.893,1237,32
239.629,load,87,37.205,1237,32
239.68,load,87,37.205,1237,32
239.73,load,87,37.205,1237,32
239.78,load,87,37.205,1237,32
239.831,load,87,37.205,1237,32
239.881,load,87,37.205,1237,32
239.932,load,87,37.205,1237,32
239.982,load,87,37.205,1237,32
240.033,load,87,37.205,1237,32
240.083,load,87,37.205,1237,32
240.134,load,87,37.65,1237,32
240.185,load,87,37.65,1237,32
240.235,load,87,37.65,1237,32
240.286,load,87,37.65,1237,32
240.336,load,87,37.65,1237,32
240.386,load,87,37.65,1237,32
240.437,load,87,37.65,1237,32
240.487,load,87,37.65,1237,32
240.538,load,87,37.65,1237,32
240.588,load,87,37.839,1237,32
240.638,load,87,37.839,1237,32
240.689,load,87,37.839,1237,32
240.739,load,87,37.839,1237,32
240.79,load,87,37.839,1237,32
240.84,load,87,37.839,1237,32
240.891,load,87,37.839,1237,32
240.941,load,87,37.839,1237,32
240.992,load,87,37.839,1237,32
241.042,load,87,37.839,1237,32
241.093,load,87,37.578,1237,32
241.143,load,87,37.578,1237,32
241.194,load,87,37.578,1237,32
241.244,load,87,37.578,1237,32
241.294,load,87,37.578,1237,32
241.345,load,87,37.578,1237,32
241.395,load,87,37.578,1237,32
241.446,load,87,37.578,1237,32
241.496,load,87,37.578,1237,32
241.547,load,87,37.578,1237,32
241.597,load,87,37.534,1237,32
241.647,load,87,37.534,1237,32
241.698,load,87,37.534,1237,32
241.748,load,87,37.534,1237,32
241.799,load,87,37.534,1237,32
241.849,load,87,37.534,1237,32
241.9,load,87,37.534,1237,32
241.95,load,87,37.534,1237,32
242.0,load,87,37.534,1237,32
242.051,load,87,37.534,1237,32
242.101,load,88,37.799,1237,32
242.152,load,88,37.799,1237,32
242.202,load,88,37.799,1237,32
242.253,load,88,37.799,1237,32
242.303,load,88,37.799,1237,32
242.354,load,88,37.799,1237,32
242.404,load,88,37.799,1237,32
242.455,load,88,37.799,1237,32
242.505,load,88,37.799,1237,32
242.555,load,88,37.799,1237,32
242.605,load,87,38.108,1237,32
242.656,load,87,38.108,1237,32
242.706,load,87,38.108,1237,32
242.756,load,87,38.108,1237,32
242.807,load,87,38.108,1237,32
242.857,load,87,38.108,1237,32
242.908,load,87,38.108,1237,32
242.958,load,87,38.108,1237,32
243.009,load,87,38.108,1237,32
243.059,load,87,38.108,1237,32
243.109,load,87,37.758,1252,32
243.16,load,87,37.758,1252,32
243.211,load,87,37.758,1252,32
243.261,load,87,37.758,1252,32
243.311,load,87,37.758,1252,32
243.362,load,87,37.758,1252,32
243.412,load,87,37.758,1252,32
243.463,load,87,37.758,1252,32
243.513,load,87,37.758,1252,32
243.564,load,87,37.758,1252,32
243.614,load,87,37.944,1237,32
243.664,load,87,37.944,1237,32
243.715,load,87,37.944,1237,32
243.765,load,87,37.944,1237,32
243.816,load,87,37.944,1237,32
243.866,load,87,37.944,1237,32
243.916,load,87,37.944,1237,32
243.967,load,87,37.944,1237,32
244.017,load,87,37.944,1237,32
244.068,load,87,37.944,1237,32
244.119,load,86,36.436,1432,32
244.169,load,86,36.436,1432,32
244.22,load,86,36.436,1432,32
244.27,load,86,36.436,1432,32
244.32,load,86,36.436,1432,32
244.371,load,86,36.436,1432,32
244.421,load,86,36.436,1432,32
244.472,load,86,36.436,1432,32
244.522,load,86,36.436,1432,32
244.573,load,86,36.436,1432,32
244.623,load,87,37.506,1237,32
244.674,load,87,37.506,1237,32
244.724,load,87,37.506,1237,32
244.774,load,87,37.506,1237,32
244.825,load,87,37.506,1237,32
244.875,load,87,37.506,1237,32
244.925,load,87,37.506,1237,32
244.976,load,87,37.506,1237,32
245.026,load,87,37.506,1237,32
245.077,load,87,37.506,1237,32
245.127,load,86,36.049,1237,32
245.177,load,86,36.049,1237,32
245.228,load,86,36.049,1237,32
245.278,load,86,36.049,1237,32
245.328,load,86,36.049,1237,32
245.379,load,86,36.049,1237,32
245.429,load,86,36.049,1237,32
245.48,load,86,36.049,1237,32
245.53,load,86,36.049,1237,32
245.581,load,86,36.049,1237,32
245.631,load,87,38.103,1237,32
245.681,load,87,38.103,1237,32
245.732,load,87,38.103,1237,32
245.782,load,87,38.103,1237,32
245.832,load,87,38.103,1237,32
245.883,load,87,38.103,1237,32
245.933,load,87,38.103,1237,32
245.984,load,87,38.103,1237,32
246.034,load,87,38.103,1237,32
246.085,load,87,37.312,1237,32
246.135,load,87,37.312,1237,32
246.186,load,87,37.312,1237,32
246.236,load,87,37.312,1237,32
246.287,load,87,37.312,1237,32
246.337,load,87,37.312,1237,32
246.387,load,87,37.312,1237,32
246.438,load,87,37.312,1237,32
246.488,load,87,37.312,1237,32
246.539,load,87,37.312,1237,32
246.589,load,87,37.29,1237,32
246.639,load,87,37.29,1237,32
246.69,load,87,37.29,1237,32
246.74,load,87,37.29,1237,32
246.791,load,87,37.29,1237,32
246.841,load,87,37.29,1237,32
246.891,load,87,37.29,1237,32
246.942,load,87,37.29,1237,32
246.992,load,87,37.29,1237,32
247.043,load,87,37.29,1237,32
247.093,load,87,37.837,1237,32
247.144,load,87,37.837,1237,32
247.194,load,87,37.837,1237,32
247.245,load,87,37.837,1237,32
247.295,load,87,37.837,1237,32
247.345,load,87,37.837,1237,32
247.396,load,87,37.837,1237,32
247.446,load,87,37.837,1237,32
247.496,load,87,37.837,1237,32
247.547,load,87,37.837,1237,32
247.597,load,88,37.899,1237,32
247.648,load,88,37.899,1237,32
247.698,load,88,37.899,1237,32
247.749,load,88,37.899,1237,32
247.799,load,88,37.899,1237,32
247.85,load,88,37.899,1237,32
247.9,load,88,37.899,1237,32
247.951,load,88,37.899,1237,32
248.002,load,88,37.899,1237,32
248.052,load,88,37.899,1237,32
248.102,load,87,37.888,1237,32
248.153,load,87,37.888,1237,32
248.203,load,87,37.888,1237,32
248.253,load,87,37.888,1237,32
248.304,load,87,37.888,1237,32
248.355,load,87,37.888,1237,32
248.405,load,87,37.888,1237,32
248.455,load,87,37.888,1237,32
248.505,load,87,37.888,1237,32
248.556,load,87,37.888,1237,32
248.607,load,88,37.955,1267,32
248.657,load,88,37.955,1267,32
248.708,load,88,37.955,1267,32
248.758,load,88,37.955,1267,32
248.809,load,88,37.955,1267,32
248.859,load,88,37.955,1267,32
248.909,load,88,37.955,1267,32
248.96,load,88,37.955,1267,32
249.01,load,88,37.955,1267,32
249.06,load,88,37.955,1267,32
249.111,load,87,38.199,1237,32
249.161,load,87,38.199,1237,32
249.211,load,87,38.199,1237,32
249.262,load,87,38.199,1237,32
249.312,load,87,38.199,1237,32
249.363,load,87,38.199,1237,32
249.414,load,87,38.199,1237,32
249.464,load,87,38.199,1237,32
249.515,load,87,38.199,1237,32
249.566,load,87,38.199,1237,32
249.616,load,86,36.513,1792,32
249.667,load,86,36.513,1792,32
249.717,load,86,36.513,1792,32
249.768,load,86,36.513,1792,32
249.818,load,86,36.513,1792,32
249.868,load,86,36.513,1792,32
249.919,load,86,36.513,1792,32
249.969,load,86,36.513,1792,32
250.019,load,86,36.513,1792,32
250.069,load,86,36.513,1792,32
250.12,load,87,38.04,1237,32
250.17,load,87,38.04,1237,32
250.221,load,87,38.04,1237,32
250.271,load,87,38.04,1237,32
250.321,load,87,38.04,1237,32
250.372,load,87,38.04,1237,32
250.422,load,87,38.04,1237,32
250.473,load,87,38.04,1237,32
250.524,load,87,38.04,1237,32
250.574,load,87,38.04,1237,32
250.624,load,86,35.276,1237,1
250.675,load,86,35.276,1237,1
250.725,load,86,35.276,1237,1
250.775,load,86,35.276,1237,1
250.826,load,86,35.276,1237,1
250.876,load,86,35.276,1237,1
250.926,load,86,35.276,1237,1
250.976,load,86,35.276,1237,1
251.027,load,86,35.276,1237,1
251.077,load,86,35.276,1237,1
251.128,load,87,36.758,1237,32
251.178,load,87,36.758,1237,32
251.228,load,87,36.758,1237,32
251.278,load,87,36.758,1237,32
251.329,load,87,36.758,1237,32
251.379,load,87,36.758,1237,32
251.43,load,87,36.758,1237,32
251.48,load,87,36.758,1237,32
251.53,load,87,36.758,1237,32
251.58,load,87,36.758,1237,32
251.631,load,87,36.527,1237,32
251.681,load,87,36.527,1237,32
251.731,load,87,36.527,1237,32
251.782,load,87,36.527,1237,32
251.832,load,87,36.527,1237,32
251.883,load,87,36.527,1237,32
251.933,load,87,36.527,1237,32
251.984,load,87,36.527,1237,32
252.034,load,87,36.527,1237,32
252.085,load,87,36.527,1237,32
252.135,load,88,37.687,1237,32
252.186,load,88,37.687,1237,32
252.236,load,88,37.687,1237,32
252.286,load,88,37.687,1237,32
252.337,load,88,37.687,1237,32
252.387,load,88,37.687,1237,32
252.437,load,88,37.687,1237,32
252.488,load,88,37.687,1237,32
252.538,load,88,37.687,1237,32
252.588,load,87,38.039,1237,32
252.639,load,87,38.039,1237,32
252.689,load,87,38.039,1237,32
252.74,load,87,38.039,1237,32
252.79,load,87,38.039,1237,32
252.841,load,87,38.039,1237,32
252.891,load,87,38.039,1237,32
252.941,load,87,38.039,1237,32
252.992,load,87,38.039,1237,32
253.042,load,87,38.039,1237,32
253.093,load,87,38.094,1237,32
253.143,load,87,38.094,1237,32
253.194,load,87,38.094,1237,32
253.244,load,87,38.094,1237,32
253.294,load,87,38.094,1237,32
253.344,load,87,38.094,1237,32
253.395,load,87,38.094,1237,32
253.445,load,87,38.094,1237,32
253.496,load,87,38.094,1237,32
253.546,load,87,38.094,1237,32
253.596,load,87,37.672,1237,32
253.647,load,87,37.672,1237,32
253.697,load,87,37.672,1237,32
253.747,load,87,37.672,1237,32
253.798,load,87,37.672,1237,32
253.848,load,87,37.672,1237,32
253.898,load,87,37.672,1237,32
253.949,load,87,37.672,1237,32
253.999,load,87,37.672,1237,32
254.049,load,87,37.672,1237,32
254.1,load,88,37.794,1237,32
254.15,load,88,37.794,1237,32
254.201,load,88,37.794,1237,32
254.251,load,88,37.794,1237,32
254.301,load,88,37.794,1237,32
254.352,load,88,37.794,1237,32
254.402,load,88,37.794,1237,32
254.453,load,88,37.794,1237,32
254.503,load,88,37.794,1237,32
254.553,load,88,37.794,1237,32
254.604,load,87,38.174,1237,32
254.654,load,87,38.174,1237,32
254.705,load,87,38.174,1237,32
254.755,load,87,38.174,1237,32
254.806,load,87,38.174,1237,32
254.856,load,87,38.174,1237,32
254.907,load,87,38.174,1237,32
254.957,load,87,38.174,1237,32
255.007,load,87,38.174,1237,32
255.058,load,87,38.174,1237,32
255.109,load,88,37.649,1687,32
255.159,load,88,37.649,1687,32
255.209,load,88,37.649,1687,32
255.26,load,88,37.649,1687,32
255.311,load,88,37.649,1687,32
255.361,load,88,37.649,1687,32
255.411,load,88,37.649,1687,32
255.462,load,88,37.649,1687,32
255.512,load,88,37.649,1687,32
255.562,load,88,37.649,1687,32
255.612,load,87,37.891,1237,32
255.663,load,87,37.891,1237,32
255.713,load,87,37.891,1237,32
255.764,load,87,37.891,1237,32
255.814,load,87,37.891,1237,32
255.865,load,87,37.891,1237,32
255.915,load,87,37.891,1237,32
255.965,load,87,37.891,1237,32
256.016,load,87,37.891,1237,32
256.066,load,87,37.891,1237,32
256.117,load,86,36.322,1500,32
256.167,load,86,36.322,1500,32
256.218,load,86,36.322,1500,32
256.268,load,86,36.322,1500,32
256.318,load,86,36.322,1500,32
256.369,load,86,36.322,1500,32
256.419,load,86,36.322,1500,32
256.47,load,86,36.322,1500,32
256.52,load,86,36.322,1500,32
256.57,load,86,36.322,1500,32
256.621,load,87,37.462,1237,32
256.672,load,87,37.462,1237,32
256.722,load,87,37.462,1237,32
256.772,load,87,37.462,1237,32
256.823,load,87,37.462,1237,32
256.873,load,87,37.462,1237,32
256.923,load,87,37.462,1237,32
256.973,load,87,37.462,1237,32
257.024,load,87,37.462,1237,32
257.075,load,87,37.462,1237,32
257.125,load,86,35.814,1237,32
257.175,load,86,35.814,1237,32
257.225,load,86,35.814,1237,32
257.276,load,86,35.814,1237,32
257.326,load,86,35.814,1237,32
257.376,load,86,35.814,1237,32
257.427,load,86,35.814,1237,32
257.477,load,86,35.814,1237,32
257.528,load,86,35.814,1237,32
257.578,load,86,35.814,1237,32
257.629,load,88,37.899,1237,32
257.679,load,88,37.899,1237,32
257.73,load,88,37.899,1237,32
257.78,load,88,37.899,1237,32
257.831,load,88,37.899,1237,32
257.881,load,88,37.899,1237,32
257.931,load,88,37.899,1237,32
257.982,load,88,37.899,1237,32
258.032,load,88,37.899,1237,32
258.082,load,88,37.899,1237,32
258.133,load,87,37.668,1237,32
258.183,load,87,37.668,1237,32
258.234,load,87,37.668,1237,32
258.284,load,87,37.668,1237,32
258.334,load,87,37.668,1237,32
258.385,load,87,37.668,1237,32
258.436,load,87,37.668,1237,32
258.486,load,87,37.668,1237,32
258.536,load,87,37.668,1237,32
258.587,load,88,38.208,1237,32
258.637,load,88,38.208,1237,32
258.687,load,88,38.208,1237,32
258.738,load,88,38.208,1237,32
258.788,load,88,38.208,1237,32
258.838,load,88,38.208,1237,32
258.889,load,88,38.208,1237,32
258.939,load,88,38.208,1237,32
258.99,load,88,38.208,1237,32
259.04,load,88,38.208,1237,32
259.091,load,87,37.66,1237,32
259.141,load,87,37.66,1237,32
259.192,load,87,37.66,1237,32
259.242,load,87,37.66,1237,32
259.292,load,87,37.66,1237,32
259.343,load,87,37.66,1237,32
259.393,load,87,37.66,1237,32
259.444,load,87,37.66,1237,32
259.495,load,87,37.66,1237,32
259.545,load,87,37.66,1237,32
259.595,load,88,37.414,1237,32
259.646,load,88,37.414,1237,32
259.696,load,88,37.414,1237,32
259.747,load,88,37.414,1237,32
259.797,load,88,37.414,1237,32
259.848,load,88,37.414,1237,32
259.898,load,88,37.414,1237,32
259.949,load,88,37.414,1237,32
260.0,load,88,37.414,1237,32
260.05,load,88,37.414,1237,32
260.1,load,87,35.789,1237,32
260.151,load,87,35.789,1237,32
260.201,load,87,35.789,1237,32
260.252,load,87,35.789,1237,32
260.302,load,87,35.789,1237,32
260.353,load,87,35.789,1237,32
260.403,load,87,35.789,1237,32
260.453,load,87,35.789,1237,32
260.504,load,87,35.789,1237,32
260.554,load,87,35.789,1237,32
260.605,load,88,35.871,1237,32
260.655,load,88,35.871,1237,32
260.706,load,88,35.871,1237,32
260.756,load,88,35.871,1237,32
260.807,load,88,35.871,1237,32
260.857,load,88,35.871,1237,32
260.908,load,88,35.871,1237,32
260.958,load,88,35.871,1237,32
261.009,load,88,35.871,1237,32
261.059,load,88,35.871,1237,32
261.11,load,87,37.465,1237,32
261.16,load,87,37.465,1237,32
261.21,load,87,37.465,1237,32
261.261,load,87,37.465,1237,32
261.311,load,87,37.465,1237,32
261.362,load,87,37.465,1237,32
261.412,load,87,37.465,1237,32
261.463,load,87,37.465,1237,32
261.513,load,87,37.465,1237,32
261.564,load,87,37.465,1237,32
261.614,load,87,37.203,1237,32
261.664,load,87,37.203,1237,32
261.715,load,87,37.203,1237,32
261.765,load,87,37.203,1237,32
261.816,load,87,37.203,1237,32
261.866,load,87,37.203,1237,32
261.917,load,87,37.203,1237,32
261.967,load,87,37.203,1237,32
262.017,load,87,37.203,1237,32
262.068,load,87,37.203,1237,32
262.118,load,87,35.761,1237,32
262.169,load,87,35.761,1237,32
262.219,load,87,35.761,1237,32
262.27,load,87,35.761,1237,32
262.32,load,87,35.761,1237,32
262.371,load,87,35.761,1237,32
262.421,load,87,35.761,1237,32
262.472,load,87,35.761,1237,32
262.522,load,87,35.761,1237,32
262.572,load,87,35.761,1237,32
262.623,load,87,36.224,1237,32
262.673,load,87,36.224,1237,32
262.724,load,87,36.224,1237,32
262.774,load,87,36.224,1237,32
262.824,load,87,36.224,1237,32
262.875,load,87,36.224,1237,32
262.925,load,87,36.224,1237,32
262.976,load,87,36.224,1237,32
263.026,load,87,36.224,1237,32
263.076,load,87,36.224,1237,32
263.127,load,87,37.167,1237,32
263.178,load,87,37.167,1237,32
263.229,load,87,37.167,1237,32
263.279,load,87,37.167,1237,32
263.333,load,87,37.167,1237,32
263.391,load,87,37.167,1237,32
263.442,load,87,37.167,1237,32
263.499,load,87,37.167,1237,32
263.55,load,87,37.167,1237,32
263.6,load,87,35.475,1237,32
263.651,load,87,35.475,1237,32
263.701,load,87,35.475,1237,32
263.752,load,87,35.475,1237,32
263.802,load,87,35.475,1237,32
263.853,load,87,35.475,1237,32
263.903,load,87,35.475,1237,32
263.953,load,87,35.475,1237,32
264.004,load,87,35.475,1237,32
264.054,load,87,35.475,1237,32
264.105,load,86,33.766,1237,32
264.155,load,86,33.766,1237,32
264.205,load,86,33.766,1237,32
264.256,load,86,33.766,1237,32
264.306,load,86,33.766,1237,32
264.357,load,86,33.766,1237,32
264.407,load,86,33.766,1237,32
264.458,load,86,33.766,1237,32
264.508,load,86,33.766,1237,32
264.559,load,86,33.766,1237,32
264.609,load,87,35.08,1237,32
264.66,load,87,35.08,1237,32
264.71,load,87,35.08,1237,32
264.761,load,87,35.08,1237,32
264.812,load,87,35.08,1237,32
264.862,load,87,35.08,1237,32
264.912,load,87,35.08,1237,32
264.963,load,87,35.08,1237,32
265.013,load,87,35.08,1237,32
265.064,load,87,35.08,1237,32
265.114,load,87,36.586,1237,32
265.164,load,87,36.586,1237,32
265.215,load,87,36.586,1237,32
265.265,load,87,36.586,1237,32
265.316,load,87,36.586,1237,32
265.366,load,87,36.586,1237,32
265.416,load,87,36.586,1237,32
265.467,load,87,36.586,1237,32
265.517,load,87,36.586,1237,32
265.568,load,87,36.586,1237,32
265.618,load,87,37.006,1237,32
265.668,load,87,37.006,1237,32
265.719,load,87,37.006,1237,32
265.769,load,87,37.006,1237,32
265.819,load,87,37.006,1237,32
265.87,load,87,37.006,1237,32
265.92,load,87,37.006,1237,32
265.971,load,87,37.006,1237,32
266.021,load,87,37.006,1237,32
266.071,load,87,37.006,1237,32
266.122,load,87,37.585,1237,32
266.172,load,87,37.585,1237,32
266.222,load,87,37.585,1237,32
266.273,load,87,37.585,1237,32
266.323,load,87,37.585,1237,32
266.373,load,87,37.585,1237,32
266.424,load,87,37.585,1237,32
266.474,load,87,37.585,1237,32
266.525,load,87,37.585,1237,32
266.575,load,87,37.585,1237,32
266.626,load,88,37.713,1237,32
266.676,load,88,37.713,1237,32
266.727,load,88,37.713,1237,32
266.777,load,88,37.713,1237,32
266.827,load,88,37.713,1237,32
266.878,load,88,37.713,1237,32
266.928,load,88,37.713,1237,32
266.979,load,88,37.713,1237,32
267.029,load,88,37.713,1237,32
267.08,load,88,37.713,1237,32
267.13,load,87,37.405,1237,32
267.181,load,87,37.405,1237,32
267.231,load,87,37.405,1237,32
267.281,load,87,37.405,1237,32
267.332,load,87,37.405,1237,32
267.382,load,87,37.405,1237,32
267.432,load,87,37.405,1237,32
267.483,load,87,37.405,1237,32
267.533,load,87,37.405,1237,32
267.583,load,87,37.405,1237,32
267.634,load,88,37.448,1237,32
267.684,load,88,37.448,1237,32
267.735,load,88,37.448,1237,32
267.785,load,88,37.448,1237,32
267.836,load,88,37.448,1237,32
267.886,load,88,37.448,1237,32
267.937,load,88,37.448,1237,32
267.987,load,88,37.448,1237,32
268.037,load,88,37.448,1237,32
268.087,load,87,37.017,1237,32
268.138,load,87,37.017,1237,32
268.188,load,87,37.017,1237,32
268.239,load,87,37.017,1237,32
268.289,load,87,37.017,1237,32
268.34,load,87,37.017,1237,32
268.39,load,87,37.017,1237,32
268.441,load,87,37.017,1237,32
268.491,load,87,37.017,1237,32
268.542,load,87,37.017,1237,32
268.592,load,88,36.936,1237,32
268.642,load,88,36.936,1237,32
268.693,load,88,36.936,1237,32
268.743,load,88,36.936,1237,32
268.794,load,88,36.936,1237,32
268.844,load,88,36.936,1237,32
268.894,load,88,36.936,1237,32
268.945,load,88,36.936,1237,32
268.996,load,88,36.936,1237,32
269.046,load,88,36.936,1237,32
269.096,load,88,37.603,1237,32
269.147,load,88,37.603,1237,32
269.197,load,88,37.603,1237,32
269.247,load,88,37.603,1237,32
269.298,load,88,37.603,1237,32
269.348,load,88,37.603,1237,32
269.399,load,88,37.603,1237,32
269.45,load,88,37.603,1237,32
269.5,load,88,37.603,1237,32
269.55,load,88,37.603,1237,32
269.601,load,88,37.554,1612,32
269.651,load,88,37.554,1612,32
269.701,load,88,37.554,1612,32
269.752,load,88,37.554,1612,32
269.802,load,88,37.554,1612,32
269.853,load,88,37.554,1612,32
269.903,load,88,37.554,1612,32
269.954,load,88,37.554,1612,32
270.004,load,88,37.554,1612,32
270.054,load,88,37.554,1612,32
270.105,load,88,38.053,1237,32
270.155,load,88,38.053,1237,32
270.205,load,88,38.053,1237,32
270.256,load,88,38.053,1237,32
270.306,load,88,38.053,1237,32
270.357,load,88,38.053,1237,32
270.407,load,88,38.053,1237,32
270.457,load,88,38.053,1237,32
270.507,load,88,38.053,1237,32
270.557,load,88,38.053,1237,32
270.608,load,87,36.405,1755,32
270.658,load,87,36.405,1755,32
270.709,load,87,36.405,1755,32
270.759,load,87,36.405,1755,32
270.809,load,87,36.405,1755,32
270.86,load,87,36.405,1755,32
270.91,load,87,36.405,1755,32
270.96,load,87,36.405,1755,32
271.011,load,87,36.405,1755,32
271.061,load,87,36.405,1755,32
271.112,load,88,37.523,1237,32
271.162,load,88,37.523,1237,32
271.212,load,88,37.523,1237,32
271.263,load,88,37.523,1237,32
271.314,load,88,37.523,1237,32
271.364,load,88,37.523,1237,32
271.415,load,88,37.523,1237,32
271.465,load,88,37.523,1237,32
271.516,load,88,37.523,1237,32
271.566,load,88,37.523,1237,32
271.617,load,86,35.395,1770,32
271.667,load,86,35.395,1770,32
271.718,load,86,35.395,1770,32
271.768,load,86,35.395,1770,32
271.819,load,86,35.395,1770,32
271.869,load,86,35.395,1770,32
271.919,load,86,35.395,1770,32
271.97,load,86,35.395,1770,32
272.02,load,86,35.395,1770,32
272.071,load,86,35.395,1770,32
272.121,load,88,37.199,1237,32
272.172,load,88,37.199,1237,32
272.222,load,88,37.199,1237,32
272.273,load,88,37.199,1237,32
272.323,load,88,37.199,1237,32
272.374,load,88,37.199,1237,32
272.424,load,88,37.199,1237,32
272.474,load,88,37.199,1237,32
272.525,load,88,37.199,1237,32
272.575,load,88,37.199,1237,32
272.625,load,86,35.598,1237,32
272.676,load,86,35.598,1237,32
272.726,load,86,35.598,1237,32
272.777,load,86,35.598,1237,32
272.827,load,86,35.598,1237,32
272.878,load,86,35.598,1237,32
272.928,load,86,35.598,1237,32
272.978,load,86,35.598,1237,32
273.029,load,86,35.598,1237,32
273.079,load,86,35.598,1237,32
273.13,load,88,37.392,1237,32
273.18,load,88,37.392,1237,32
273.231,load,88,37.392,1237,32
273.281,load,88,37.392,1237,32
273.332,load,88,37.392,1237,32
273.382,load,88,37.392,1237,32
273.432,load,88,37.392,1237,32
273.483,load,88,37.392,1237,32
273.533,load,88,37.392,1237,32
273.584,load,88,37.392,1237,32
273.634,load,87,36.932,1237,32
273.684,load,87,36.932,1237,32
273.735,load,87,36.932,1237,32
273.785,load,87,36.932,1237,32
273.835,load,87,36.932,1237,32
273.885,load,87,36.932,1237,32
273.936,load,87,36.932,1237,32
273.986,load,87,36.932,1237,32
274.037,load,87,36.932,1237,32
274.087,load,87,36.932,1237,32
274.138,load,88,38.212,1237,32
274.188,load,88,38.212,1237,32
274.238,load,88,38.212,1237,32
274.289,load,88,38.212,1237,32
274.339,load,88,38.212,1237,32
274.39,load,88,38.212,1237,32
274.44,load,88,38.212,1237,32
274.491,load,88,38.212,1237,32
274.541,load,88,38.212,1237,32
274.592,load,87,38.111,1237,32
274.642,load,87,38.111,1237,32
274.693,load,87,38.111,1237,32
274.744,load,87,38.111,1237,32
274.794,load,87,38.111,1237,32
274.844,load,87,38.111,1237,32
274.895,load,87,38.111,1237,32
274.945,load,87,38.111,1237,32
274.996,load,87,38.111,1237,32
275.046,load,87,38.111,1237,32
275.097,load,88,37.669,1237,32
275.147,load,88,37.669,1237,32
275.197,load,88,37.669,1237,32
275.247,load,88,37.669,1237,32
275.298,load,88,37.669,1237,32
275.348,load,88,37.669,1237,32
275.399,load,88,37.669,1237,32
275.449,load,88,37.669,1237,32
275.499,load,88,37.669,1237,32
275.55,load,88,37.669,1237,32
275.6,load,87,37.711,1237,32
275.65,load,87,37.711,1237,32
275.7,load,87,37.711,1237,32
275.751,load,87,37.711,1237,32
275.801,load,87,37.711,1237,32
275.852,load,87,37.711,1237,32
275.902,load,87,37.711,1237,32
275.952,load,87,37.711,1237,32
276.003,load,87,37.711,1237,32
276.053,load,87,37.711,1237,32
276.103,load,87,37.963,1305,32
276.154,load,87,37.963,1305,32
276.204,load,87,37.963,1305,32
276.255,load,87,37.963,1305,32
276.305,load,87,37.963,1305,32
276.356,load,87,37.963,1305,32
276.406,load,87,37.963,1305,32
276.457,load,87,37.963,1305,32
276.507,load,87,37.963,1305,32
276.558,load,87,37.963,1305,32
276.608,load,88,37.283,1237,32
276.658,load,88,37.283,1237,32
276.709,load,88,37.283,1237,32
276.759,load,88,37.283,1237,32
276.809,load,88,37.283,1237,32
276.86,load,88,37.283,1237,32
276.91,load,88,37.283,1237,32
276.961,load,88,37.283,1237,32
277.011,load,88,37.283,1237,32
277.062,load,88,37.283,1237,32
277.112,load,86,35.876,1657,32
277.163,load,86,35.876,1657,32
277.213,load,86,35.876,1657,32
277.263,load,86,35.876,1657,32
277.314,load,86,35.876,1657,32
277.365,load,86,35.876,1657,32
277.415,load,86,35.876,1657,32
277.465,load,86,35.876,1657,32
277.516,load,86,35.876,1657,32
277.567,load,86,35.876,1657,32
277.617,load,88,37.809,1237,32
277.667,load,88,37.809,1237,32
277.718,load,88,37.809,1237,32
277.768,load,88,37.809,1237,32
277.819,load,88,37.809,1237,32
277.869,load,88,37.809,1237,32
277.92,load,88,37.809,1237,32
277.97,load,88,37.809,1237,32
278.02,load,88,37.809,1237,32
278.07,load,88,37.809,1237,32
278.121,load,86,34.744,1237,32
278.171,load,86,34.744,1237,32
278.221,load,86,34.744,1237,32
278.272,load,86,34.744,1237,32
278.322,load,86,34.744,1237,32
278.372,load,86,34.744,1237,32
278.423,load,86,34.744,1237,32
278.474,load,86,34.744,1237,32
278.524,load,86,34.744,1237,32
278.574,load,86,34.744,1237,32
278.625,load,88,36.439,1237,32
278.675,load,88,36.439,1237,32
278.726,load,88,36.439,1237,32
278.776,load,88,36.439,1237,32
278.826,load,88,36.439,1237,32
278.877,load,88,36.439,1237,32
278.927,load,88,36.439,1237,32
278.977,load,88,36.439,1237,32
279.028,load,88,36.439,1237,32
279.078,load,88,36.439,1237,32
279.129,load,87,35.867,1237,32
279.179,load,87,35.867,1237,32
279.229,load,87,35.867,1237,32
279.28,load,87,35.867,1237,32
279.331,load,87,35.867,1237,32
279.381,load,87,35.867,1237,32
279.432,load,87,35.867,1237,32
279.482,load,87,35.867,1237,32
279.532,load,87,35.867,1237,32
279.582,load,87,35.867,1237,32
279.633,load,88,38.176,1237,32
279.684,load,88,38.176,1237,32
279.734,load,88,38.176,1237,32
279.784,load,88,38.176,1237,32
279.835,load,88,38.176,1237,32
279.885,load,88,38.176,1237,32
279.936,load,88,38.176,1237,32
279.986,load,88,38.176,1237,32
280.037,load,88,38.176,1237,32
280.087,load,88,38.176,1237,32
280.138,load,88,37.961,1237,32
280.188,load,88,37.961,1237,32
280.239,load,88,37.961,1237,32
280.289,load,88,37.961,1237,32
280.339,load,88,37.961,1237,32
280.39,load,88,37.961,1237,32
280.44,load,88,37.961,1237,32
280.49,load,88,37.961,1237,32
280.54,load,88,37.961,1237,32
280.591,load,88,38.027,1237,32
280.642,load,88,38.027,1237,32
280.692,load,88,38.027,1237,32
280.743,load,88,38.027,1237,32
280.793,load,88,38.027,1237,32
280.844,load,88,38.027,1237,32
280.894,load,88,38.027,1237,32
280.944,load,88,38.027,1237,32
280.995,load,88,38.027,1237,32
281.045,load,88,38.027,1237,32
281.096,load,88,38.188,1237,32
281.146,load,88,38.188,1237,32
281.197,load,88,38.188,1237,32
281.247,load,88,38.188,1237,32
281.298,load,88,38.188,1237,32
281.348,load,88,38.188,1237,32
281.398,load,88,38.188,1237,32
281.449,load,88,38.188,1237,32
281.5,load,88,38.188,1237,32
281.55,load,88,38.188,1237,32
281.601,load,87,38.174,1237,32
281.651,load,87,38.174,1237,32
281.701,load,87,38.174,1237,32
281.752,load,87,38.174,1237,32
281.802,load,87,38.174,1237,32
281.852,load,87,38.174,1237,32
281.903,load,87,38.174,1237,32
281.953,load,87,38.174,1237,32
282.003,load,87,38.174,1237,32
282.054,load,87,38.174,1237,32
282.104,load,87,37.102,1237,32
282.155,load,87,37.102,1237,32
282.205,load,87,37.102,1237,32
282.255,load,87,37.102,1237,32
282.306,load,87,37.102,1237,32
282.356,load,87,37.102,1237,32
282.406,load,87,37.102,1237,32
282.457,load,87,37.102,1237,32
282.507,load,87,37.102,1237,32
282.558,load,87,37.102,1237,32
282.608,load,86,36.384,1552,32
282.659,load,86,36.384,1552,32
282.709,load,86,36.384,1552,32
282.76,load,86,36.384,1552,32
282.81,load,86,36.384,1552,32
282.861,load,86,36.384,1552,32
282.911,load,86,36.384,1552,32
282.962,load,86,36.384,1552,32
283.012,load,86,36.384,1552,32
283.063,load,86,36.384,1552,32
283.113,load,88,37.186,1237,32
283.164,load,88,37.186,1237,32
283.214,load,88,37.186,1237,32
283.265,load,88,37.186,1237,32
283.315,load,88,37.186,1237,32
283.365,load,88,37.186,1237,32
283.416,load,88,37.186,1237,32
283.466,load,88,37.186,1237,32
283.517,load,88,37.186,1237,32
283.567,load,88,37.186,1237,32
283.618,load,86,36.424,1792,32
283.668,load,86,36.424,1792,32
283.719,load,86,36.424,1792,32
283.769,load,86,36.424,1792,32
283.82,load,86,36.424,1792,32
283.87,load,86,36.424,1792,32
283.92,load,86,36.424,1792,32
283.971,load,86,36.424,1792,32
284.021,load,86,36.424,1792,32
284.071,load,86,36.424,1792,32
284.122,load,88,38.677,1237,32
284.172,load,88,38.677,1237,32
284.223,load,88,38.677,1237,32
284.273,load,88,38.677,1237,32
284.323,load,88,38.677,1237,32
284.374,load,88,38.677,1237,32
284.424,load,88,38.677,1237,32
284.475,load,88,38.677,1237,32
284.525,load,88,38.677,1237,32
284.575,load,88,38.677,1237,32
284.626,load,87,36.053,1237,32
284.676,load,87,36.053,1237,32
284.727,load,87,36.053,1237,32
284.777,load,87,36.053,1237,32
284.828,load,87,36.053,1237,32
284.878,load,87,36.053,1237,32
284.928,load,87,36.053,1237,32
284.978,load,87,36.053,1237,32
285.029,load,87,36.053,1237,32
285.079,load,87,36.053,1237,32
285.13,load,88,36.831,1237,32
285.18,load,88,36.831,1237,32
285.23,load,88,36.831,1237,32
285.28,load,88,36.831,1237,32
285.331,load,88,36.831,1237,32
285.381,load,88,36.831,1237,32
285.432,load,88,36.831,1237,32
285.482,load,88,36.831,1237,32
285.533,load,88,36.831,1237,32
285.583,load,88,36.831,1237,32
285.634,load,88,36.161,1237,32
285.684,load,88,36.161,1237,32
285.735,load,88,36.161,1237,32
285.785,load,88,36.161,1237,32
285.836,load,88,36.161,1237,32
285.886,load,88,36.161,1237,32
285.936,load,88,36.161,1237,32
285.987,load,88,36.161,1237,32
286.037,load,88,36.161,1237,32
286.088,load,88,36.161,1237,32
286.138,load,88,37.803,1237,32
286.188,load,88,37.803,1237,32
286.239,load,88,37.803,1237,32
286.289,load,88,37.803,1237,32
286.339,load,88,37.803,1237,32
286.39,load,88,37.803,1237,32
286.44,load,88,37.803,1237,32
286.491,load,88,37.803,1237,32
286.541,load,88,37.803,1237,32
286.591,load,87,36.732,1237,32
286.642,load,87,36.732,1237,32
286.692,load,87,36.732,1237,32
286.743,load,87,36.732,1237,32
286.793,load,87,36.732,1237,32
286.843,load,87,36.732,1237,32
286.894,load,87,36.732,1237,32
286.944,load,87,36.732,1237,32
286.995,load,87,36.732,1237,32
287.045,load,87,36.732,1237,32
287.096,load,88,36.639,1237,32
287.146,load,88,36.639,1237,32
287.196,load,88,36.639,1237,32
287.247,load,88,36.639,1237,32
287.298,load,88,36.639,1237,32
287.348,load,88,36.639,1237,32
287.398,load,88,36.639,1237,32
287.449,load,88,36.639,1237,32
287.499,load,88,36.639,1237,32
287.55,load,88,36.639,1237,32
287.6,load,88,37.958,1237,32
287.651,load,88,37.958,1237,32
287.701,load,88,37.958,1237,32
287.752,load,88,37.958,1237,32
287.802,load,88,37.958,1237,32
287.853,load,88,37.958,1237,32
287.903,load,88,37.958,1237,32
287.954,load,88,37.958,1237,32
288.004,load,88,37.958,1237,32
288.055,load,88,37.958,1237,32
288.105,load,88,37.875,1237,32
288.155,load,88,37.875,1237,32
288.206,load,88,37.875,1237,32
288.256,load,88,37.875,1237,32
288.307,load,88,37.875,1237,32
288.357,load,88,37.875,1237,32
288.407,load,88,37.875,1237,32
288.458,load,88,37.875,1237,32
288.508,load,88,37.875,1237,32
288.559,load,88,37.875,1237,32
288.609,load,88,36.575,1237,32
288.66,load,88,36.575,1237,32
288.71,load,88,36.575,1237,32
288.761,load,88,36.575,1237,32
288.811,load,88,36.575,1237,32
288.862,load,88,36.575,1237,32
288.912,load,88,36.575,1237,32
288.962,load,88,36.575,1237,32
289.013,load,88,36.575,1237,32
289.063,load,88,36.575,1237,32
289.113,load,87,36.909,1237,32
289.164,load,87,36.909,1237,32
289.214,load,87,36.909,1237,32
289.265,load,87,36.909,1237,32
289.315,load,87,36.909,1237,32
289.365,load,87,36.909,1237,32
289.415,load,87,36.909,1237,32
289.466,load,87,36.909,1237,32
289.517,load,87,36.909,1237,32
289.567,load,87,36.909,1237,32
289.617,load,88,38.29,1237,32
289.668,load,88,38.29,1237,32
289.718,load,88,38.29,1237,32
289.768,load,88,38.29,1237,32
289.819,load,88,38.29,1237,32
289.869,load,88,38.29,1237,32
289.92,load,88,38.29,1237,32
289.97,load,88,38.29,1237,32
290.021,load,88,38.29,1237,32
290.071,load,88,38.29,1237,32
290.122,load,86,37.018,1702,32
290.173,load,86,37.018,1702,32
290.223,load,86,37.018,1702,32
290.274,load,86,37.018,1702,32
290.324,load,86,37.018,1702,32
290.375,load,86,37.018,1702,32
290.425,load,86,37.018,1702,32
290.475,load,86,37.018,1702,32
290.526,load,86,37.018,1702,32
290.576,load,86,37.018,1702,32
290.627,load,88,37.218,1237,32
290.677,load,88,37.218,1237,32
290.727,load,88,37.218,1237,32
290.778,load,88,37.218,1237,32
290.828,load,88,37.218,1237,32
290.879,load,88,37.218,1237,32
290.929,load,88,37.218,1237,32
290.98,load,88,37.218,1237,32
291.03,load,88,37.218,1237,32
291.081,load,88,37.218,1237,32
291.131,load,86,35.713,1492,32
291.182,load,86,35.713,1492,32
291.232,load,86,35.713,1492,32
291.282,load,86,35.713,1492,32
291.333,load,86,35.713,1492,32
291.383,load,86,35.713,1492,32
291.434,load,86,35.713,1492,32
291.484,load,86,35.713,1492,32
291.534,load,86,35.713,1492,32
291.585,load,86,35.713,1492,32
291.635,load,88,37.712,1237,32
291.685,load,88,37.712,1237,32
291.735,load,88,37.712,1237,32
291.786,load,88,37.712,1237,32
291.836,load,88,37.712,1237,32
291.887,load,88,37.712,1237,32
291.937,load,88,37.712,1237,32
291.988,load,88,37.712,1237,32
292.038,load,88,37.712,1237,32
292.088,load,88,37.712,1237,32
292.139,load,87,35.632,1237,32
292.19,load,87,35.632,1237,32
292.24,load,87,35.632,1237,32
292.29,load,87,35.632,1237,32
292.341,load,87,35.632,1237,32
292.391,load,87,35.632,1237,32
292.442,load,87,35.632,1237,32
292.492,load,87,35.632,1237,32
292.543,load,87,35.632,1237,32
292.593,load,88,37.994,1237,32
292.643,load,88,37.994,1237,32
292.694,load,88,37.994,1237,32
292.744,load,88,37.994,1237,32
292.795,load,88,37.994,1237,32
292.845,load,88,37.994,1237,32
292.895,load,88,37.994,1237,32
292.946,load,88,37.994,1237,32
292.996,load,88,37.994,1237,32
293.046,load,88,37.994,1237,32
293.097,load,88,37.199,1237,32
293.147,load,88,37.199,1237,32
293.198,load,88,37.199,1237,32
293.248,load,88,37.199,1237,32
293.299,load,88,37.199,1237,32
293.349,load,88,37.199,1237,32
293.4,load,88,37.199,1237,32
293.45,load,88,37.199,1237,32
293.5,load,88,37.199,1237,32
293.551,load,88,37.199,1237,32
293.601,load,88,37.615,1237,32
293.652,load,88,37.615,1237,32
293.703,load,88,37.615,1237,32
293.753,load,88,37.615,1237,32
293.804,load,88,37.615,1237,32
293.854,load,88,37.615,1237,32
293.904,load,88,37.615,1237,32
293.955,load,88,37.615,1237,32
294.005,load,88,37.615,1237,32
294.055,load,88,37.615,1237,32
294.106,load,87,37.233,1237,32
294.156,load,87,37.233,1237,32
294.206,load,87,37.233,1237,32
294.257,load,87,37.233,1237,32
294.307,load,87,37.233,1237,32
294.358,load,87,37.233,1237,32
294.408,load,87,37.233,1237,32
294.458,load,87,37.233,1237,32
294.509,load,87,37.233,1237,32
294.559,load,87,37.233,1237,32
294.609,load,88,36.853,1237,32
294.66,load,88,36.853,1237,32
294.71,load,88,36.853,1237,32
294.76,load,88,36.853,1237,32
294.811,load,88,36.853,1237,32
294.861,load,88,36.853,1237,32
294.912,load,88,36.853,1237,32
294.962,load,88,36.853,1237,32
295.013,load,88,36.853,1237,32
295.063,load,88,36.853,1237,32
295.114,load,87,37.175,1237,32
295.165,load,87,37.175,1237,32
295.215,load,87,37.175,1237,32
295.265,load,87,37.175,1237,32
295.316,load,87,37.175,1237,32
295.366,load,87,37.175,1237,32
295.416,load,87,37.175,1237,32
295.467,load,87,37.175,1237,32
295.518,load,87,37.175,1237,32
295.568,load,87,37.175,1237,32
295.619,load,88,37.34,1237,32
295.669,load,88,37.34,1237,32
295.719,load,88,37.34,1237,32
295.77,load,88,37.34,1237,32
295.82,load,88,37.34,1237,32
295.87,load,88,37.34,1237,32
295.921,load,88,37.34,1237,32
295.971,load,88,37.34,1237,32
296.022,load,88,37.34,1237,32
296.072,load,88,37.34,1237,32
296.123,load,88,37.922,1237,32
296.173,load,88,37.922,1237,32
296.223,load,88,37.922,1237,32
296.274,load,88,37.922,1237,32
296.324,load,88,37.922,1237,32
296.375,load,88,37.922,1237,32
296.425,load,88,37.922,1237,32
296.476,load,88,37.922,1237,32
296.526,load,88,37.922,1237,32
296.577,load,88,37.922,1237,32
296.627,load,87,37.944,1260,32
296.677,load,87,37.944,1260,32
296.728,load,87,37.944,1260,32
296.778,load,87,37.944,1260,32
296.829,load,87,37.944,1260,32
296.879,load,87,37.944,1260,32
296.93,load,87,37.944,1260,32
296.98,load,87,37.944,1260,32
297.03,load,87,37.944,1260,32
297.081,load,87,37.944,1260,32
297.131,load,88,37.157,1237,32
297.182,load,88,37.157,1237,32
297.232,load,88,37.157,1237,32
297.283,load,88,37.157,1237,32
297.333,load,88,37.157,1237,32
297.384,load,88,37.157,1237,32
297.434,load,88,37.157,1237,32
297.484,load,88,37.157,1237,32
297.535,load,88,37.157,1237,32
297.585,load,88,37.157,1237,32
297.636,load,86,36.396,1237,32
297.686,load,86,36.396,1237,32
297.737,load,86,36.396,1237,32
297.787,load,86,36.396,1237,32
297.837,load,86,36.396,1237,32
297.888,load,86,36.396,1237,32
297.938,load,86,36.396,1237,32
297.988,load,86,36.396,1237,32
298.039,load,86,36.396,1237,32
298.089,load,86,36.396,1237,32
298.14,load,88,36.24,1237,32
298.19,load,88,36.24,1237,32
298.241,load,88,36.24,1237,32
298.291,load,88,36.24,1237,32
298.342,load,88,36.24,1237,32
298.392,load,88,36.24,1237,32
298.443,load,88,36.24,1237,32
298.493,load,88,36.24,1237,32
298.543,load,88,36.24,1237,32
298.594,load,86,34.568,1785,32
298.644,load,86,34.568,1785,32
298.695,load,86,34.568,1785,32
298.745,load,86,34.568,1785,32
298.795,load,86,34.568,1785,32
298.846,load,86,34.568,1785,32
298.896,load,86,34.568,1785,32
298.946,load,86,34.568,1785,32
298.997,load,86,34.568,1785,32
299.047,load,86,34.568,1785,32
299.098,load,88,37.94,1237,32
299.148,load,88,37.94,1237,32
299.198,load,88,37.94,1237,32
299.248,load,88,37.94,1237,32
299.299,load,88,37.94,1237,32
299.35,load,88,37.94,1237,32
299.4,load,88,37.94,1237,32
299.451,load,88,37.94,1237,32
299.501,load,88,37.94,1237,32
299.552,load,88,37.94,1237,32
299.602,load,87,36.348,1237,32
299.653,load,87,36.348,1237,32
299.703,load,87,36.348,1237,32
299.754,load,87,36.348,1237,32
299.804,load,87,36.348,1237,32
299.855,load,87,36.348,1237,32
299.905,load,87,36.348,1237,32
299.956,load,87,36.348,1237,32
300.006,load,87,36.348,1237,32
300.057,load,87,36.348,1237,32
300.108,load,88,38.26,1237,32
300.158,load,88,38.26,1237,32
300.209,load,88,38.26,1237,32
300.259,load,88,38.26,1237,32
300.309,load,88,38.26,1237,32
300.36,load,88,38.26,1237,32
300.41,load,88,38.26,1237,32
300.461,load,88,38.26,1237,32
300.511,load,88,38.26,1237,32
300.561,load,88,38.26,1237,32
300.612,load,87,36.684,1237,32
300.663,load,87,36.684,1237,32
300.713,load,87,36.684,1237,32
300.764,load,87,36.684,1237,32
300.814,load,87,36.684,1237,32
300.864,load,87,36.684,1237,32
300.915,load,87,36.684,1237,32
300.966,load,87,36.684,1237,32
301.016,load,87,36.684,1237,32
301.067,load,87,36.684,1237,32
301.117,load,88,36.924,1237,32
301.167,load,88,36.924,1237,32
301.218,load,88,36.924,1237,32
301.268,load,88,36.924,1237,32
301.319,load,88,36.924,1237,32
301.369,load,88,36.924,1237,32
301.42,load,88,36.924,1237,32
301.47,load,88,36.924,1237,32
301.52,load,88,36.924,1237,32
301.571,load,88,36.924,1237,32
301.621,load,88,37.864,1237,32
301.672,load,88,37.864,1237,32
301.722,load,88,37.864,1237,32
301.773,load,88,37.864,1237,32
301.823,load,88,37.864,1237,32
301.873,load,88,37.864,1237,32
301.924,load,88,37.864,1237,32
301.974,load,88,37.864,1237,32
302.025,load,88,37.864,1237,32
302.075,load,88,37.864,1237,32
302.125,load,88,38.098,1237,32
302.176,load,88,38.098,1237,32
302.226,load,88,38.098,1237,32
302.277,load,88,38.098,1237,32
302.327,load,88,38.098,1237,32
302.378,load,88,38.098,1237,32
302.429,load,88,38.098,1237,32
302.479,load,88,38.098,1237,32
302.53,load,88,38.098,1237,32
302.58,load,88,38.098,1237,32
302.631,load,88,37.054,1237,32
302.681,load,88,37.054,1237,32
302.731,load,88,37.054,1237,32
302.782,load,88,37.054,1237,32
302.833,load,88,37.054,1237,32
302.883,load,88,37.054,1237,32
302.933,load,88,37.054,1237,32
302.984,load,88,37.054,1237,32
303.034,load,88,37.054,1237,32
303.085,load,88,37.054,1237,32
303.135,load,87,37.143,1522,32
303.185,load,87,37.143,1522,32
303.236,load,87,37.143,1522,32
303.286,load,87,37.143,1522,32
303.337,load,87,37.143,1522,32
303.387,load,87,37.143,1522,32
303.438,load,87,37.143,1522,32
303.488,load,87,37.143,1522,32
303.538,load,87,37.143,1522,32
303.589,load,87,37.143,1522,32
303.64,load,88,37.871,1237,32
303.69,load,88,37.871,1237,32
303.741,load,88,37.871,1237,32
303.791,load,88,37.871,1237,32
303.842,load,88,37.871,1237,32
303.892,load,88,37.871,1237,32
303.942,load,88,37.871,1237,32
303.993,load,88,37.871,1237,32
304.043,load,88,37.871,1237,32
304.094,load,87,37.073,1717,32
304.144,load,87,37.073,1717,32
304.194,load,87,37.073,1717,32
304.245,load,87,37.073,1717,32
304.296,load,87,37.073,1717,32
304.346,load,87,37.073,1717,32
304.397,load,87,37.073,1717,32
304.447,load,87,37.073,1717,32
304.498,load,87,37.073,1717,32
304.548,load,87,37.073,1717,32
304.598,load,88,37.736,1237,32
304.649,load,88,37.736,1237,32
304.699,load,88,37.736,1237,32
304.749,load,88,37.736,1237,32
304.8,load,88,37.736,1237,32
304.85,load,88,37.736,1237,32
304.901,load,88,37.736,1237,32
304.951,load,88,37.736,1237,32
305.002,load,88,37.736,1237,32
305.052,load,88,37.736,1237,32
305.102,load,86,36.103,1237,32
305.153,load,86,36.103,1237,32
305.203,load,86,36.103,1237,32
305.254,load,86,36.103,1237,32
305.305,load,86,36.103,1237,32
305.355,load,86,36.103,1237,32
305.406,load,86,36.103,1237,32
305.456,load,86,36.103,1237,32
305.506,load,86,36.103,1237,32
305.557,load,86,36.103,1237,32
305.608,load,88,36.988,1237,32
305.658,load,88,36.988,1237,32
305.708,load,88,36.988,1237,32
305.759,load,88,36.988,1237,32
305.809,load,88,36.988,1237,32
305.859,load,88,36.988,1237,32
305.91,load,88,36.988,1237,32
305.961,load,88,36.988,1237,32
306.011,load,88,36.988,1237,32
306.062,load,88,36.988,1237,32
306.112,load,87,34.276,1237,32
306.163,load,87,34.276,1237,32
306.213,load,87,34.276,1237,32
306.263,load,87,34.276,1237,32
306.314,load,87,34.276,1237,32
306.364,load,87,34.276,1237,32
306.415,load,87,34.276,1237,32
306.466,load,87,34.276,1237,32
306.516,load,87,34.276,1237,32
306.566,load,87,34.276,1237,32
306.617,load,88,37.182,1237,32
306.667,load,88,37.182,1237,32
306.718,load,88,37.182,1237,32
306.769,load,88,37.182,1237,32
306.819,load,88,37.182,1237,32
306.87,load,88,37.182,1237,32
306.92,load,88,37.182,1237,32
306.971,load,88,37.182,1237,32
307.021,load,88,37.182,1237,32
307.071,load,88,37.182,1237,32
307.122,load,88,36.764,1237,32
307.172,load,88,36.764,1237,32
307.223,load,88,36.764,1237,32
307.273,load,88,36.764,1237,32
307.323,load,88,36.764,1237,32
307.373,load,88,36.764,1237,32
307.424,load,88,36.764,1237,32
307.474,load,88,36.764,1237,32
307.525,load,88,36.764,1237,32
307.575,load,88,36.764,1237,32
307.626,load,88,37.918,1237,32
307.676,load,88,37.918,1237,32
307.727,load,88,37.918,1237,32
307.777,load,88,37.918,1237,32
307.828,load,88,37.918,1237,32
307.878,load,88,37.918,1237,32
307.928,load,88,37.918,1237,32
307.979,load,88,37.918,1237,32
308.029,load,88,37.918,1237,32
308.08,load,88,37.918,1237,32
308.13,load,87,36.971,1237,32
308.18,load,87,36.971,1237,32
308.231,load,87,36.971,1237,32
308.281,load,87,36.971,1237,32
308.332,load,87,36.971,1237,32
308.382,load,87,36.971,1237,32
308.433,load,87,36.971,1237,32
308.483,load,87,36.971,1237,32
308.533,load,87,36.971,1237,32
308.584,load,87,36.971,1237,32
308.635,load,88,36.803,1237,32
308.685,load,88,36.803,1237,32
308.735,load,88,36.803,1237,32
308.786,load,88,36.803,1237,32
308.836,load,88,36.803,1237,32
308.887,load,88,36.803,1237,32
308.937,load,88,36.803,1237,32
308.987,load,88,36.803,1237,32
309.038,load,88,36.803,1237,32
309.088,load,88,36.803,1237,32
309.138,load,88,36.912,1237,32
309.189,load,88,36.912,1237,32
309.239,load,88,36.912,1237,32
309.289,load,88,36.912,1237,32
309.339,load,88,36.912,1237,32
309.389,load,88,36.912,1237,32
309.44,load,88,36.912,1237,32
309.49,load,88,36.912,1237,32
309.54,load,88,36.912,1237,32
309.591,load,88,36.912,1237,32
309.641,load,88,36.989,1237,32
309.692,load,88,36.989,1237,32
309.742,load,88,36.989,1237,32
309.793,load,88,36.989,1237,32
309.843,load,88,36.989,1237,32
309.894,load,88,36.989,1237,32
309.944,load,88,36.989,1237,32
309.994,load,88,36.989,1237,32
310.045,load,88,36.989,1237,32
310.095,load,88,37.909,1237,32
310.145,load,88,37.909,1237,32
310.196,load,88,37.909,1237,32
310.246,load,88,37.909,1237,32
310.297,load,88,37.909,1237,32
310.347,load,88,37.909,1237,32
310.397,load,88,37.909,1237,32
310.448,load,88,37.909,1237,32
310.498,load,88,37.909,1237,32
310.549,load,88,37.909,1237,32
310.599,load,87,37.514,1237,32
310.65,load,87,37.514,1237,32
310.7,load,87,37.514,1237,32
310.75,load,87,37.514,1237,32
310.801,load,87,37.514,1237,32
310.851,load,87,37.514,1237,32
310.902,load,87,37.514,1237,32
310.952,load,87,37.514,1237,32
311.003,load,87,37.514,1237,32
311.053,load,87,37.514,1237,32
311.103,load,88,37.011,1237,32
311.154,load,88,37.011,1237,32
311.204,load,88,37.011,1237,32
311.254,load,88,37.011,1237,32
311.305,load,88,37.011,1237,32
311.355,load,88,37.011,1237,32
311.406,load,88,37.011,1237,32
311.456,load,88,37.011,1237,32
311.507,load,88,37.011,1237,32
311.557,load,88,37.011,1237,32
311.607,load,86,35.285,1755,32
311.658,load,86,35.285,1755,32
311.708,load,86,35.285,1755,32
311.759,load,86,35.285,1755,32
311.809,load,86,35.285,1755,32
311.859,load,86,35.285,1755,32
311.91,load,86,35.285,1755,32
311.96,load,86,35.285,1755,32
312.01,load,86,35.285,1755,32
312.061,load,86,35.285,1755,32
312.111,load,88,38.029,1237,32
312.162,load,88,38.029,1237,32
312.212,load,88,38.029,1237,32
312.263,load,88,38.029,1237,32
312.313,load,88,38.029,1237,32
312.363,load,88,38.029,1237,32
312.414,load,88,38.029,1237,32
312.464,load,88,38.029,1237,32
312.515,load,88,38.029,1237,32
312.565,load,88,38.029,1237,32
312.615,load,87,35.444,1237,32
312.666,load,87,35.444,1237,32
312.716,load,87,35.444,1237,32
312.767,load,87,35.444,1237,32
312.817,load,87,35.444,1237,32
312.868,load,87,35.444,1237,32
312.918,load,87,35.444,1237,32
312.969,load,87,35.444,1237,32
313.019,load,87,35.444,1237,32
313.07,load,87,35.444,1237,32
313.12,load,88,37.239,1237,32
313.17,load,88,37.239,1237,32
313.221,load,88,37.239,1237,32
313.272,load,88,37.239,1237,32
313.322,load,88,37.239,1237,32
313.373,load,88,37.239,1237,32
313.423,load,88,37.239,1237,32
313.473,load,88,37.239,1237,32
313.524,load,88,37.239,1237,32
313.575,load,88,37.239,1237,32
313.625,load,88,37.095,1237,32
313.676,load,88,37.095,1237,32
313.726,load,88,37.095,1237,32
313.776,load,88,37.095,1237,32
313.827,load,88,37.095,1237,32
313.877,load,88,37.095,1237,32
313.928,load,88,37.095,1237,32
313.978,load,88,37.095,1237,32
314.028,load,88,37.095,1237,32
314.079,load,88,37.095,1237,32
314.13,load,88,38.09,1237,32
314.18,load,88,38.09,1237,32
314.231,load,88,38.09,1237,32
314.281,load,88,38.09,1237,32
314.332,load,88,38.09,1237,32
314.382,load,88,38.09,1237,32
314.432,load,88,38.09,1237,32
314.483,load,88,38.09,1237,32
314.533,load,88,38.09,1237,32
314.584,load,88,38.09,1237,32
314.635,load,88,37.346,1237,32
314.685,load,88,37.346,1237,32
314.736,load,88,37.346,1237,32
314.786,load,88,37.346,1237,32
314.836,load,88,37.346,1237,32
314.887,load,88,37.346,1237,32
314.937,load,88,37.346,1237,32
314.988,load,88,37.346,1237,32
315.038,load,88,37.346,1237,32
315.088,load,88,37.346,1237,32
315.139,load,88,37.35,1237,32
315.189,load,88,37.35,1237,32
315.239,load,88,37.35,1237,32
315.29,load,88,37.35,1237,32
315.341,load,88,37.35,1237,32
315.391,load,88,37.35,1237,32
315.441,load,88,37.35,1237,32
315.492,load,88,37.35,1237,32
315.542,load,88,37.35,1237,32
315.592,load,88,37.35,1237,32
315.643,load,88,36.759,1237,32
315.693,load,88,36.759,1237,32
315.743,load,88,36.759,1237,32
315.794,load,88,36.759,1237,32
315.845,load,88,36.759,1237,32
315.895,load,88,36.759,1237,32
315.945,load,88,36.759,1237,32
315.996,load,88,36.759,1237,32
316.046,load,88,36.759,1237,32
316.097,load,88,36.934,1237,32
316.147,load,88,36.934,1237,32
316.198,load,88,36.934,1237,32
316.248,load,88,36.934,1237,32
316.298,load,88,36.934,1237,32
316.349,load,88,36.934,1237,32
316.399,load,88,36.934,1237,32
316.449,load,88,36.934,1237,32
316.5,load,88,36.934,1237,32
316.55,load,88,36.934,1237,32
316.601,load,88,36.897,1237,32
316.651,load,88,36.897,1237,32
316.702,load,88,36.897,1237,32
316.752,load,88,36.897,1237,32
316.802,load,88,36.897,1237,32
316.853,load,88,36.897,1237,32
316.903,load,88,36.897,1237,32
316.954,load,88,36.897,1237,32
317.004,load,88,36.897,1237,32
317.055,load,88,36.897,1237,32
317.105,load,86,36.805,1237,32
317.156,load,86,36.805,1237,32
317.206,load,86,36.805,1237,32
317.256,load,86,36.805,1237,32
317.307,load,86,36.805,1237,32
317.357,load,86,36.805,1237,32
317.407,load,86,36.805,1237,32
317.457,load,86,36.805,1237,32
317.508,load,86,36.805,1237,32
317.558,load,86,36.805,1237,32
317.609,load,88,37.197,1237,32
317.659,load,88,37.197,1237,32
317.709,load,88,37.197,1237,32
317.76,load,88,37.197,1237,32
317.81,load,88,37.197,1237,32
317.86,load,88,37.197,1237,32
317.911,load,88,37.197,1237,32
317.961,load,88,37.197,1237,32
318.012,load,88,37.197,1237,32
318.063,load,88,37.197,1237,32
318.113,load,87,35.579,1237,32
318.163,load,87,35.579,1237,32
318.213,load,87,35.579,1237,32
318.263,load,87,35.579,1237,32
318.314,load,87,35.579,1237,32
318.365,load,87,35.579,1237,32
318.415,load,87,35.579,1237,32
318.466,load,87,35.579,1237,32
318.516,load,87,35.579,1237,32
318.567,load,87,35.579,1237,32
318.617,load,88,37.844,1237,32
318.668,load,88,37.844,1237,32
318.718,load,88,37.844,1237,32
318.769,load,88,37.844,1237,32
318.819,load,88,37.844,1237,32
318.869,load,88,37.844,1237,32
318.92,load,88,37.844,1237,32
318.971,load,88,37.844,1237,32
319.021,load,88,37.844,1237,32
319.071,load,88,37.844,1237,32
319.122,load,87,35.157,1237,32
319.172,load,87,35.157,1237,32
319.222,load,87,35.157,1237,32
319.273,load,87,35.157,1237,32
319.324,load,87,35.157,1237,32
319.374,load,87,35.157,1237,32
319.424,load,87,35.157,1237,32
319.474,load,87,35.157,1237,32
319.525,load,87,35.157,1237,32
319.575,load,87,35.157,1237,32
319.625,load,88,37.19,1237,32
319.675,load,88,37.19,1237,32
319.726,load,88,37.19,1237,32
319.776,load,88,37.19,1237,32
319.827,load,88,37.19,1237,32
319.877,load,88,37.19,1237,32
319.928,load,88,37.19,1237,32
319.978,load,88,37.19,1237,32
320.028,load,88,37.19,1237,32
320.079,load,88,37.19,1237,32
320.129,load,87,35.401,1237,32
320.18,load,87,35.401,1237,32
320.231,load,87,35.401,1237,32
320.281,load,87,35.401,1237,32
320.332,load,87,35.401,1237,32
320.382,load,87,35.401,1237,32
320.432,load,87,35.401,1237,32
320.483,load,87,35.401,1237,32
320.533,load,87,35.401,1237,32
320.583,load,87,35.401,1237,32
320.633,load,88,36.342,1237,32
320.684,load,88,36.342,1237,32
320.734,load,88,36.342,1237,32
320.785,load,88,36.342,1237,32
320.835,load,88,36.342,1237,32
320.886,load,88,36.342,1237,32
320.936,load,88,36.342,1237,32
320.986,load,88,36.342,1237,32
321.037,load,88,36.342,1237,32
321.087,load,88,36.342,1237,32
321.138,load,87,36.496,1237,32
321.188,load,87,36.496,1237,32
321.238,load,87,36.496,1237,32
321.289,load,87,36.496,1237,32
321.339,load,87,36.496,1237,32
321.389,load,87,36.496,1237,32
321.439,load,87,36.496,1237,32
321.49,load,87,36.496,1237,32
321.54,load,87,36.496,1237,32
321.591,load,87,36.496,1237,32
321.641,load,88,36.626,1237,32
321.691,load,88,36.626,1237,32
321.741,load,88,36.626,1237,32
321.792,load,88,36.626,1237,32
321.842,load,88,36.626,1237,32
321.893,load,88,36.626,1237,32
321.943,load,88,36.626,1237,32
321.994,load,88,36.626,1237,32
322.044,load,88,36.626,1237,32
322.095,load,88,36.723,1237,32
322.145,load,88,36.723,1237,32
322.195,load,88,36.723,1237,32
322.246,load,88,36.723,1237,32
322.296,load,88,36.723,1237,32
322.346,load,88,36.723,1237,32
322.397,load,88,36.723,1237,32
322.447,load,88,36.723,1237,32
322.497,load,88,36.723,1237,32
322.548,load,88,36.723,1237,32
322.598,load,88,36.822,1237,32
322.649,load,88,36.822,1237,32
322.699,load,88,36.822,1237,32
322.75,load,88,36.822,1237,32
322.8,load,88,36.822,1237,32
322.851,load,88,36.822,1237,32
322.901,load,88,36.822,1237,32
322.952,load,88,36.822,1237,32
323.002,load,88,36.822,1237,32
323.053,load,88,36.822,1237,32
323.103,load,88,36.469,1237,32
323.153,load,88,36.469,1237,32
323.204,load,88,36.469,1237,32
323.254,load,88,36.469,1237,32
323.304,load,88,36.469,1237,32
323.355,load,88,36.469,1237,32
323.405,load,88,36.469,1237,32
323.456,load,88,36.469,1237,32
323.506,load,88,36.469,1237,32
323.557,load,88,36.469,1237,32
323.607,load,87,36.65,1642,32
323.657,load,87,36.65,1642,32
323.708,load,87,36.65,1642,32
323.758,load,87,36.65,1642,32
323.809,load,87,36.65,1642,32
323.859,load,87,36.65,1642,32
323.909,load,87,36.65,1642,32
323.96,load,87,36.65,1642,32
324.01,load,87,36.65,1642,32
324.061,load,87,36.65,1642,32
324.111,load,88,36.132,1237,32
324.161,load,88,36.132,1237,32
324.212,load,88,36.132,1237,32
324.262,load,88,36.132,1237,32
324.313,load,88,36.132,1237,32
324.363,load,88,36.132,1237,32
324.413,load,88,36.132,1237,32
324.464,load,88,36.132,1237,32
324.514,load,88,36.132,1237,32
324.565,load,88,36.132,1237,32
324.615,load,87,35.742,1237,32
324.665,load,87,35.742,1237,32
324.716,load,87,35.742,1237,32
324.766,load,87,35.742,1237,32
324.817,load,87,35.742,1237,32
324.867,load,87,35.742,1237,32
324.917,load,87,35.742,1237,32
324.968,load,87,35.742,1237,32
325.018,load,87,35.742,1237,32
325.069,load,87,35.742,1237,32
325.119,load,88,36.006,1237,32
325.169,load,88,36.006,1237,32
325.22,load,88,36.006,1237,32
325.27,load,88,36.006,1237,32
325.321,load,88,36.006,1237,32
325.371,load,88,36.006,1237,32
325.421,load,88,36.006,1237,32
325.472,load,88,36.006,1237,32
325.522,load,88,36.006,1237,32
325.575,load,88,36.006,1237,32
325.625,load,87,35.047,1800,32
325.676,load,87,35.047,1800,32
325.726,load,87,35.047,1800,32
325.777,load,87,35.047,1800,32
325.827,load,87,35.047,1800,32
325.878,load,87,35.047,1800,32
325.928,load,87,35.047,1800,32
325.978,load,87,35.047,1800,32
326.029,load,87,35.047,1800,32
326.08,load,87,35.047,1800,32
326.13,load,88,36.676,1237,32
326.181,load,88,36.676,1237,32
326.232,load,88,36.676,1237,32
326.282,load,88,36.676,1237,32
326.333,load,88,36.676,1237,32
326.383,load,88,36.676,1237,32
326.434,load,88,36.676,1237,32
326.484,load,88,36.676,1237,32
326.534,load,88,36.676,1237,32
326.585,load,88,36.676,1237,32
326.635,load,87,36.523,1237,32
326.685,load,87,36.523,1237,32
326.736,load,87,36.523,1237,32
326.786,load,87,36.523,1237,32
326.836,load,87,36.523,1237,32
326.887,load,87,36.523,1237,32
326.937,load,87,36.523,1237,32
326.988,load,87,36.523,1237,32
327.038,load,87,36.523,1237,32
327.089,load,87,36.523,1237,32
327.139,load,88,36.38,1237,32
327.19,load,88,36.38,1237,32
327.24,load,88,36.38,1237,32
327.291,load,88,36.38,1237,32
327.341,load,88,36.38,1237,32
327.391,load,88,36.38,1237,32
327.442,load,88,36.38,1237,32
327.492,load,88,36.38,1237,32
327.542,load,88,36.38,1237,32
327.593,load,88,36.38,1237,32
327.643,load,86,35.557,1237,32
327.694,load,86,35.557,1237,32
327.744,load,86,35.557,1237,32
327.794,load,86,35.557,1237,32
327.845,load,86,35.557,1237,32
327.895,load,86,35.557,1237,32
327.946,load,86,35.557,1237,32
327.996,load,86,35.557,1237,32
328.047,load,86,35.557,1237,32
328.097,load,88,36.365,1237,32
328.148,load,88,36.365,1237,32
328.198,load,88,36.365,1237,32
328.249,load,88,36.365,1237,32
328.299,load,88,36.365,1237,32
328.35,load,88,36.365,1237,32
328.4,load,88,36.365,1237,32
328.45,load,88,36.365,1237,32
328.5,load,88,36.365,1237,32
328.551,load,88,36.365,1237,32
328.601,load,86,34.249,1237,32
328.651,load,86,34.249,1237,32
328.701,load,86,34.249,1237,32
328.752,load,86,34.249,1237,32
328.802,load,86,34.249,1237,32
328.853,load,86,34.249,1237,32
328.903,load,86,34.249,1237,32
328.954,load,86,34.249,1237,32
329.004,load,86,34.249,1237,32
329.054,load,86,34.249,1237,32
329.105,load,88,37.081,1237,32
329.156,load,88,37.081,1237,32
329.206,load,88,37.081,1237,32
329.257,load,88,37.081,1237,32
329.307,load,88,37.081,1237,32
329.358,load,88,37.081,1237,32
329.408,load,88,37.081,1237,32
329.459,load,88,37.081,1237,32
329.509,load,88,37.081,1237,32
329.559,load,88,37.081,1237,32
329.609,load,87,34.164,1237,32
329.661,load,87,34.164,1237,32
329.711,load,87,34.164,1237,32
329.761,load,87,34.164,1237,32
329.812,load,87,34.164,1237,32
329.862,load,87,34.164,1237,32
329.912,load,87,34.164,1237,32
329.963,load,87,34.164,1237,32
330.013,load,87,34.164,1237,32
330.064,load,87,34.164,1237,32
330.114,load,88,36.497,1237,32
330.165,load,88,36.497,1237,32
330.215,load,88,36.497,1237,32
330.265,load,88,36.497,1237,32
330.316,load,88,36.497,1237,32
330.366,load,88,36.497,1237,32
330.417,load,88,36.497,1237,32
330.467,load,88,36.497,1237,32
330.517,load,88,36.497,1237,32
330.568,load,88,36.497,1237,32
330.618,load,87,35.321,1237,32
330.669,load,87,35.321,1237,32
330.719,load,87,35.321,1237,32
330.769,load,87,35.321,1237,32
330.82,load,87,35.321,1237,32
330.87,load,87,35.321,1237,32
330.92,load,87,35.321,1237,32
330.971,load,87,35.321,1237,32
331.021,load,87,35.321,1237,32
331.071,load,87,35.321,1237,32
331.122,load,88,36.82,1237,32
331.172,load,88,36.82,1237,32
331.223,load,88,36.82,1237,32
331.273,load,88,36.82,1237,32
331.324,load,88,36.82,1237,32
331.374,load,88,36.82,1237,32
331.424,load,88,36.82,1237,32
331.475,load,88,36.82,1237,32
331.525,load,88,36.82,1237,32
331.576,load,88,36.82,1237,32
331.626,load,87,36.835,1237,32
331.676,load,87,36.835,1237,32
331.727,load,87,36.835,1237,32
331.777,load,87,36.835,1237,32
331.827,load,87,36.835,1237,32
331.878,load,87,36.835,1237,32
331.929,load,87,36.835,1237,32
331.979,load,87,36.835,1237,32
332.03,load,87,36.835,1237,32
332.08,load,87,36.835,1237,32
332.13,load,88,36.688,1237,32
332.181,load,88,36.688,1237,32
332.231,load,88,36.688,1237,32
332.281,load,88,36.688,1237,32
332.332,load,88,36.688,1237,32
332.382,load,88,36.688,1237,32
332.433,load,88,36.688,1237,32
332.484,load,88,36.688,1237,32
332.534,load,88,36.688,1237,32
332.584,load,88,36.688,1237,32
332.635,load,88,36.478,1237,32
332.685,load,88,36.478,1237,32
332.736,load,88,36.478,1237,32
332.786,load,88,36.478,1237,32
332.837,load,88,36.478,1237,32
332.887,load,88,36.478,1237,32
332.937,load,88,36.478,1237,32
332.988,load,88,36.478,1237,32
333.038,load,88,36.478,1237,32
333.089,load,88,36.478,1237,32
333.139,load,88,36.881,1237,32
333.19,load,88,36.881,1237,32
333.24,load,88,36.881,1237,32
333.291,load,88,36.881,1237,32
333.341,load,88,36.881,1237,32
333.391,load,88,36.881,1237,32
333.442,load,88,36.881,1237,32
333.492,load,88,36.881,1237,32
333.543,load,88,36.881,1237,32
333.593,load,88,36.881,1237,32
333.643,load,88,37.199,1237,32
333.694,load,88,37.199,1237,32
333.744,load,88,37.199,1237,32
333.795,load,88,37.199,1237,32
333.845,load,88,37.199,1237,32
333.895,load,88,37.199,1237,32
333.946,load,88,37.199,1237,32
333.997,load,88,37.199,1237,32
334.047,load,88,37.199,1237,32
334.098,load,86,36.665,1237,32
334.148,load,86,36.665,1237,32
334.198,load,86,36.665,1237,32
334.249,load,86,36.665,1237,32
334.299,load,86,36.665,1237,32
334.35,load,86,36.665,1237,32
334.4,load,86,36.665,1237,32
334.451,load,86,36.665,1237,32
334.501,load,86,36.665,1237,32
334.552,load,86,36.665,1237,32
334.602,load,88,36.289,1237,32
334.652,load,88,36.289,1237,32
334.703,load,88,36.289,1237,32
334.753,load,88,36.289,1237,32
334.803,load,88,36.289,1237,32
334.854,load,88,36.289,1237,32
334.904,load,88,36.289,1237,32
334.955,load,88,36.289,1237,32
335.005,load,88,36.289,1237,32
335.055,load,88,36.289,1237,32
335.106,load,86,34.936,1290,32
335.156,load,86,34.936,1290,32
335.207,load,86,34.936,1290,32
335.257,load,86,34.936,1290,32
335.308,load,86,34.936,1290,32
335.358,load,86,34.936,1290,32
335.409,load,86,34.936,1290,32
335.459,load,86,34.936,1290,32
335.51,load,86,34.936,1290,32
335.56,load,86,34.936,1290,32
335.611,load,88,36.206,1237,32
335.661,load,88,36.206,1237,32
335.712,load,88,36.206,1237,32
335.762,load,88,36.206,1237,32
335.812,load,88,36.206,1237,32
335.863,load,88,36.206,1237,32
335.913,load,88,36.206,1237,32
335.964,load,88,36.206,1237,32
336.014,load,88,36.206,1237,32
336.065,load,88,36.206,1237,32
336.115,load,86,34.208,1237,32
336.166,load,86,34.208,1237,32
336.216,load,86,34.208,1237,32
336.267,load,86,34.208,1237,32
336.317,load,86,34.208,1237,32
336.367,load,86,34.208,1237,32
336.418,load,86,34.208,1237,32
336.468,load,86,34.208,1237,32
336.519,load,86,34.208,1237,32
336.569,load,86,34.208,1237,32
336.619,load,88,36.331,1237,32
336.67,load,88,36.331,1237,32
336.72,load,88,36.331,1237,32
336.771,load,88,36.331,1237,32
336.821,load,88,36.331,1237,32
336.871,load,88,36.331,1237,32
336.922,load,88,36.331,1237,32
336.972,load,88,36.331,1237,32
337.022,load,88,36.331,1237,32
337.073,load,88,36.331,1237,32
337.124,load,86,33.893,1237,32
337.174,load,86,33.893,1237,32
337.225,load,86,33.893,1237,32
337.275,load,86,33.893,1237,32
337.325,load,86,33.893,1237,32
337.376,load,86,33.893,1237,32
337.426,load,86,33.893,1237,32
337.477,load,86,33.893,1237,32
337.527,load,86,33.893,1237,32
337.578,load,86,33.893,1237,32
337.628,load,88,37.02,1237,32
337.679,load,88,37.02,1237,32
337.729,load,88,37.02,1237,32
337.78,load,88,37.02,1237,32
337.83,load,88,37.02,1237,32
337.881,load,88,37.02,1237,32
337.931,load,88,37.02,1237,32
337.982,load,88,37.02,1237,32
338.032,load,88,37.02,1237,32
338.082,load,88,37.02,1237,32
338.133,load,87,34.868,1237,32
338.183,load,87,34.868,1237,32
338.233,load,87,34.868,1237,32
338.284,load,87,34.868,1237,32
338.334,load,87,34.868,1237,32
338.385,load,87,34.868,1237,32
338.435,load,87,34.868,1237,32
338.486,load,87,34.868,1237,32
338.536,load,87,34.868,1237,32
338.587,load,87,34.868,1237,32
338.637,load,88,36.699,1237,32
338.688,load,88,36.699,1237,32
338.738,load,88,36.699,1237,32
338.788,load,88,36.699,1237,32
338.839,load,88,36.699,1237,32
338.89,load,88,36.699,1237,32
338.94,load,88,36.699,1237,32
338.99,load,88,36.699,1237,32
339.041,load,88,36.699,1237,32
339.091,load,88,36.699,1237,32
339.142,load,88,35.951,1237,32
339.192,load,88,35.951,1237,32
339.242,load,88,35.951,1237,32
339.292,load,88,35.951,1237,32
339.342,load,88,35.951,1237,32
339.393,load,88,35.951,1237,32
339.443,load,88,35.951,1237,32
339.493,load,88,35.951,1237,32
339.544,load,88,35.951,1237,32
339.594,load,88,35.951,1237,32
339.645,load,88,37.024,1237,32
339.695,load,88,37.024,1237,32
339.746,load,88,37.024,1237,32
339.796,load,88,37.024,1237,32
339.847,load,88,37.024,1237,32
339.897,load,88,37.024,1237,32
339.948,load,88,37.024,1237,32
339.998,load,88,37.024,1237,32
340.049,load,88,37.024,1237,32
340.099,load,88,37.168,1237,32
340.149,load,88,37.168,1237,32
340.2,load,88,37.168,1237,32
340.25,load,88,37.168,1237,32
340.301,load,88,37.168,1237,32
340.351,load,88,37.168,1237,32
340.401,load,88,37.168,1237,32
340.452,load,88,37.168,1237,32
340.502,load,88,37.168,1237,32
340.553,load,88,37.168,1237,32
340.603,load,88,37.078,1237,32
340.654,load,88,37.078,1237,32
340.704,load,88,37.078,1237,32
340.755,load,88,37.078,1237,32
340.805,load,88,37.078,1237,32
340.856,load,88,37.078,1237,32
340.906,load,88,37.078,1237,32
340.956,load,88,37.078,1237,32
341.007,load,88,37.078,1237,32
341.057,load,88,37.078,1237,32
341.108,load,88,37.237,1237,32
341.158,load,88,37.237,1237,32
341.209,load,88,37.237,1237,32
341.259,load,88,37.237,1237,32
341.31,load,88,37.237,1237,32
341.361,load,88,37.237,1237,32
341.411,load,88,37.237,1237,32
341.462,load,88,37.237,1237,32
341.512,load,88,37.237,1237,32
341.563,load,88,37.237,1237,32
341.613,load,87,36.946,1237,32
341.664,load,87,36.946,1237,32
341.714,load,87,36.946,1237,32
341.764,load,87,36.946,1237,32
341.815,load,87,36.946,1237,32
341.865,load,87,36.946,1237,32
341.916,load,87,36.946,1237,32
341.966,load,87,36.946,1237,32
342.017,load,87,36.946,1237,32
342.068,load,87,36.946,1237,32
342.118,load,88,37.037,1237,32
342.168,load,88,37.037,1237,32
342.219,load,88,37.037,1237,32
342.269,load,88,37.037,1237,32
342.32,load,88,37.037,1237,32
342.37,load,88,37.037,1237,32
342.421,load,88,37.037,1237,32
342.471,load,88,37.037,1237,32
342.522,load,88,37.037,1237,32
342.572,load,88,37.037,1237,32
342.622,load,86,34.894,1237,32
342.673,load,86,34.894,1237,32
342.723,load,86,34.894,1237,32
342.774,load,86,34.894,1237,32
342.824,load,86,34.894,1237,32
342.875,load,86,34.894,1237,32
342.925,load,86,34.894,1237,32
342.975,load,86,34.894,1237,32
343.026,load,86,34.894,1237,32
343.077,load,86,34.894,1237,32
343.128,load,88,37.031,1237,32
343.178,load,88,37.031,1237,32
343.229,load,88,37.031,1237,32
343.279,load,88,37.031,1237,32
343.329,load,88,37.031,1237,32
343.38,load,88,37.031,1237,32
343.431,load,88,37.031,1237,32
343.481,load,88,37.031,1237,32
343.532,load,88,37.031,1237,32
343.582,load,88,37.031,1237,32
343.633,load,87,34.322,1237,32
343.684,load,87,34.322,1237,32
343.734,load,87,34.322,1237,32
343.785,load,87,34.322,1237,32
343.835,load,87,34.322,1237,32
343.885,load,87,34.322,1237,32
343.936,load,87,34.322,1237,32
343.986,load,87,34.322,1237,32
344.037,load,87,34.322,1237,32
344.087,load,87,34.322,1237,32
344.138,load,88,37.058,1237,32
344.188,load,88,37.058,1237,32
344.238,load,88,37.058,1237,32
344.289,load,88,37.058,1237,32
344.339,load,88,37.058,1237,32
344.39,load,88,37.058,1237,32
344.44,load,88,37.058,1237,32
344.49,load,88,37.058,1237,32
344.54,load,88,37.058,1237,32
344.591,load,88,37.058,1237,32
344.641,load,87,35.678,1237,32
344.692,load,87,35.678,1237,32
344.743,load,87,35.678,1237,32
344.793,load,87,35.678,1237,32
344.844,load,87,35.678,1237,32
344.894,load,87,35.678,1237,32
344.944,load,87,35.678,1237,32
344.994,load,87,35.678,1237,32
345.045,load,87,35.678,1237,32
345.095,load,87,35.678,1237,32
345.145,load,88,37.005,1237,32
345.196,load,88,37.005,1237,32
345.246,load,88,37.005,1237,32
345.297,load,88,37.005,1237,32
345.347,load,88,37.005,1237,32
345.398,load,88,37.005,1237,32
345.449,load,88,37.005,1237,32
345.499,load,88,37.005,1237,32
345.549,load,88,37.005,1237,32
345.599,load,87,36.542,1237,32
345.65,load,87,36.542,1237,32
345.7,load,87,36.542,1237,32
345.75,load,87,36.542,1237,32
345.801,load,87,36.542,1237,32
345.852,load,87,36.542,1237,32
345.902,load,87,36.542,1237,32
345.953,load,87,36.542,1237,32
346.003,load,87,36.542,1237,32
346.054,load,87,36.542,1237,32
346.104,load,88,36.274,1237,32
346.155,load,88,36.274,1237,32
346.205,load,88,36.274,1237,32
346.255,load,88,36.274,1237,32
346.306,load,88,36.274,1237,32
346.356,load,88,36.274,1237,32
346.407,load,88,36.274,1237,32
346.457,load,88,36.274,1237,32
346.507,load,88,36.274,1237,32
346.558,load,88,36.274,1237,32
346.608,load,88,35.935,1237,32
346.659,load,88,35.935,1237,32
346.709,load,88,35.935,1237,32
346.759,load,88,35.935,1237,32
346.81,load,88,35.935,1237,32
346.86,load,88,35.935,1237,32
346.911,load,88,35.935,1237,32
346.961,load,88,35.935,1237,32
347.012,load,88,35.935,1237,32
347.062,load,88,35.935,1237,32
347.112,load,88,36.281,1237,32
347.162,load,88,36.281,1237,32
347.213,load,88,36.281,1237,32
347.263,load,88,36.281,1237,32
347.314,load,88,36.281,1237,32
347.373,load,88,36.281,1237,32
347.44,load,88,36.281,1237,32
347.491,load,88,36.281,1237,32
347.541,load,88,36.281,1237,32
347.592,load,88,36.281,1237,32
347.642,load,88,36.576,1237,32
347.692,load,88,36.576,1237,32
347.743,load,88,36.576,1237,32
347.795,load,88,36.576,1237,32
347.846,load,88,36.576,1237,32
347.9,load,88,36.576,1237,32
347.951,load,88,36.576,1237,32
348.001,load,88,36.576,1237,32
348.051,load,88,36.576,1237,32
348.101,load,88,35.944,1237,32
348.152,load,88,35.944,1237,32
348.202,load,88,35.944,1237,32
348.253,load,88,35.944,1237,32
348.303,load,88,35.944,1237,32
348.353,load,88,35.944,1237,32
348.404,load,88,35.944,1237,32
348.454,load,88,35.944,1237,32
348.505,load,88,35.944,1237,32
348.555,load,88,35.944,1237,32
348.606,load,88,37.1,1237,32
348.656,load,88,37.1,1237,32
348.706,load,88,37.1,1237,32
348.757,load,88,37.1,1237,32
348.807,load,88,37.1,1237,32
348.858,load,88,37.1,1237,32
348.908,load,88,37.1,1237,32
348.959,load,88,37.1,1237,32
349.009,load,88,37.1,1237,32
349.059,load,88,37.1,1237,32
349.11,load,87,37.587,1237,32
349.16,load,87,37.587,1237,32
349.21,load,87,37.587,1237,32
349.261,load,87,37.587,1237,32
349.311,load,87,37.587,1237,32
349.361,load,87,37.587,1237,32
349.412,load,87,37.587,1237,32
349.462,load,87,37.587,1237,32
349.513,load,87,37.587,1237,32
349.563,load,87,37.587,1237,32
349.614,load,88,36.869,1237,32
349.664,load,88,36.869,1237,32
349.714,load,88,36.869,1237,32
349.764,load,88,36.869,1237,32
349.815,load,88,36.869,1237,32
349.865,load,88,36.869,1237,32
349.916,load,88,36.869,1237,32
349.966,load,88,36.869,1237,32
350.017,load,88,36.869,1237,32
350.067,load,88,36.869,1237,32
350.118,load,86,35.33,1237,32
350.168,load,86,35.33,1237,32
350.218,load,86,35.33,1237,32
350.269,load,86,35.33,1237,32
350.319,load,86,35.33,1237,32
350.37,load,86,35.33,1237,32
350.42,load,86,35.33,1237,32
350.471,load,86,35.33,1237,32
350.521,load,86,35.33,1237,32
350.572,load,86,35.33,1237,32
350.622,load,88,37.287,1237,32
350.672,load,88,37.287,1237,32
350.723,load,88,37.287,1237,32
350.773,load,88,37.287,1237,32
350.823,load,88,37.287,1237,32
350.874,load,88,37.287,1237,32
350.924,load,88,37.287,1237,32
350.975,load,88,37.287,1237,32
351.025,load,88,37.287,1237,32
351.076,load,88,37.287,1237,32
351.126,load,87,34.137,1237,32
351.177,load,87,34.137,1237,32
351.227,load,87,34.137,1237,32
351.277,load,87,34.137,1237,32
351.328,load,87,34.137,1237,32
351.378,load,87,34.137,1237,32
351.428,load,87,34.137,1237,32
351.479,load,87,34.137,1237,32
351.529,load,87,34.137,1237,32
351.579,load,87,34.137,1237,32
351.63,load,88,36.798,1237,32
351.68,load,88,36.798,1237,32
351.731,load,88,36.798,1237,32
351.781,load,88,36.798,1237,32
351.831,load,88,36.798,1237,32
351.882,load,88,36.798,1237,32
351.932,load,88,36.798,1237,32
351.983,load,88,36.798,1237,32
352.033,load,88,36.798,1237,32
352.084,load,88,36.798,1237,32
352.134,load,87,34.946,1237,32
352.185,load,87,34.946,1237,32
352.235,load,87,34.946,1237,32
352.285,load,87,34.946,1237,32
352.335,load,87,34.946,1237,32
352.386,load,87,34.946,1237,32
352.436,load,87,34.946,1237,32
352.486,load,87,34.946,1237,32
352.536,load,87,34.946,1237,32
352.587,load,87,34.946,1237,32
352.637,load,88,36.743,1237,32
352.687,load,88,36.743,1237,32
352.738,load,88,36.743,1237,32
352.788,load,88,36.743,1237,32
352.838,load,88,36.743,1237,32
352.889,load,88,36.743,1237,32
352.939,load,88,36.743,1237,32
352.99,load,88,36.743,1237,32
353.04,load,88,36.743,1237,32
353.091,load,88,36.743,1237,32
353.141,load,88,36.763,1237,32
353.192,load,88,36.763,1237,32
353.242,load,88,36.763,1237,32
353.292,load,88,36.763,1237,32
353.343,load,88,36.763,1237,32
353.393,load,88,36.763,1237,32
353.444,load,88,36.763,1237,32
353.494,load,88,36.763,1237,32
353.544,load,88,36.763,1237,32
353.595,load,88,36.763,1237,32
353.645,load,88,37.211,1237,32
353.695,load,88,37.211,1237,32
353.746,load,88,37.211,1237,32
353.797,load,88,37.211,1237,32
353.847,load,88,37.211,1237,32
353.897,load,88,37.211,1237,32
353.948,load,88,37.211,1237,32
353.998,load,88,37.211,1237,32
354.049,load,88,37.211,1237,32
354.099,load,88,36.42,1237,32
354.149,load,88,36.42,1237,32
354.2,load,88,36.42,1237,32
354.25,load,88,36.42,1237,32
354.301,load,88,36.42,1237,32
354.351,load,88,36.42,1237,32
354.401,load,88,36.42,1237,32
354.452,load,88,36.42,1237,32
354.502,load,88,36.42,1237,32
354.552,load,88,36.42,1237,32
354.603,load,88,36.52,1237,32
354.653,load,88,36.52,1237,32
354.704,load,88,36.52,1237,32
354.754,load,88,36.52,1237,32
354.805,load,88,36.52,1237,32
354.855,load,88,36.52,1237,32
354.905,load,88,36.52,1237,32
354.956,load,88,36.52,1237,32
355.006,load,88,36.52,1237,32
355.057,load,88,36.52,1237,32
355.107,load,88,36.881,1237,32
355.157,load,88,36.881,1237,32
355.208,load,88,36.881,1237,32
355.258,load,88,36.881,1237,32
355.309,load,88,36.881,1237,32
355.359,load,88,36.881,1237,32
355.41,load,88,36.881,1237,32
355.46,load,88,36.881,1237,32
355.51,load,88,36.881,1237,32
355.561,load,88,36.881,1237,32
355.611,load,87,36.908,1237,32
355.661,load,87,36.908,1237,32
355.712,load,87,36.908,1237,32
355.762,load,87,36.908,1237,32
355.812,load,87,36.908,1237,32
355.863,load,87,36.908,1237,32
355.913,load,87,36.908,1237,32
355.963,load,87,36.908,1237,32
356.014,load,87,36.908,1237,32
356.064,load,87,36.908,1237,32
356.114,load,88,36.959,1237,32
356.165,load,88,36.959,1237,32
356.215,load,88,36.959,1237,32
356.265,load,88,36.959,1237,32
356.316,load,88,36.959,1237,32
356.367,load,88,36.959,1237,32
356.417,load,88,36.959,1237,32
356.467,load,88,36.959,1237,32
356.518,load,88,36.959,1237,32
356.568,load,88,36.959,1237,32
356.618,load,86,35.396,1237,32
356.669,load,86,35.396,1237,32
356.719,load,86,35.396,1237,32
356.769,load,86,35.396,1237,32
356.82,load,86,35.396,1237,32
356.87,load,86,35.396,1237,32
356.92,load,86,35.396,1237,32
356.971,load,86,35.396,1237,32
357.022,load,86,35.396,1237,32
357.072,load,86,35.396,1237,32
357.122,load,88,35.613,1237,32
357.173,load,88,35.613,1237,32
357.223,load,88,35.613,1237,32
357.273,load,88,35.613,1237,32
357.324,load,88,35.613,1237,32
357.374,load,88,35.613,1237,32
357.424,load,88,35.613,1237,32
357.475,load,88,35.613,1237,32
357.525,load,88,35.613,1237,32
357.576,load,88,35.613,1237,32
357.626,load,86,34.165,1237,32
357.677,load,86,34.165,1237,32
357.727,load,86,34.165,1237,32
357.778,load,86,34.165,1237,32
357.828,load,86,34.165,1237,32
357.878,load,86,34.165,1237,32
357.929,load,86,34.165,1237,32
357.979,load,86,34.165,1237,32
358.03,load,86,34.165,1237,32
358.08,load,86,34.165,1237,32
358.13,load,88,36.64,1237,32
358.181,load,88,36.64,1237,32
358.231,load,88,36.64,1237,32
358.281,load,88,36.64,1237,32
358.332,load,88,36.64,1237,32
358.383,load,88,36.64,1237,32
358.433,load,88,36.64,1237,32
358.483,load,88,36.64,1237,32
358.533,load,88,36.64,1237,32
358.584,load,88,36.64,1237,32
358.635,load,86,33.763,1237,32
358.685,load,86,33.763,1237,32
358.736,load,86,33.763,1237,32
358.786,load,86,33.763,1237,32
358.836,load,86,33.763,1237,32
358.887,load,86,33.763,1237,32
358.937,load,86,33.763,1237,32
358.987,load,86,33.763,1237,32
359.038,load,86,33.763,1237,32
359.088,load,86,33.763,1237,32
359.139,load,88,37.024,1237,32
359.189,load,88,37.024,1237,32
359.24,load,88,37.024,1237,32
359.29,load,88,37.024,1237,32
359.341,load,88,37.024,1237,32
359.391,load,88,37.024,1237,32
359.442,load,88,37.024,1237,32
359.492,load,88,37.024,1237,32
359.543,load,88,37.024,1237,32
359.593,load,88,37.024,1237,32
359.643,load,87,35.23,1237,32
359.694,load,87,35.23,1237,32
359.744,load,87,35.23,1237,32
359.795,load,87,35.23,1237,32
359.845,load,87,35.23,1237,32
359.896,load,87,35.23,1237,32
359.946,load,87,35.23,1237,32
359.997,load,87,35.23,1237,32
360.047,load,87,35.23,1237,32
360.097,load,87,35.23,1237,32
360.148,load,88,36.919,1237,32
360.198,load,88,36.919,1237,32
360.249,load,88,36.919,1237,32
360.299,load,88,36.919,1237,32
360.35,load,88,36.919,1237,32
360.4,load,88,36.919,1237,32
360.45,load,88,36.919,1237,32
360.501,load,88,36.919,1237,32
360.551,load,88,36.919,1237,32
360.601,load,87,35.357,1237,32
360.652,load,87,35.357,1237,32
360.702,load,87,35.357,1237,32
360.753,load,87,35.357,1237,32
360.803,load,87,35.357,1237,32
360.854,load,87,35.357,1237,32
360.904,load,87,35.357,1237,32
360.955,load,87,35.357,1237,32
361.005,load,87,35.357,1237,32
361.055,load,87,35.357,1237,32
361.105,load,88,35.806,1237,32
361.156,load,88,35.806,1237,32
361.206,load,88,35.806,1237,32
361.256,load,88,35.806,1237,32
361.307,load,88,35.806,1237,32
361.358,load,88,35.806,1237,32
361.408,load,88,35.806,1237,32
361.458,load,88,35.806,1237,32
361.509,load,88,35.806,1237,32
361.56,load,88,35.806,1237,32
361.61,load,87,35.613,1237,32
361.661,load,87,35.613,1237,32
361.711,load,87,35.613,1237,32
361.762,load,87,35.613,1237,32
361.812,load,87,35.613,1237,32
361.862,load,87,35.613,1237,32
361.912,load,87,35.613,1237,32
361.963,load,87,35.613,1237,32
362.013,load,87,35.613,1237,32
362.063,load,87,35.613,1237,32
362.113,load,88,35.534,1237,32
362.164,load,88,35.534,1237,32
362.214,load,88,35.534,1237,32
362.264,load,88,35.534,1237,32
362.315,load,88,35.534,1237,32
362.365,load,88,35.534,1237,32
362.416,load,88,35.534,1237,32
362.466,load,88,35.534,1237,32
362.517,load,88,35.534,1237,32
362.567,load,88,35.534,1237,32
362.618,load,87,35.1,1237,32
362.668,load,87,35.1,1237,32
362.719,load,87,35.1,1237,32
362.769,load,87,35.1,1237,32
362.82,load,87,35.1,1237,32
362.87,load,87,35.1,1237,32
362.92,load,87,35.1,1237,32
362.971,load,87,35.1,1237,32
363.021,load,87,35.1,1237,32
363.071,load,87,35.1,1237,32
363.122,load,88,35.473,1237,32
363.172,load,88,35.473,1237,32
363.223,load,88,35.473,1237,32
363.273,load,88,35.473,1237,32
363.324,load,88,35.473,1237,32
363.375,load,88,35.473,1237,32
363.425,load,88,35.473,1237,32
363.475,load,88,35.473,1237,32
363.526,load,88,35.473,1237,32
363.576,load,88,35.473,1237,32
363.627,load,88,36.529,1237,32
363.677,load,88,36.529,1237,32
363.728,load,88,36.529,1237,32
363.778,load,88,36.529,1237,32
363.829,load,88,36.529,1237,32
363.879,load,88,36.529,1237,32
363.929,load,88,36.529,1237,32
363.98,load,88,36.529,1237,32
364.03,load,88,36.529,1237,32
364.081,load,88,36.529,1237,32
364.131,load,88,36.572,1237,32
364.182,load,88,36.572,1237,32
364.232,load,88,36.572,1237,32
364.283,load,88,36.572,1237,32
364.333,load,88,36.572,1237,32
364.384,load,88,36.572,1237,32
364.434,load,88,36.572,1237,32
364.485,load,88,36.572,1237,32
364.535,load,88,36.572,1237,32
364.586,load,88,36.572,1237,32
364.636,load,88,36.775,1237,32
364.687,load,88,36.775,1237,32
364.737,load,88,36.775,1237,32
364.788,load,88,36.775,1237,32
364.838,load,88,36.775,1237,32
364.888,load,88,36.775,1237,32
364.939,load,88,36.775,1237,32
364.99,load,88,36.775,1237,32
365.04,load,88,36.775,1237,32
365.09,load,88,36.775,1237,32
365.141,load,88,36.814,1237,32
365.191,load,88,36.814,1237,32
365.241,load,88,36.814,1237,32
365.292,load,88,36.814,1237,32
365.342,load,88,36.814,1237,32
365.393,load,88,36.814,1237,32
365.443,load,88,36.814,1237,32
365.493,load,88,36.814,1237,32
365.544,load,88,36.814,1237,32
365.594,load,88,36.814,1237,32
365.645,load,88,36.573,1237,32
365.696,load,88,36.573,1237,32
365.746,load,88,36.573,1237,32
365.796,load,88,36.573,1237,32
365.847,load,88,36.573,1237,32
365.897,load,88,36.573,1237,32
365.948,load,88,36.573,1237,32
365.998,load,88,36.573,1237,32
366.049,load,88,36.573,1237,32
366.099,load,88,36.573,1237,32
366.15,load,88,36.699,1237,32
366.2,load,88,36.699,1237,32
366.251,load,88,36.699,1237,32
366.301,load,88,36.699,1237,32
366.351,load,88,36.699,1237,32
366.402,load,88,36.699,1237,32
366.452,load,88,36.699,1237,32
366.503,load,88,36.699,1237,32
366.553,load,88,36.699,1237,32
366.604,load,88,36.969,1237,32
366.654,load,88,36.969,1237,32
366.704,load,88,36.969,1237,32
366.755,load,88,36.969,1237,32
366.805,load,88,36.969,1237,32
366.855,load,88,36.969,1237,32
366.906,load,88,36.969,1237,32
366.956,load,88,36.969,1237,32
367.007,load,88,36.969,1237,32
367.057,load,88,36.969,1237,32
367.108,load,86,35.576,1237,32
367.158,load,86,35.576,1237,32
367.208,load,86,35.576,1237,32
367.259,load,86,35.576,1237,32
367.309,load,86,35.576,1237,32
367.359,load,86,35.576,1237,32
367.41,load,86,35.576,1237,32
367.46,load,86,35.576,1237,32
367.511,load,86,35.576,1237,32
367.562,load,86,35.576,1237,32
367.612,load,88,36.172,1237,32
367.663,load,88,36.172,1237,32
367.713,load,88,36.172,1237,32
367.763,load,88,36.172,1237,32
367.814,load,88,36.172,1237,32
367.864,load,88,36.172,1237,32
367.915,load,88,36.172,1237,32
367.965,load,88,36.172,1237,32
368.015,load,88,36.172,1237,32
368.066,load,88,36.172,1237,32
368.116,load,86,34.295,1237,32
368.167,load,86,34.295,1237,32
368.217,load,86,34.295,1237,32
368.267,load,86,34.295,1237,32
368.318,load,86,34.295,1237,32
368.368,load,86,34.295,1237,32
368.419,load,86,34.295,1237,32
368.47,load,86,34.295,1237,32
368.52,load,86,34.295,1237,32
368.571,load,86,34.295,1237,32
368.621,load,88,36.612,1237,32
368.671,load,88,36.612,1237,32
368.722,load,88,36.612,1237,32
368.772,load,88,36.612,1237,32
368.823,load,88,36.612,1237,32
368.873,load,88,36.612,1237,32
368.924,load,88,36.612,1237,32
368.974,load,88,36.612,1237,32
369.025,load,88,36.612,1237,32
369.075,load,88,36.612,1237,32
369.126,load,87,33.798,1237,32
369.177,load,87,33.798,1237,32
369.227,load,87,33.798,1237,32
369.278,load,87,33.798,1237,32
369.328,load,87,33.798,1237,32
369.378,load,87,33.798,1237,32
369.429,load,87,33.798,1237,32
369.479,load,87,33.798,1237,32
369.53,load,87,33.798,1237,32
369.58,load,87,33.798,1237,32
369.631,load,88,37.048,1237,32
369.681,load,88,37.048,1237,32
369.732,load,88,37.048,1237,32
369.782,load,88,37.048,1237,32
369.832,load,88,37.048,1237,32
369.883,load,88,37.048,1237,32
369.934,load,88,37.048,1237,32
369.984,load,88,37.048,1237,32
370.035,load,88,37.048,1237,32
370.085,load,88,37.048,1237,32
370.136,load,88,35.497,1237,32
370.186,load,88,35.497,1237,32
370.236,load,88,35.497,1237,32
370.287,load,88,35.497,1237,32
370.337,load,88,35.497,1237,32
370.387,load,88,35.497,1237,32
370.437,load,88,35.497,1237,32
370.488,load,88,35.497,1237,32
370.538,load,88,35.497,1237,32
370.589,load,88,35.497,1237,32
370.639,load,88,37.369,1237,32
370.689,load,88,37.369,1237,32
370.74,load,88,37.369,1237,32
370.79,load,88,37.369,1237,32
370.841,load,88,37.369,1237,32
370.891,load,88,37.369,1237,32
370.941,load,88,37.369,1237,32
370.992,load,88,37.369,1237,32
371.042,load,88,37.369,1237,32
371.092,load,88,37.369,1237,32
371.143,load,88,36.395,1237,32
371.193,load,88,36.395,1237,32
371.244,load,88,36.395,1237,32
371.294,load,88,36.395,1237,32
371.345,load,88,36.395,1237,32
371.395,load,88,36.395,1237,32
371.445,load,88,36.395,1237,32
371.496,load,88,36.395,1237,32
371.546,load,88,36.395,1237,32
371.596,load,88,36.395,1237,32
371.647,load,88,36.501,1237,32
371.697,load,88,36.501,1237,32
371.747,load,88,36.501,1237,32
371.798,load,88,36.501,1237,32
371.848,load,88,36.501,1237,32
371.899,load,88,36.501,1237,32
371.949,load,88,36.501,1237,32
372.0,load,88,36.501,1237,32
372.05,load,88,36.501,1237,32
372.1,load,88,36.501,1237,32
372.151,load,88,36.845,1237,32
372.202,load,88,36.845,1237,32
372.252,load,88,36.845,1237,32
372.303,load,88,36.845,1237,32
372.353,load,88,36.845,1237,32
372.404,load,88,36.845,1237,32
372.454,load,88,36.845,1237,32
372.505,load,88,36.845,1237,32
372.555,load,88,36.845,1237,32
372.605,load,89,37.138,1237,32
372.656,load,89,37.138,1237,32
372.706,load,89,37.138,1237,32
372.757,load,89,37.138,1237,32
372.807,load,89,37.138,1237,32
372.858,load,89,37.138,1237,32
372.908,load,89,37.138,1237,32
372.958,load,89,37.138,1237,32
373.009,load,89,37.138,1237,32
373.059,load,89,37.138,1237,32
373.11,load,88,37.231,1237,32
373.16,load,88,37.231,1237,32
373.211,load,88,37.231,1237,32
373.262,load,88,37.231,1237,32
373.312,load,88,37.231,1237,32
373.363,load,88,37.231,1237,32
373.413,load,88,37.231,1237,32
373.463,load,88,37.231,1237,32
373.514,load,88,37.231,1237,32
373.565,load,88,37.231,1237,32
373.615,load,87,36.685,1237,32
373.666,load,87,36.685,1237,32
373.716,load,87,36.685,1237,32
373.766,load,87,36.685,1237,32
373.817,load,87,36.685,1237,32
373.867,load,87,36.685,1237,32
373.917,load,87,36.685,1237,32
373.968,load,87,36.685,1237,32
374.018,load,87,36.685,1237,32
374.068,load,87,36.685,1237,32
374.119,load,88,36.713,1237,32
374.169,load,88,36.713,1237,32
374.22,load,88,36.713,1237,32
374.27,load,88,36.713,1237,32
374.32,load,88,36.713,1237,32
374.371,load,88,36.713,1237,32
374.421,load,88,36.713,1237,32
374.472,load,88,36.713,1237,32
374.522,load,88,36.713,1237,32
374.573,load,88,36.713,1237,32
374.623,load,86,35.143,1237,32
374.673,load,86,35.143,1237,32
374.723,load,86,35.143,1237,32
374.774,load,86,35.143,1237,32
374.824,load,86,35.143,1237,32
374.875,load,86,35.143,1237,32
374.925,load,86,35.143,1237,32
374.975,load,86,35.143,1237,32
375.026,load,86,35.143,1237,32
375.076,load,86,35.143,1237,32
375.127,load,88,36.835,1237,32
375.177,load,88,36.835,1237,32
375.227,load,88,36.835,1237,32
375.278,load,88,36.835,1237,32
375.328,load,88,36.835,1237,32
375.378,load,88,36.835,1237,32
375.429,load,88,36.835,1237,32
375.479,load,88,36.835,1237,32
375.529,load,88,36.835,1237,32
375.579,load,88,36.835,1237,32
375.63,load,86,34.942,1237,32
375.68,load,86,34.942,1237,32
375.731,load,86,34.942,1237,32
375.782,load,86,34.942,1237,32
375.832,load,86,34.942,1237,32
375.882,load,86,34.942,1237,32
375.932,load,86,34.942,1237,32
375.983,load,86,34.942,1237,32
376.034,load,86,34.942,1237,32
376.084,load,86,34.942,1237,32
376.135,load,88,36.188,1237,32
376.185,load,88,36.188,1237,32
376.236,load,88,36.188,1237,32
376.286,load,88,36.188,1237,32
376.337,load,88,36.188,1237,32
376.388,load,88,36.188,1237,32
376.438,load,88,36.188,1237,32
376.488,load,88,36.188,1237,32
376.539,load,88,36.188,1237,32
376.589,load,88,36.188,1237,32
376.639,load,87,36.386,1237,32
376.69,load,87,36.386,1237,32
376.74,load,87,36.386,1237,32
376.791,load,87,36.386,1237,32
376.841,load,87,36.386,1237,32
376.892,load,87,36.386,1237,32
376.942,load,87,36.386,1237,32
376.993,load,87,36.386,1237,32
377.043,load,87,36.386,1237,32
377.094,load,87,36.386,1237,32
377.144,load,88,37.191,1237,32
377.194,load,88,37.191,1237,32
377.244,load,88,37.191,1237,32
377.295,load,88,37.191,1237,32
377.345,load,88,37.191,1237,32
377.396,load,88,37.191,1237,32
377.446,load,88,37.191,1237,32
377.497,load,88,37.191,1237,32
377.547,load,88,37.191,1237,32
377.597,load,88,37.191,1237,32
377.648,load,87,36.717,1237,32
377.699,load,87,36.717,1237,32
377.749,load,87,36.717,1237,32
377.799,load,87,36.717,1237,32
377.85,load,87,36.717,1237,32
377.9,load,87,36.717,1237,32
377.951,load,87,36.717,1237,32
378.001,load,87,36.717,1237,32
378.052,load,87,36.717,1237,32
378.102,load,88,36.171,1237,32
378.153,load,88,36.171,1237,32
378.203,load,88,36.171,1237,32
378.254,load,88,36.171,1237,32
378.304,load,88,36.171,1237,32
378.354,load,88,36.171,1237,32
378.405,load,88,36.171,1237,32
378.455,load,88,36.171,1237,32
378.505,load,88,36.171,1237,32
378.556,load,88,36.171,1237,32
378.606,load,88,36.144,1237,32
378.657,load,88,36.144,1237,32
378.707,load,88,36.144,1237,32
378.757,load,88,36.144,1237,32
378.807,load,88,36.144,1237,32
378.858,load,88,36.144,1237,32
378.909,load,88,36.144,1237,32
378.959,load,88,36.144,1237,32
379.009,load,88,36.144,1237,32
379.06,load,88,36.144,1237,32
379.11,load,89,36.807,1237,32
379.161,load,89,36.807,1237,32
379.211,load,89,36.807,1237,32
379.262,load,89,36.807,1237,32
379.313,load,89,36.807,1237,32
379.363,load,89,36.807,1237,32
379.414,load,89,36.807,1237,32
379.464,load,89,36.807,1237,32
379.514,load,89,36.807,1237,32
379.565,load,89,36.807,1237,32
379.615,load,88,36.816,1237,32
379.666,load,88,36.816,1237,32
379.716,load,88,36.816,1237,32
379.766,load,88,36.816,1237,32
379.817,load,88,36.816,1237,32
379.867,load,88,36.816,1237,32
379.917,load,88,36.816,1237,32
379.967,load,88,36.816,1237,32
380.018,load,88,36.816,1237,32
380.068,load,88,36.816,1237,32
380.119,load,89,36.105,1237,32
380.169,load,89,36.105,1237,32
380.22,load,89,36.105,1237,32
380.27,load,89,36.105,1237,32
380.321,load,89,36.105,1237,32
380.371,load,89,36.105,1237,32
380.422,load,89,36.105,1237,32
380.472,load,89,36.105,1237,32
380.523,load,89,36.105,1237,32
380.573,load,89,36.105,1237,32
380.624,load,88,35.908,1237,32
380.674,load,88,35.908,1237,32
380.724,load,88,35.908,1237,32
380.775,load,88,35.908,1237,32
380.825,load,88,35.908,1237,32
380.876,load,88,35.908,1237,32
380.926,load,88,35.908,1237,32
380.977,load,88,35.908,1237,32
381.027,load,88,35.908,1237,32
381.077,load,88,35.908,1237,32
381.128,load,89,34.737,1237,32
381.178,load,89,34.737,1237,32
381.228,load,89,34.737,1237,32
381.279,load,89,34.737,1237,32
381.329,load,89,34.737,1237,32
381.38,load,89,34.737,1237,32
381.43,load,89,34.737,1237,32
381.481,load,89,34.737,1237,32
381.531,load,89,34.737,1237,32
381.582,load,89,34.737,1237,32
381.632,load,88,36.98,1237,32
381.683,load,88,36.98,1237,32
381.733,load,88,36.98,1237,32
381.783,load,88,36.98,1237,32
381.834,load,88,36.98,1237,32
381.884,load,88,36.98,1237,32
381.935,load,88,36.98,1237,32
381.985,load,88,36.98,1237,32
382.035,load,88,36.98,1237,32
382.085,load,88,36.98,1237,32
382.136,load,87,34.289,1237,32
382.186,load,87,34.289,1237,32
382.237,load,87,34.289,1237,32
382.287,load,87,34.289,1237,32
382.338,load,87,34.289,1237,32
382.389,load,87,34.289,1237,32
382.439,load,87,34.289,1237,32
382.49,load,87,34.289,1237,32
382.54,load,87,34.289,1237,32
382.59,load,87,34.289,1237,32
382.641,load,88,36.385,1237,32
382.691,load,88,36.385,1237,32
382.741,load,88,36.385,1237,32
382.792,load,88,36.385,1237,32
382.842,load,88,36.385,1237,32
382.892,load,88,36.385,1237,32
382.943,load,88,36.385,1237,32
382.993,load,88,36.385,1237,32
383.044,load,88,36.385,1237,32
383.095,load,88,36.385,1237,32
383.145,load,86,33.99,1237,32
383.195,load,86,33.99,1237,32
383.245,load,86,33.99,1237,32
383.296,load,86,33.99,1237,32
383.346,load,86,33.99,1237,32
383.396,load,86,33.99,1237,32
383.447,load,86,33.99,1237,32
383.497,load,86,33.99,1237,32
383.548,load,86,33.99,1237,32
383.598,load,86,33.99,1237,32
383.649,load,88,36.936,1237,32
383.699,load,88,36.936,1237,32
383.749,load,88,36.936,1237,32
383.8,load,88,36.936,1237,32
383.85,load,88,36.936,1237,32
383.901,load,88,36.936,1237,32
383.951,load,88,36.936,1237,32
384.002,load,88,36.936,1237,32
384.052,load,88,36.936,1237,32
384.103,load,87,35.337,1237,32
384.153,load,87,35.337,1237,32
384.204,load,87,35.337,1237,32
384.254,load,87,35.337,1237,32
384.305,load,87,35.337,1237,32
384.355,load,87,35.337,1237,32
384.406,load,87,35.337,1237,32
384.456,load,87,35.337,1237,32
384.507,load,87,35.337,1237,32
384.557,load,87,35.337,1237,32
384.607,load,88,36.743,1237,32
384.658,load,88,36.743,1237,32
384.708,load,88,36.743,1237,32
384.759,load,88,36.743,1237,32
384.809,load,88,36.743,1237,32
384.86,load,88,36.743,1237,32
384.91,load,88,36.743,1237,32
384.961,load,88,36.743,1237,32
385.011,load,88,36.743,1237,32
385.061,load,88,36.743,1237,32
385.112,load,87,36.8,1237,32
385.162,load,87,36.8,1237,32
385.213,load,87,36.8,1237,32
385.264,load,87,36.8,1237,32
385.314,load,87,36.8,1237,32
385.365,load,87,36.8,1237,32
385.415,load,87,36.8,1237,32
385.465,load,87,36.8,1237,32
385.516,load,87,36.8,1237,32
385.566,load,87,36.8,1237,32
385.617,load,88,37.182,1237,32
385.667,load,88,37.182,1237,32
385.718,load,88,37.182,1237,32
385.768,load,88,37.182,1237,32
385.818,load,88,37.182,1237,32
385.868,load,88,37.182,1237,32
385.919,load,88,37.182,1237,32
385.969,load,88,37.182,1237,32
386.019,load,88,37.182,1237,32
386.07,load,88,37.182,1237,32
386.12,load,88,37.237,1237,32
386.17,load,88,37.237,1237,32
386.221,load,88,37.237,1237,32
386.271,load,88,37.237,1237,32
386.321,load,88,37.237,1237,32
386.372,load,88,37.237,1237,32
386.422,load,88,37.237,1237,32
386.473,load,88,37.237,1237,32
386.523,load,88,37.237,1237,32
386.574,load,88,37.237,1237,32
386.624,load,88,37.131,1237,32
386.675,load,88,37.131,1237,32
386.726,load,88,37.131,1237,32
386.776,load,88,37.131,1237,32
386.826,load,88,37.131,1237,32
386.877,load,88,37.131,1237,32
386.927,load,88,37.131,1237,32
386.978,load,88,37.131,1237,32
387.028,load,88,37.131,1237,32
387.079,load,88,37.131,1237,32
387.129,load,88,35.779,1237,32
387.179,load,88,35.779,1237,32
387.23,load,88,35.779,1237,32
387.28,load,88,35.779,1237,32
387.33,load,88,35.779,1237,32
387.381,load,88,35.779,1237,32
387.431,load,88,35.779,1237,32
387.481,load,88,35.779,1237,32
387.532,load,88,35.779,1237,32
387.582,load,88,35.779,1237,32
387.633,load,88,35.634,1237,32
387.683,load,88,35.634,1237,32
387.733,load,88,35.634,1237,32
387.784,load,88,35.634,1237,32
387.834,load,88,35.634,1237,32
387.885,load,88,35.634,1237,32
387.935,load,88,35.634,1237,32
387.985,load,88,35.634,1237,32
388.036,load,88,35.634,1237,32
388.086,load,88,35.634,1237,32
388.137,load,88,36.545,1237,32
388.187,load,88,36.545,1237,32
388.238,load,88,36.545,1237,32
388.288,load,88,36.545,1237,32
388.338,load,88,36.545,1237,32
388.389,load,88,36.545,1237,32
388.439,load,88,36.545,1237,32
388.49,load,88,36.545,1237,32
388.54,load,88,36.545,1237,32
388.591,load,88,36.545,1237,32
388.641,load,88,36.308,1237,32
388.691,load,88,36.308,1237,32
388.742,load,88,36.308,1237,32
388.792,load,88,36.308,1237,32
388.843,load,88,36.308,1237,32
388.893,load,88,36.308,1237,32
388.944,load,88,36.308,1237,32
388.994,load,88,36.308,1237,32
389.045,load,88,36.308,1237,32
389.095,load,88,36.308,1237,32
389.146,load,88,36.359,1237,32
389.196,load,88,36.359,1237,32
389.247,load,88,36.359,1237,32
389.297,load,88,36.359,1237,32
389.348,load,88,36.359,1237,32
389.398,load,88,36.359,1237,32
389.449,load,88,36.359,1237,32
389.499,load,88,36.359,1237,32
389.549,load,88,36.359,1237,32
389.599,load,88,36.359,1237,32
389.65,load,88,35.24,1237,32
389.7,load,88,35.24,1237,32
389.751,load,88,35.24,1237,32
389.801,load,88,35.24,1237,32
389.852,load,88,35.24,1237,32
389.902,load,88,35.24,1237,32
389.953,load,88,35.24,1237,32
390.003,load,88,35.24,1237,32
390.053,load,88,35.24,1237,32
390.104,load,88,36.982,1237,32
390.154,load,88,36.982,1237,32
390.205,load,88,36.982,1237,32
390.255,load,88,36.982,1237,32
390.305,load,88,36.982,1237,32
390.356,load,88,36.982,1237,32
390.406,load,88,36.982,1237,32
390.456,load,88,36.982,1237,32
390.507,load,88,36.982,1237,32
390.557,load,88,36.982,1237,32
390.608,load,86,34.066,1237,32
390.658,load,86,34.066,1237,32
390.708,load,86,34.066,1237,32
390.759,load,86,34.066,1237,32
390.809,load,86,34.066,1237,32
390.86,load,86,34.066,1237,32
390.91,load,86,34.066,1237,32
390.96,load,86,34.066,1237,32
391.011,load,86,34.066,1237,32
391.061,load,86,34.066,1237,32
391.111,load,88,36.868,1237,32
391.161,load,88,36.868,1237,32
391.212,load,88,36.868,1237,32
391.262,load,88,36.868,1237,32
391.312,load,88,36.868,1237,32
391.363,load,88,36.868,1237,32
391.413,load,88,36.868,1237,32
391.463,load,88,36.868,1237,32
391.514,load,88,36.868,1237,32
391.564,load,88,36.868,1237,32
391.615,load,86,34.759,1237,32
391.666,load,86,34.759,1237,32
391.716,load,86,34.759,1237,32
391.767,load,86,34.759,1237,32
391.817,load,86,34.759,1237,32
391.867,load,86,34.759,1237,32
391.918,load,86,34.759,1237,32
391.968,load,86,34.759,1237,32
392.019,load,86,34.759,1237,32
392.069,load,86,34.759,1237,32
392.12,load,88,36.825,1237,32
392.17,load,88,36.825,1237,32
392.221,load,88,36.825,1237,32
392.271,load,88,36.825,1237,32
392.321,load,88,36.825,1237,32
392.372,load,88,36.825,1237,32
392.422,load,88,36.825,1237,32
392.472,load,88,36.825,1237,32
392.522,load,88,36.825,1237,32
392.573,load,88,36.825,1237,32
392.623,load,87,36.284,1237,32
392.674,load,87,36.284,1237,32
392.724,load,87,36.284,1237,32
392.775,load,87,36.284,1237,32
392.825,load,87,36.284,1237,32
392.876,load,87,36.284,1237,32
392.926,load,87,36.284,1237,32
392.977,load,87,36.284,1237,32
393.027,load,87,36.284,1237,32
393.077,load,87,36.284,1237,32
393.127,load,88,36.978,1237,32
393.178,load,88,36.978,1237,32
393.228,load,88,36.978,1237,32
393.278,load,88,36.978,1237,32
393.329,load,88,36.978,1237,32
393.379,load,88,36.978,1237,32
393.43,load,88,36.978,1237,32
393.48,load,88,36.978,1237,32
393.531,load,88,36.978,1237,32
393.581,load,88,36.978,1237,32
393.632,load,88,37.228,1237,32
393.682,load,88,37.228,1237,32
393.733,load,88,37.228,1237,32
393.784,load,88,37.228,1237,32
393.834,load,88,37.228,1237,32
393.884,load,88,37.228,1237,32
393.935,load,88,37.228,1237,32
393.985,load,88,37.228,1237,32
394.036,load,88,37.228,1237,32
394.086,load,88,37.228,1237,32
394.137,load,89,37.485,1237,32
394.187,load,89,37.485,1237,32
394.237,load,89,37.485,1237,32
394.287,load,89,37.485,1237,32
394.338,load,89,37.485,1237,32
394.388,load,89,37.485,1237,32
394.438,load,89,37.485,1237,32
394.489,load,89,37.485,1237,32
394.539,load,89,37.485,1237,32
394.59,load,89,37.485,1237,32
394.64,load,88,37.026,1237,32
394.691,load,88,37.026,1237,32
394.741,load,88,37.026,1237,32
394.792,load,88,37.026,1237,32
394.842,load,88,37.026,1237,32
394.892,load,88,37.026,1237,32
394.943,load,88,37.026,1237,32
394.993,load,88,37.026,1237,32
395.043,load,88,37.026,1237,32
395.094,load,88,37.026,1237,32
395.144,load,89,36.753,1237,32
395.195,load,89,36.753,1237,32
395.245,load,89,36.753,1237,32
395.296,load,89,36.753,1237,32
395.346,load,89,36.753,1237,32
395.396,load,89,36.753,1237,32
395.447,load,89,36.753,1237,32
395.497,load,89,36.753,1237,32
395.547,load,89,36.753,1237,32
395.598,load,89,36.753,1237,32
395.649,load,88,36.877,1237,32
395.699,load,88,36.877,1237,32
395.749,load,88,36.877,1237,32
395.799,load,88,36.877,1237,32
395.85,load,88,36.877,1237,32
395.9,load,88,36.877,1237,32
395.951,load,88,36.877,1237,32
396.001,load,88,36.877,1237,32
396.051,load,88,36.877,1237,32
396.102,load,88,36.877,1237,32
396.152,load,88,35.226,1237,32
396.203,load,88,35.226,1237,32
396.253,load,88,35.226,1237,32
396.304,load,88,35.226,1237,32
396.354,load,88,35.226,1237,32
396.405,load,88,35.226,1237,32
396.455,load,88,35.226,1237,32
396.505,load,88,35.226,1237,32
396.556,load,88,35.226,1237,32
396.607,load,88,37.227,1237,32
396.657,load,88,37.227,1237,32
396.707,load,88,37.227,1237,32
396.758,load,88,37.227,1237,32
396.808,load,88,37.227,1237,32
396.86,load,88,37.227,1237,32
396.911,load,88,37.227,1237,32
396.961,load,88,37.227,1237,32
397.011,load,88,37.227,1237,32
397.062,load,88,37.227,1237,32
397.112,load,87,33.976,1237,32
397.162,load,87,33.976,1237,32
397.213,load,87,33.976,1237,32
397.263,load,87,33.976,1237,32
397.314,load,87,33.976,1237,32
397.364,load,87,33.976,1237,32
397.415,load,87,33.976,1237,32
397.465,load,87,33.976,1237,32
397.516,load,87,33.976,1237,32
397.566,load,87,33.976,1237,32
397.616,load,88,36.778,1237,32
397.666,load,88,36.778,1237,32
397.717,load,88,36.778,1237,32
397.767,load,88,36.778,1237,32
397.818,load,88,36.778,1237,32
397.868,load,88,36.778,1237,32
397.919,load,88,36.778,1237,32
397.969,load,88,36.778,1237,32
398.02,load,88,36.778,1237,32
398.07,load,88,36.778,1237,32
398.121,load,86,34.62,1237,32
398.171,load,86,34.62,1237,32
398.221,load,86,34.62,1237,32
398.272,load,86,34.62,1237,32
398.322,load,86,34.62,1237,32
398.373,load,86,34.62,1237,32
398.423,load,86,34.62,1237,32
398.473,load,86,34.62,1237,32
398.524,load,86,34.62,1237,32
398.574,load,86,34.62,1237,32
398.625,load,88,36.643,1237,32
398.675,load,88,36.643,1237,32
398.725,load,88,36.643,1237,32
398.776,load,88,36.643,1237,32
398.826,load,88,36.643,1237,32
398.876,load,88,36.643,1237,32
398.926,load,88,36.643,1237,32
398.977,load,88,36.643,1237,32
399.027,load,88,36.643,1237,32
399.077,load,88,36.643,1237,32
399.128,load,86,35.085,1237,32
399.178,load,86,35.085,1237,32
399.229,load,86,35.085,1237,32
399.279,load,86,35.085,1237,32
399.329,load,86,35.085,1237,32
399.38,load,86,35.085,1237,32
399.43,load,86,35.085,1237,32
399.481,load,86,35.085,1237,32
399.532,load,86,35.085,1237,32
399.582,load,86,35.085,1237,32
399.633,load,88,35.808,1237,32
399.683,load,88,35.808,1237,32
399.734,load,88,35.808,1237,32
399.784,load,88,35.808,1237,32
399.835,load,88,35.808,1237,32
399.885,load,88,35.808,1237,32
399.935,load,88,35.808,1237,32
399.986,load,88,35.808,1237,32
400.036,load,88,35.808,1237,32
400.087,load,88,35.808,1237,32
400.137,load,87,36.161,1237,32
400.188,load,87,36.161,1237,32
400.238,load,87,36.161,1237,32
400.288,load,87,36.161,1237,32
400.339,load,87,36.161,1237,32
400.389,load,87,36.161,1237,32
400.44,load,87,36.161,1237,32
400.49,load,87,36.161,1237,32
400.541,load,87,36.161,1237,32
400.591,load,87,36.161,1237,32
400.641,load,89,36.857,1237,32
400.692,load,89,36.857,1237,32
400.742,load,89,36.857,1237,32
400.792,load,89,36.857,1237,32
400.843,load,89,36.857,1237,32
400.893,load,89,36.857,1237,32
400.944,load,89,36.857,1237,32
400.994,load,89,36.857,1237,32
401.045,load,89,36.857,1237,32
401.095,load,89,36.857,1237,32
401.145,load,88,36.85,1237,32
401.196,load,88,36.85,1237,32
401.246,load,88,36.85,1237,32
401.296,load,88,36.85,1237,32
401.347,load,88,36.85,1237,32
401.397,load,88,36.85,1237,32
401.447,load,88,36.85,1237,32
401.497,load,88,36.85,1237,32
401.548,load,88,36.85,1237,32
401.598,load,88,36.85,1237,32
401.648,load,89,37.062,1237,32
401.699,load,89,37.062,1237,32
401.749,load,89,37.062,1237,32
401.8,load,89,37.062,1237,32
401.85,load,89,37.062,1237,32
401.901,load,89,37.062,1237,32
401.951,load,89,37.062,1237,32
402.001,load,89,37.062,1237,32
402.052,load,89,37.062,1237,32
402.102,load,89,37.062,1237,32
402.153,load,88,36.879,1237,32
402.203,load,88,36.879,1237,32
402.253,load,88,36.879,1237,32
402.304,load,88,36.879,1237,32
402.354,load,88,36.879,1237,32
402.405,load,88,36.879,1237,32
402.455,load,88,36.879,1237,32
402.506,load,88,36.879,1237,32
402.556,load,88,36.879,1237,32
402.607,load,89,36.833,1237,32
402.657,load,89,36.833,1237,32
402.707,load,89,36.833,1237,32
402.757,load,89,36.833,1237,32
402.807,load,89,36.833,1237,32
402.858,load,89,36.833,1237,32
402.908,load,89,36.833,1237,32
402.959,load,89,36.833,1237,32
403.009,load,89,36.833,1237,32
403.059,load,89,36.833,1237,32
403.11,load,88,37.199,1237,32
403.16,load,88,37.199,1237,32
403.21,load,88,37.199,1237,32
403.261,load,88,37.199,1237,32
403.311,load,88,37.199,1237,32
403.361,load,88,37.199,1237,32
403.412,load,88,37.199,1237,32
403.462,load,88,37.199,1237,32
403.512,load,88,37.199,1237,32
403.563,load,88,37.199,1237,32
403.613,load,88,36.025,1237,32
403.664,load,88,36.025,1237,32
403.714,load,88,36.025,1237,32
403.765,load,88,36.025,1237,32
403.815,load,88,36.025,1237,32
403.865,load,88,36.025,1237,32
403.915,load,88,36.025,1237,32
403.966,load,88,36.025,1237,32
404.016,load,88,36.025,1237,32
404.067,load,88,36.025,1237,32
404.117,load,88,37.033,1237,32
404.167,load,88,37.033,1237,32
404.218,load,88,37.033,1237,32
404.268,load,88,37.033,1237,32
404.319,load,88,37.033,1237,32
404.369,load,88,37.033,1237,32
404.419,load,88,37.033,1237,32
404.47,load,88,37.033,1237,32
404.521,load,88,37.033,1237,32
404.571,load,88,37.033,1237,32
404.621,load,87,34.099,1237,32
404.672,load,87,34.099,1237,32
404.722,load,87,34.099,1237,32
404.772,load,87,34.099,1237,32
404.823,load,87,34.099,1237,32
404.873,load,87,34.099,1237,32
404.924,load,87,34.099,1237,32
404.974,load,87,34.099,1237,32
405.025,load,87,34.099,1237,32
405.075,load,87,34.099,1237,32
405.126,load,89,37.058,1237,32
405.176,load,89,37.058,1237,32
405.226,load,89,37.058,1237,32
405.277,load,89,37.058,1237,32
405.327,load,89,37.058,1237,32
405.377,load,89,37.058,1237,32
405.428,load,89,37.058,1237,32
405.478,load,89,37.058,1237,32
405.529,load,89,37.058,1237,32
405.579,load,89,37.058,1237,32
405.63,load,87,35.143,1237,32
405.68,load,87,35.143,1237,32
405.73,load,87,35.143,1237,32
405.78,load,87,35.143,1237,32
405.831,load,87,35.143,1237,32
405.881,load,87,35.143,1237,32
405.932,load,87,35.143,1237,32
405.982,load,87,35.143,1237,32
406.032,load,87,35.143,1237,32
406.083,load,87,35.143,1237,32
406.133,load,89,37.112,1237,32
406.184,load,89,37.112,1237,32
406.234,load,89,37.112,1237,32
406.284,load,89,37.112,1237,32
406.335,load,89,37.112,1237,32
406.386,load,89,37.112,1237,32
406.436,load,89,37.112,1237,32
406.487,load,89,37.112,1237,32
406.537,load,89,37.112,1237,32
406.588,load,89,37.112,1237,32
406.638,load,88,36.601,1237,32
406.689,load,88,36.601,1237,32
406.739,load,88,36.601,1237,32
406.79,load,88,36.601,1237,32
406.84,load,88,36.601,1237,32
406.89,load,88,36.601,1237,32
406.941,load,88,36.601,1237,32
406.991,load,88,36.601,1237,32
407.042,load,88,36.601,1237,32
407.092,load,88,36.601,1237,32
407.142,load,89,37.19,1237,32
407.193,load,89,37.19,1237,32
407.244,load,89,37.19,1237,32
407.294,load,89,37.19,1237,32
407.344,load,89,37.19,1237,32
407.395,load,89,37.19,1237,32
407.445,load,89,37.19,1237,32
407.496,load,89,37.19,1237,32
407.546,load,89,37.19,1237,32
407.597,load,89,37.19,1237,32
407.647,load,88,36.449,1237,32
407.698,load,88,36.449,1237,32
407.748,load,88,36.449,1237,32
407.798,load,88,36.449,1237,32
407.848,load,88,36.449,1237,32
407.899,load,88,36.449,1237,32
407.95,load,88,36.449,1237,32
408.0,load,88,36.449,1237,32
408.05,load,88,36.449,1237,32
408.101,load,88,36.449,1237,32
408.151,load,89,36.597,1237,32
408.202,load,89,36.597,1237,32
408.252,load,89,36.597,1237,32
408.303,load,89,36.597,1237,32
408.353,load,89,36.597,1237,32
408.404,load,89,36.597,1237,32
408.454,load,89,36.597,1237,32
408.505,load,89,36.597,1237,32
408.555,load,89,36.597,1237,32
408.606,load,88,36.774,1237,32
408.656,load,88,36.774,1237,32
408.706,load,88,36.774,1237,32
408.757,load,88,36.774,1237,32
408.807,load,88,36.774,1237,32
408.857,load,88,36.774,1237,32
408.907,load,88,36.774,1237,32
408.958,load,88,36.774,1237,32
409.008,load,88,36.774,1237,32
409.058,load,88,36.774,1237,32
409.109,load,89,36.937,1237,32
409.159,load,89,36.937,1237,32
409.21,load,89,36.937,1237,32
409.26,load,89,36.937,1237,32
409.31,load,89,36.937,1237,32
409.361,load,89,36.937,1237,32
409.411,load,89,36.937,1237,32
409.461,load,89,36.937,1237,32
409.512,load,89,36.937,1237,32
409.562,load,89,36.937,1237,32
409.613,load,88,36.707,1237,32
409.663,load,88,36.707,1237,32
409.714,load,88,36.707,1237,32
409.764,load,88,36.707,1237,32
409.814,load,88,36.707,1237,32
409.865,load,88,36.707,1237,32
409.915,load,88,36.707,1237,32
409.966,load,88,36.707,1237,32
410.016,load,88,36.707,1237,32
410.067,load,88,36.707,1237,32
410.117,load,89,35.939,1237,32
410.168,load,89,35.939,1237,32
410.218,load,89,35.939,1237,32
410.268,load,89,35.939,1237,32
410.319,load,89,35.939,1237,32
410.369,load,89,35.939,1237,32
410.42,load,89,35.939,1237,32
410.47,load,89,35.939,1237,32
410.52,load,89,35.939,1237,32
410.571,load,89,35.939,1237,32
410.621,load,88,36.743,1237,32
410.672,load,88,36.743,1237,32
410.722,load,88,36.743,1237,32
410.772,load,88,36.743,1237,32
410.823,load,88,36.743,1237,32
410.873,load,88,36.743,1237,32
410.924,load,88,36.743,1237,32
410.974,load,88,36.743,1237,32
411.025,load,88,36.743,1237,32
411.075,load,88,36.743,1237,32
411.126,load,88,35.209,1237,32
411.176,load,88,35.209,1237,32
411.227,load,88,35.209,1237,32
411.277,load,88,35.209,1237,32
411.328,load,88,35.209,1237,32
411.378,load,88,35.209,1237,32
411.429,load,88,35.209,1237,32
411.48,load,88,35.209,1237,32
411.53,load,88,35.209,1237,32
411.58,load,88,35.209,1237,32
411.631,load,89,37.304,1237,32
411.681,load,89,37.304,1237,32
411.731,load,89,37.304,1237,32
411.782,load,89,37.304,1237,32
411.832,load,89,37.304,1237,32
411.882,load,89,37.304,1237,32
411.933,load,89,37.304,1237,32
411.984,load,89,37.304,1237,32
412.034,load,89,37.304,1237,32
412.085,load,89,37.304,1237,32
412.135,load,87,34.562,1237,32
412.186,load,87,34.562,1237,32
412.236,load,87,34.562,1237,32
412.287,load,87,34.562,1237,32
412.337,load,87,34.562,1237,32
412.387,load,87,34.562,1237,32
412.438,load,87,34.562,1237,32
412.488,load,87,34.562,1237,32
412.539,load,87,34.562,1237,32
412.589,load,87,34.562,1237,32
412.64,load,89,37.173,1237,32
412.69,load,89,37.173,1237,32
412.74,load,89,37.173,1237,32
412.791,load,89,37.173,1237,32
412.841,load,89,37.173,1237,32
412.892,load,89,37.173,1237,32
412.942,load,89,37.173,1237,32
412.993,load,89,37.173,1237,32
413.043,load,89,37.173,1237,32
413.094,load,89,37.173,1237,32
413.144,load,87,35.541,1237,32
413.194,load,87,35.541,1237,32
413.245,load,87,35.541,1237,32
413.295,load,87,35.541,1237,32
413.346,load,87,35.541,1237,32
413.396,load,87,35.541,1237,32
413.447,load,87,35.541,1237,32
413.497,load,87,35.541,1237,32
413.548,load,87,35.541,1237,32
413.598,load,87,35.541,1237,32
413.648,load,88,36.298,1237,32
413.699,load,88,36.298,1237,32
413.75,load,88,36.298,1237,32
413.8,load,88,36.298,1237,32
413.851,load,88,36.298,1237,32
413.901,load,88,36.298,1237,32
413.952,load,88,36.298,1237,32
414.002,load,88,36.298,1237,32
414.052,load,88,36.298,1237,32
414.102,load,88,36.298,1237,32
414.153,load,87,35.404,1237,32
414.204,load,87,35.404,1237,32
414.254,load,87,35.404,1237,32
414.305,load,87,35.404,1237,32
414.355,load,87,35.404,1237,32
414.405,load,87,35.404,1237,32
414.456,load,87,35.404,1237,32
414.506,load,87,35.404,1237,32
414.557,load,87,35.404,1237,32
414.607,load,88,35.668,1237,32
414.658,load,88,35.668,1237,32
414.708,load,88,35.668,1237,32
414.759,load,88,35.668,1237,32
414.809,load,88,35.668,1237,32
414.86,load,88,35.668,1237,32
414.91,load,88,35.668,1237,32
414.96,load,88,35.668,1237,32
415.011,load,88,35.668,1237,32
415.061,load,88,35.668,1237,32
415.111,load,87,36.167,1237,32
415.162,load,87,36.167,1237,32
415.212,load,87,36.167,1237,32
415.263,load,87,36.167,1237,32
415.313,load,87,36.167,1237,32
415.363,load,87,36.167,1237,32
415.414,load,87,36.167,1237,32
415.464,load,87,36.167,1237,32
415.515,load,87,36.167,1237,32
415.565,load,87,36.167,1237,32
415.616,load,89,36.386,1237,32
415.666,load,89,36.386,1237,32
415.717,load,89,36.386,1237,32
415.767,load,89,36.386,1237,32
415.817,load,89,36.386,1237,32
415.867,load,89,36.386,1237,32
415.918,load,89,36.386,1237,32
415.969,load,89,36.386,1237,32
416.019,load,89,36.386,1237,32
416.07,load,89,36.386,1237,32
416.12,load,88,36.932,1237,32
416.17,load,88,36.932,1237,32
416.22,load,88,36.932,1237,32
416.271,load,88,36.932,1237,32
416.321,load,88,36.932,1237,32
416.371,load,88,36.932,1237,32
416.422,load,88,36.932,1237,32
416.472,load,88,36.932,1237,32
416.525,load,88,36.932,1237,32
416.576,load,88,36.932,1237,32
416.626,load,89,36.973,1237,32
416.677,load,89,36.973,1237,32
416.727,load,89,36.973,1237,32
416.777,load,89,36.973,1237,32
416.828,load,89,36.973,1237,32
416.878,load,89,36.973,1237,32
416.929,load,89,36.973,1237,32
416.98,load,89,36.973,1237,32
417.03,load,89,36.973,1237,32
417.082,load,89,36.973,1237,32
417.132,load,88,35.84,1237,32
417.182,load,88,35.84,1237,32
417.233,load,88,35.84,1237,32
417.283,load,88,35.84,1237,32
417.333,load,88,35.84,1237,32
417.384,load,88,35.84,1237,32
417.435,load,88,35.84,1237,32
417.485,load,88,35.84,1237,32
417.536,load,88,35.84,1237,32
417.586,load,88,35.84,1237,32
417.637,load,89,35.573,1237,32
417.687,load,89,35.573,1237,32
417.738,load,89,35.573,1237,32
417.79,load,89,35.573,1237,32
417.84,load,89,35.573,1237,32
417.891,load,89,35.573,1237,32
417.941,load,89,35.573,1237,32
417.991,load,89,35.573,1237,32
418.042,load,89,35.573,1237,32
418.092,load,89,35.573,1237,32
418.142,load,88,36.578,1237,32
418.193,load,88,36.578,1237,32
418.243,load,88,36.578,1237,32
418.294,load,88,36.578,1237,32
418.344,load,88,36.578,1237,32
418.394,load,88,36.578,1237,32
418.445,load,88,36.578,1237,32
418.495,load,88,36.578,1237,32
418.546,load,88,36.578,1237,32
418.596,load,88,36.578,1237,32
418.646,load,89,36.95,1237,32
418.697,load,89,36.95,1237,32
418.747,load,89,36.95,1237,32
418.798,load,89,36.95,1237,32
418.848,load,89,36.95,1237,32
418.898,load,89,36.95,1237,32
418.949,load,89,36.95,1237,32
418.999,load,89,36.95,1237,32
419.05,load,89,36.95,1237,32
419.1,load,89,36.95,1237,32
419.151,load,88,35.962,1237,32
419.202,load,88,35.962,1237,32
419.252,load,88,35.962,1237,32
419.303,load,88,35.962,1237,32
419.353,load,88,35.962,1237,32
419.403,load,88,35.962,1237,32
419.454,load,88,35.962,1237,32
419.504,load,88,35.962,1237,32
419.554,load,88,35.962,1237,32
419.605,load,88,35.962,1237,32
419.655,load,89,35.721,1237,32
419.706,load,89,35.721,1237,32
419.756,load,89,35.721,1237,32
419.807,load,89,35.721,1237,32
419.857,load,89,35.721,1237,32
419.908,load,89,35.721,1237,32
419.958,load,89,35.721,1237,32
420.009,load,89,35.721,1237,32
420.059,load,89,35.721,1237,32
420.11,load,88,35.493,1237,32
420.161,load,88,35.493,1237,32
420.211,load,88,35.493,1237,32
420.261,load,88,35.493,1237,32
420.312,load,88,35.493,1237,32
420.362,load,88,35.493,1237,32
420.413,load,88,35.493,1237,32
420.463,load,88,35.493,1237,32
420.514,load,88,35.493,1237,32
420.564,load,88,35.493,1237,32
420.615,load,89,35.621,1237,32
420.665,load,89,35.621,1237,32
420.716,load,89,35.621,1237,32
420.766,load,89,35.621,1237,32
420.817,load,89,35.621,1237,32
420.867,load,89,35.621,1237,32
420.918,load,89,35.621,1237,32
420.968,load,89,35.621,1237,32
421.018,load,89,35.621,1237,32
421.068,load,89,35.621,1237,32
421.119,load,88,36.479,1237,32
421.169,load,88,36.479,1237,32
421.22,load,88,36.479,1237,32
421.27,load,88,36.479,1237,32
421.321,load,88,36.479,1237,32
421.371,load,88,36.479,1237,32
421.421,load,88,36.479,1237,32
421.472,load,88,36.479,1237,32
421.522,load,88,36.479,1237,32
421.573,load,88,36.479,1237,32
421.623,load,88,35.53,1237,32
421.674,load,88,35.53,1237,32
421.724,load,88,35.53,1237,32
421.775,load,88,35.53,1237,32
421.825,load,88,35.53,1237,32
421.876,load,88,35.53,1237,32
421.926,load,88,35.53,1237,32
421.977,load,88,35.53,1237,32
422.027,load,88,35.53,1237,32
422.077,load,88,35.53,1237,32
422.127,load,89,37.167,1237,32
422.178,load,89,37.167,1237,32
422.228,load,89,37.167,1237,32
422.279,load,89,37.167,1237,32
422.329,load,89,37.167,1237,32
422.38,load,89,37.167,1237,32
422.431,load,89,37.167,1237,32
422.481,load,89,37.167,1237,32
422.531,load,89,37.167,1237,32
422.582,load,89,37.167,1237,32
422.632,load,87,34.569,1237,32
422.683,load,87,34.569,1237,32
422.733,load,87,34.569,1237,32
422.783,load,87,34.569,1237,32
422.833,load,87,34.569,1237,32
422.884,load,87,34.569,1237,32
422.934,load,87,34.569,1237,32
422.985,load,87,34.569,1237,32
423.035,load,87,34.569,1237,32
423.085,load,87,34.569,1237,32
423.136,load,89,37.349,1237,32
423.186,load,89,37.349,1237,32
423.236,load,89,37.349,1237,32
423.287,load,89,37.349,1237,32
423.338,load,89,37.349,1237,32
423.388,load,89,37.349,1237,32
423.438,load,89,37.349,1237,32
423.488,load,89,37.349,1237,32
423.539,load,89,37.349,1237,32
423.589,load,89,37.349,1237,32
423.639,load,87,35.431,1237,32
423.69,load,87,35.431,1237,32
423.74,load,87,35.431,1237,32
423.791,load,87,35.431,1237,32
423.841,load,87,35.431,1237,32
423.892,load,87,35.431,1237,32
423.942,load,87,35.431,1237,32
423.992,load,87,35.431,1237,32
424.043,load,87,35.431,1237,32
424.093,load,87,35.431,1237,32
424.144,load,89,36.989,1237,32
424.194,load,89,36.989,1237,32
424.245,load,89,36.989,1237,32
424.295,load,89,36.989,1237,32
424.346,load,89,36.989,1237,32
424.396,load,89,36.989,1237,32
424.446,load,89,36.989,1237,32
424.497,load,89,36.989,1237,32
424.547,load,89,36.989,1237,32
424.598,load,89,36.989,1237,32
424.648,load,88,36.617,1237,32
424.699,load,88,36.617,1237,32
424.749,load,88,36.617,1237,32
424.8,load,88,36.617,1237,32
424.85,load,88,36.617,1237,32
424.901,load,88,36.617,1237,32
424.951,load,88,36.617,1237,32
425.001,load,88,36.617,1237,32
425.052,load,88,36.617,1237,32
425.102,load,88,36.617,1237,32
425.153,load,89,37.008,1237,32
425.203,load,89,37.008,1237,32
425.254,load,89,37.008,1237,32
425.304,load,89,37.008,1237,32
425.355,load,89,37.008,1237,32
425.405,load,89,37.008,1237,32
425.455,load,89,37.008,1237,32
425.506,load,89,37.008,1237,32
425.556,load,89,37.008,1237,32
425.607,load,89,37.008,1237,32
425.657,load,88,36.963,1237,32
425.708,load,88,36.963,1237,32
425.758,load,88,36.963,1237,32
425.809,load,88,36.963,1237,32
425.859,load,88,36.963,1237,32
425.91,load,88,36.963,1237,32
425.96,load,88,36.963,1237,32
426.011,load,88,36.963,1237,32
426.061,load,88,36.963,1237,32
426.112,load,89,36.694,1237,32
426.162,load,89,36.694,1237,32
426.212,load,89,36.694,1237,32
426.263,load,89,36.694,1237,32
426.313,load,89,36.694,1237,32
426.363,load,89,36.694,1237,32
426.414,load,89,36.694,1237,32
426.465,load,89,36.694,1237,32
426.515,load,89,36.694,1237,32
426.566,load,89,36.694,1237,32
426.616,load,88,35.837,1237,32
426.666,load,88,35.837,1237,32
426.717,load,88,35.837,1237,32
426.767,load,88,35.837,1237,32
426.818,load,88,35.837,1237,32
426.868,load,88,35.837,1237,32
426.919,load,88,35.837,1237,32
426.969,load,88,35.837,1237,32
427.02,load,88,35.837,1237,32
427.07,load,88,35.837,1237,32
427.12,load,89,36.126,1237,32
427.171,load,89,36.126,1237,32
427.222,load,89,36.126,1237,32
427.272,load,89,36.126,1237,32
427.323,load,89,36.126,1237,32
427.373,load,89,36.126,1237,32
427.424,load,89,36.126,1237,32
427.474,load,89,36.126,1237,32
427.524,load,89,36.126,1237,32
427.575,load,89,36.126,1237,32
427.625,load,88,36.904,1237,32
427.675,load,88,36.904,1237,32
427.726,load,88,36.904,1237,32
427.777,load,88,36.904,1237,32
427.827,load,88,36.904,1237,32
427.877,load,88,36.904,1237,32
427.928,load,88,36.904,1237,32
427.978,load,88,36.904,1237,32
428.029,load,88,36.904,1237,32
428.079,load,88,36.904,1237,32
428.13,load,89,36.405,1170,32
428.18,load,89,36.405,1170,32
428.231,load,89,36.405,1170,32
428.281,load,89,36.405,1170,32
428.331,load,89,36.405,1170,32
428.382,load,89,36.405,1170,32
428.432,load,89,36.405,1170,32
428.483,load,89,36.405,1170,32
428.533,load,89,36.405,1170,32
428.583,load,89,36.405,1170,32
428.634,load,88,36.518,1237,32
428.684,load,88,36.518,1237,32
428.734,load,88,36.518,1237,32
428.785,load,88,36.518,1237,32
428.835,load,88,36.518,1237,32
428.886,load,88,36.518,1237,32
428.936,load,88,36.518,1237,32
428.987,load,88,36.518,1237,32
429.037,load,88,36.518,1237,32
429.087,load,88,36.518,1237,32
429.138,load,88,35.007,1237,32
429.188,load,88,35.007,1237,32
429.239,load,88,35.007,1237,32
429.289,load,88,35.007,1237,32
429.339,load,88,35.007,1237,32
429.39,load,88,35.007,1237,32
429.441,load,88,35.007,1237,32
429.491,load,88,35.007,1237,32
429.541,load,88,35.007,1237,32
429.591,load,88,35.007,1237,32
429.642,load,89,37.293,1237,32
429.692,load,89,37.293,1237,32
429.743,load,89,37.293,1237,32
429.793,load,89,37.293,1237,32
429.844,load,89,37.293,1237,32
429.894,load,89,37.293,1237,32
429.944,load,89,37.293,1237,32
429.995,load,89,37.293,1237,32
430.045,load,89,37.293,1237,32
430.096,load,89,37.293,1237,32
430.146,load,87,34.771,1237,32
430.197,load,87,34.771,1237,32
430.247,load,87,34.771,1237,32
430.297,load,87,34.771,1237,32
430.348,load,87,34.771,1237,32
430.398,load,87,34.771,1237,32
430.449,load,87,34.771,1237,32
430.5,load,87,34.771,1237,32
430.55,load,87,34.771,1237,32
430.6,load,87,34.771,1237,32
430.651,load,89,36.965,1237,32
430.702,load,89,36.965,1237,32
430.752,load,89,36.965,1237,32
430.803,load,89,36.965,1237,32
430.853,load,89,36.965,1237,32
430.903,load,89,36.965,1237,32
430.954,load,89,36.965,1237,32
431.004,load,89,36.965,1237,32
431.054,load,89,36.965,1237,32
431.105,load,89,36.965,1237,32
431.155,load,86,34.548,1237,32
431.206,load,86,34.548,1237,32
431.256,load,86,34.548,1237,32
431.307,load,86,34.548,1237,32
431.357,load,86,34.548,1237,32
431.408,load,86,34.548,1237,32
431.458,load,86,34.548,1237,32
431.508,load,86,34.548,1237,32
431.559,load,86,34.548,1237,32
431.609,load,89,35.878,1237,32
431.66,load,89,35.878,1237,32
431.71,load,89,35.878,1237,32
431.761,load,89,35.878,1237,32
431.811,load,89,35.878,1237,32
431.861,load,89,35.878,1237,32
431.912,load,89,35.878,1237,32
431.962,load,89,35.878,1237,32
432.013,load,89,35.878,1237,32
432.063,load,89,35.878,1237,32
432.113,load,87,35.672,1237,32
432.164,load,87,35.672,1237,32
432.214,load,87,35.672,1237,32
432.265,load,87,35.672,1237,32
432.315,load,87,35.672,1237,32
432.365,load,87,35.672,1237,32
432.417,load,87,35.672,1237,32
432.468,load,87,35.672,1237,32
432.518,load,87,35.672,1237,32
432.569,load,87,35.672,1237,32
432.619,load,89,36.796,1237,32
432.67,load,89,36.796,1237,32
432.72,load,89,36.796,1237,32
432.771,load,89,36.796,1237,32
432.821,load,89,36.796,1237,32
432.872,load,89,36.796,1237,32
432.922,load,89,36.796,1237,32
432.972,load,89,36.796,1237,32
433.022,load,89,36.796,1237,32
433.073,load,89,36.796,1237,32
433.123,load,88,36.613,1237,32
433.174,load,88,36.613,1237,32
433.224,load,88,36.613,1237,32
433.274,load,88,36.613,1237,32
433.325,load,88,36.613,1237,32
433.375,load,88,36.613,1237,32
433.426,load,88,36.613,1237,32
433.476,load,88,36.613,1237,32
433.526,load,88,36.613,1237,32
433.577,load,88,36.613,1237,32
433.628,load,89,36.657,1230,32
433.678,load,89,36.657,1230,32
433.729,load,89,36.657,1230,32
433.779,load,89,36.657,1230,32
433.829,load,89,36.657,1230,32
433.88,load,89,36.657,1230,32
433.93,load,89,36.657,1230,32
433.981,load,89,36.657,1230,32
434.031,load,89,36.657,1230,32
434.082,load,89,36.657,1230,32
434.132,load,88,36.829,1237,32
434.183,load,88,36.829,1237,32
434.233,load,88,36.829,1237,32
434.283,load,88,36.829,1237,32
434.334,load,88,36.829,1237,32
434.384,load,88,36.829,1237,32
434.435,load,88,36.829,1237,32
434.485,load,88,36.829,1237,32
434.535,load,88,36.829,1237,32
434.586,load,88,36.829,1237,32
434.636,load,89,37.079,1237,32
434.686,load,89,37.079,1237,32
434.737,load,89,37.079,1237,32
434.787,load,89,37.079,1237,32
434.837,load,89,37.079,1237,32
434.888,load,89,37.079,1237,32
434.938,load,89,37.079,1237,32
434.989,load,89,37.079,1237,32
435.039,load,89,37.079,1237,32
435.089,load,89,37.079,1237,32
435.14,load,88,37.071,1237,32
435.19,load,88,37.071,1237,32
435.24,load,88,37.071,1237,32
435.291,load,88,37.071,1237,32
435.341,load,88,37.071,1237,32
435.392,load,88,37.071,1237,32
435.442,load,88,37.071,1237,32
435.492,load,88,37.071,1237,32
435.543,load,88,37.071,1237,32
435.593,load,88,37.071,1237,32
435.643,load,89,36.471,1237,32
435.694,load,89,36.471,1237,32
435.744,load,89,36.471,1237,32
435.795,load,89,36.471,1237,32
435.845,load,89,36.471,1237,32
435.895,load,89,36.471,1237,32
435.946,load,89,36.471,1237,32
435.996,load,89,36.471,1237,32
436.046,load,89,36.471,1237,32
436.097,load,89,36.471,1237,32
436.148,load,89,36.882,1237,32
436.198,load,89,36.882,1237,32
436.249,load,89,36.882,1237,32
436.299,load,89,36.882,1237,32
436.349,load,89,36.882,1237,32
436.4,load,89,36.882,1237,32
436.451,load,89,36.882,1237,32
436.501,load,89,36.882,1237,32
436.552,load,89,36.882,1237,32
436.602,load,89,36.882,1237,32
436.653,load,88,35.015,1237,32
436.703,load,88,35.015,1237,32
436.753,load,88,35.015,1237,32
436.803,load,88,35.015,1237,32
436.854,load,88,35.015,1237,32
436.904,load,88,35.015,1237,32
436.955,load,88,35.015,1237,32
437.005,load,88,35.015,1237,32
437.056,load,88,35.015,1237,32
437.106,load,88,35.015,1237,32
437.157,load,89,37.246,1237,32
437.207,load,89,37.246,1237,32
437.258,load,89,37.246,1237,32
437.308,load,89,37.246,1237,32
437.359,load,89,37.246,1237,32
437.409,load,89,37.246,1237,32
437.459,load,89,37.246,1237,32
437.51,load,89,37.246,1237,32
437.56,load,89,37.246,1237,32
437.611,load,87,34.65,1237,32
437.661,load,87,34.65,1237,32
437.712,load,87,34.65,1237,32
437.762,load,87,34.65,1237,32
437.813,load,87,34.65,1237,32
437.863,load,87,34.65,1237,32
437.914,load,87,34.65,1237,32
437.964,load,87,34.65,1237,32
438.015,load,87,34.65,1237,32
438.065,load,87,34.65,1237,32
438.115,load,89,37.265,1237,32
438.166,load,89,37.265,1237,32
438.216,load,89,37.265,1237,32
438.267,load,89,37.265,1237,32
438.317,load,89,37.265,1237,32
438.367,load,89,37.265,1237,32
438.418,load,89,37.265,1237,32
438.468,load,89,37.265,1237,32
438.519,load,89,37.265,1237,32
438.569,load,89,37.265,1237,32
438.62,load,87,35.533,1237,32
438.67,load,87,35.533,1237,32
438.721,load,87,35.533,1237,32
438.771,load,87,35.533,1237,32
438.822,load,87,35.533,1237,32
438.872,load,87,35.533,1237,32
438.923,load,87,35.533,1237,32
438.973,load,87,35.533,1237,32
439.024,load,87,35.533,1237,32
439.074,load,87,35.533,1237,32
439.125,load,89,36.734,1237,32
439.176,load,89,36.734,1237,32
439.226,load,89,36.734,1237,32
439.276,load,89,36.734,1237,32
439.327,load,89,36.734,1237,32
439.378,load,89,36.734,1237,32
439.428,load,89,36.734,1237,32
439.478,load,89,36.734,1237,32
439.528,load,89,36.734,1237,32
439.579,load,89,36.734,1237,32
439.63,load,88,36.796,1237,32
439.68,load,88,36.796,1237,32
439.731,load,88,36.796,1237,32
439.781,load,88,36.796,1237,32
439.832,load,88,36.796,1237,32
439.882,load,88,36.796,1237,32
439.932,load,88,36.796,1237,32
439.983,load,88,36.796,1237,32
440.033,load,88,36.796,1237,32
440.084,load,88,36.796,1237,32
440.134,load,89,37.053,1237,32
440.184,load,89,37.053,1237,32
440.235,load,89,37.053,1237,32
440.285,load,89,37.053,1237,32
440.336,load,89,37.053,1237,32
440.386,load,89,37.053,1237,32
440.436,load,89,37.053,1237,32
440.487,load,89,37.053,1237,32
440.537,load,89,37.053,1237,32
440.588,load,89,37.053,1237,32
440.638,load,88,36.42,1237,32
440.688,load,88,36.42,1237,32
440.739,load,88,36.42,1237,32
440.789,load,88,36.42,1237,32
440.84,load,88,36.42,1237,32
440.89,load,88,36.42,1237,32
440.94,load,88,36.42,1237,32
440.991,load,88,36.42,1237,32
441.042,load,88,36.42,1237,32
441.092,load,88,36.42,1237,32
441.142,load,89,36.421,1237,32
441.193,load,89,36.421,1237,32
441.243,load,89,36.421,1237,32
441.294,load,89,36.421,1237,32
441.344,load,89,36.421,1237,32
441.395,load,89,36.421,1237,32
441.445,load,89,36.421,1237,32
441.496,load,89,36.421,1237,32
441.546,load,89,36.421,1237,32
441.596,load,89,36.421,1237,32
441.647,load,88,35.933,1237,32
441.697,load,88,35.933,1237,32
441.748,load,88,35.933,1237,32
441.798,load,88,35.933,1237,32
441.848,load,88,35.933,1237,32
441.898,load,88,35.933,1237,32
441.949,load,88,35.933,1237,32
441.999,load,88,35.933,1237,32
442.05,load,88,35.933,1237,32
442.1,load,88,35.933,1237,32
442.15,load,89,35.983,1237,32
442.201,load,89,35.983,1237,32
442.251,load,89,35.983,1237,32
442.301,load,89,35.983,1237,32
442.352,load,89,35.983,1237,32
442.403,load,89,35.983,1237,32
442.453,load,89,35.983,1237,32
442.503,load,89,35.983,1237,32
442.554,load,89,35.983,1237,32
442.604,load,89,35.983,1237,32
442.655,load,89,36.961,1237,32
442.705,load,89,36.961,1237,32
442.755,load,89,36.961,1237,32
442.806,load,89,36.961,1237,32
442.856,load,89,36.961,1237,32
442.907,load,89,36.961,1237,32
442.957,load,89,36.961,1237,32
443.008,load,89,36.961,1237,32
443.058,load,89,36.961,1237,32
443.109,load,89,36.961,1237,32
443.159,load,89,36.765,1237,32
443.209,load,89,36.765,1237,32
443.26,load,89,36.765,1237,32
443.31,load,89,36.765,1237,32
443.361,load,89,36.765,1237,32
443.411,load,89,36.765,1237,32
443.461,load,89,36.765,1237,32
443.512,load,89,36.765,1237,32
443.562,load,89,36.765,1237,32
443.612,load,88,36.632,1237,32
443.663,load,88,36.632,1237,32
443.713,load,88,36.632,1237,32
443.763,load,88,36.632,1237,32
443.814,load,88,36.632,1237,32
443.864,load,88,36.632,1237,32
443.915,load,88,36.632,1237,32
443.965,load,88,36.632,1237,32
444.016,load,88,36.632,1237,32
444.066,load,88,36.632,1237,32
444.117,load,89,35.158,1237,32
444.167,load,89,35.158,1237,32
444.218,load,89,35.158,1237,32
444.268,load,89,35.158,1237,32
444.318,load,89,35.158,1237,32
444.369,load,89,35.158,1237,32
444.419,load,89,35.158,1237,32
444.469,load,89,35.158,1237,32
444.52,load,89,35.158,1237,32
444.571,load,89,35.158,1237,32
444.621,load,89,36.869,1237,32
444.671,load,89,36.869,1237,32
444.722,load,89,36.869,1237,32
444.772,load,89,36.869,1237,32
444.823,load,89,36.869,1237,32
444.873,load,89,36.869,1237,32
444.923,load,89,36.869,1237,32
444.973,load,89,36.869,1237,32
445.024,load,89,36.869,1237,32
445.074,load,89,36.869,1237,32
445.125,load,87,34.162,1237,32
445.175,load,87,34.162,1237,32
445.225,load,87,34.162,1237,32
445.276,load,87,34.162,1237,32
445.326,load,87,34.162,1237,32
445.377,load,87,34.162,1237,32
445.427,load,87,34.162,1237,32
445.478,load,87,34.162,1237,32
445.529,load,87,34.162,1237,32
445.579,load,87,34.162,1237,32
445.63,load,89,36.696,1237,32
445.68,load,89,36.696,1237,32
445.73,load,89,36.696,1237,32
445.781,load,89,36.696,1237,32
445.831,load,89,36.696,1237,32
445.882,load,89,36.696,1237,32
445.932,load,89,36.696,1237,32
445.983,load,89,36.696,1237,32
446.033,load,89,36.696,1237,32
446.084,load,89,36.696,1237,32
446.134,load,87,34.297,1237,32
446.184,load,87,34.297,1237,32
446.235,load,87,34.297,1237,32
446.285,load,87,34.297,1237,32
446.335,load,87,34.297,1237,32
446.386,load,87,34.297,1237,32
446.436,load,87,34.297,1237,32
446.486,load,87,34.297,1237,32
446.537,load,87,34.297,1237,32
446.587,load,87,34.297,1237,32
446.638,load,89,36.696,1237,32
446.688,load,89,36.696,1237,32
446.738,load,89,36.696,1237,32
446.789,load,89,36.696,1237,32
446.839,load,89,36.696,1237,32
446.89,load,89,36.696,1237,32
446.94,load,89,36.696,1237,32
446.991,load,89,36.696,1237,32
447.041,load,89,36.696,1237,32
447.091,load,89,36.696,1237,32
447.142,load,88,36.065,1237,32
447.193,load,88,36.065,1237,32
447.243,load,88,36.065,1237,32
447.293,load,88,36.065,1237,32
447.343,load,88,36.065,1237,32
447.394,load,88,36.065,1237,32
447.444,load,88,36.065,1237,32
447.494,load,88,36.065,1237,32
447.545,load,88,36.065,1237,32
447.595,load,88,36.065,1237,32
447.645,load,89,37.554,1237,32
447.696,load,89,37.554,1237,32
447.747,load,89,37.554,1237,32
447.797,load,89,37.554,1237,32
447.848,load,89,37.554,1237,32
447.898,load,89,37.554,1237,32
447.948,load,89,37.554,1237,32
447.999,load,89,37.554,1237,32
448.049,load,89,37.554,1237,32
448.1,load,89,37.554,1237,32
448.15,load,88,36.949,1237,32
448.201,load,88,36.949,1237,32
448.251,load,88,36.949,1237,32
448.301,load,88,36.949,1237,32
448.352,load,88,36.949,1237,32
448.403,load,88,36.949,1237,32
448.453,load,88,36.949,1237,32
448.503,load,88,36.949,1237,32
448.553,load,88,36.949,1237,32
448.604,load,88,36.949,1237,32
448.654,load,89,37.004,1237,32
448.705,load,89,37.004,1237,32
448.755,load,89,37.004,1237,32
448.805,load,89,37.004,1237,32
448.856,load,89,37.004,1237,32
448.906,load,89,37.004,1237,32
448.956,load,89,37.004,1237,32
449.007,load,89,37.004,1237,32
449.057,load,89,37.004,1237,32
449.107,load,89,37.004,1237,32
449.158,load,88,36.784,1237,32
449.208,load,88,36.784,1237,32
449.259,load,88,36.784,1237,32
449.309,load,88,36.784,1237,32
449.359,load,88,36.784,1237,32
449.41,load,88,36.784,1237,32
449.46,load,88,36.784,1237,32
449.511,load,88,36.784,1237,32
449.561,load,88,36.784,1237,32
449.611,load,89,36.82,1237,32
449.661,load,89,36.82,1237,32
449.712,load,89,36.82,1237,32
449.763,load,89,36.82,1237,32
449.813,load,89,36.82,1237,32
449.863,load,89,36.82,1237,32
449.914,load,89,36.82,1237,32
449.964,load,89,36.82,1237,32
450.015,load,89,36.82,1237,32
450.065,load,89,36.82,1237,32
450.115,load,88,36.987,1237,32
450.166,load,88,36.987,1237,32
450.217,load,88,36.987,1237,32
450.267,load,88,36.987,1237,32
450.317,load,88,36.987,1237,32
450.368,load,88,36.987,1237,32
450.418,load,88,36.987,1237,32
450.469,load,88,36.987,1237,32
450.519,load,88,36.987,1237,32
450.57,load,88,36.987,1237,32
450.62,load,89,36.318,1237,32
450.671,load,89,36.318,1237,32
450.721,load,89,36.318,1237,32
450.771,load,89,36.318,1237,32
450.822,load,89,36.318,1237,32
450.872,load,89,36.318,1237,32
450.922,load,89,36.318,1237,32
450.973,load,89,36.318,1237,32
451.023,load,89,36.318,1237,32
451.073,load,89,36.318,1237,32
451.124,load,89,37.04,1237,32
451.174,load,89,37.04,1237,32
451.225,load,89,37.04,1237,32
451.276,load,89,37.04,1237,32
451.326,load,89,37.04,1237,32
451.376,load,89,37.04,1237,32
451.427,load,89,37.04,1237,32
451.477,load,89,37.04,1237,32
451.528,load,89,37.04,1237,32
451.579,load,89,37.04,1237,32
451.629,load,88,34.673,1215,32
451.68,load,88,34.673,1215,32
451.73,load,88,34.673,1215,32
451.781,load,88,34.673,1215,32
451.831,load,88,34.673,1215,32
451.882,load,88,34.673,1215,32
451.932,load,88,34.673,1215,32
451.983,load,88,34.673,1215,32
452.033,load,88,34.673,1215,32
452.084,load,88,34.673,1215,32
452.134,load,88,35.951,1237,32
452.184,load,88,35.951,1237,32
452.235,load,88,35.951,1237,32
452.285,load,88,35.951,1237,32
452.336,load,88,35.951,1237,32
452.386,load,88,35.951,1237,32
452.436,load,88,35.951,1237,32
452.487,load,88,35.951,1237,32
452.537,load,88,35.951,1237,32
452.588,load,88,35.951,1237,32
452.638,load,87,33.496,1237,32
452.689,load,87,33.496,1237,32
452.739,load,87,33.496,1237,32
452.789,load,87,33.496,1237,32
452.84,load,87,33.496,1237,32
452.89,load,87,33.496,1237,32
452.941,load,87,33.496,1237,32
452.991,load,87,33.496,1237,32
453.041,load,87,33.496,1237,32
453.092,load,87,33.496,1237,32
453.142,load,89,36.657,1237,32
453.193,load,89,36.657,1237,32
453.244,load,89,36.657,1237,32
453.294,load,89,36.657,1237,32
453.345,load,89,36.657,1237,32
453.395,load,89,36.657,1237,32
453.445,load,89,36.657,1237,32
453.495,load,89,36.657,1237,32
453.546,load,89,36.657,1237,32
453.597,load,89,36.657,1237,32
453.647,load,87,35.105,1237,32
453.698,load,87,35.105,1237,32
453.748,load,87,35.105,1237,32
453.798,load,87,35.105,1237,32
453.849,load,87,35.105,1237,32
453.899,load,87,35.105,1237,32
453.95,load,87,35.105,1237,32
454.0,load,87,35.105,1237,32
454.05,load,87,35.105,1237,32
454.101,load,87,35.105,1237,32
454.151,load,89,37.495,1050,32
454.202,load,89,37.495,1050,32
454.252,load,89,37.495,1050,32
454.302,load,89,37.495,1050,32
454.353,load,89,37.495,1050,32
454.403,load,89,37.495,1050,32
454.453,load,89,37.495,1050,32
454.504,load,89,37.495,1050,32
454.555,load,89,37.495,1050,32
454.605,load,89,37.495,1050,32
454.656,load,87,34.868,1237,32
454.706,load,87,34.868,1237,32
454.757,load,87,34.868,1237,32
454.807,load,87,34.868,1237,32
454.858,load,87,34.868,1237,32
454.908,load,87,34.868,1237,32
454.959,load,87,34.868,1237,32
455.009,load,87,34.868,1237,32
455.06,load,87,34.868,1237,32
455.11,load,87,34.868,1237,32
455.16,load,89,35.489,1237,32
455.211,load,89,35.489,1237,32
455.261,load,89,35.489,1237,32
455.311,load,89,35.489,1237,32
455.362,load,89,35.489,1237,32
455.412,load,89,35.489,1237,32
455.463,load,89,35.489,1237,32
455.513,load,89,35.489,1237,32
455.564,load,89,35.489,1237,32
455.614,load,88,37.145,1237,32
455.664,load,88,37.145,1237,32
455.715,load,88,37.145,1237,32
455.766,load,88,37.145,1237,32
455.816,load,88,37.145,1237,32
455.867,load,88,37.145,1237,32
455.917,load,88,37.145,1237,32
455.967,load,88,37.145,1237,32
456.018,load,88,37.145,1237,32
456.068,load,88,37.145,1237,32
456.118,load,89,37.395,1237,32
456.168,load,89,37.395,1237,32
456.219,load,89,37.395,1237,32
456.27,load,89,37.395,1237,32
456.32,load,89,37.395,1237,32
456.371,load,89,37.395,1237,32
456.421,load,89,37.395,1237,32
456.471,load,89,37.395,1237,32
456.522,load,89,37.395,1237,32
456.572,load,89,37.395,1237,32
456.623,load,88,36.694,1237,32
456.673,load,88,36.694,1237,32
456.724,load,88,36.694,1237,32
456.774,load,88,36.694,1237,32
456.825,load,88,36.694,1237,32
456.875,load,88,36.694,1237,32
456.926,load,88,36.694,1237,32
456.976,load,88,36.694,1237,32
457.027,load,88,36.694,1237,32
457.077,load,88,36.694,1237,32
457.128,load,89,36.63,1237,32
457.178,load,89,36.63,1237,32
457.229,load,89,36.63,1237,32
457.284,load,89,36.63,1237,32
457.342,load,89,36.63,1237,32
457.401,load,89,36.63,1237,32
457.452,load,89,36.63,1237,32
457.502,load,89,36.63,1237,32
457.552,load,89,36.63,1237,32
457.602,load,89,36.63,1237,32
457.653,load,87,33.195,1237,32
457.703,load,87,33.195,1237,32
457.754,load,87,33.195,1237,32
457.804,load,87,33.195,1237,32
457.855,load,87,33.195,1237,32
457.905,load,87,33.195,1237,32
457.956,load,87,33.195,1237,32
458.006,load,87,33.195,1237,32
458.057,load,87,33.195,1237,32
458.107,load,87,33.195,1237,32
458.157,load,89,32.876,1237,32
458.208,load,89,32.876,1237,32
458.258,load,89,32.876,1237,32
458.308,load,89,32.876,1237,32
458.359,load,89,32.876,1237,32
458.409,load,89,32.876,1237,32
458.459,load,89,32.876,1237,32
458.51,load,89,32.876,1237,32
458.56,load,89,32.876,1237,32
458.611,load,89,32.876,1237,32
458.661,load,88,35.892,1237,32
458.711,load,88,35.892,1237,32
458.762,load,88,35.892,1237,32
458.812,load,88,35.892,1237,32
458.862,load,88,35.892,1237,32
458.913,load,88,35.892,1237,32
458.963,load,88,35.892,1237,32
459.014,load,88,35.892,1237,32
459.064,load,88,35.892,1237,32
459.115,load,89,36.426,1237,32
459.165,load,89,36.426,1237,32
459.216,load,89,36.426,1237,32
459.267,load,89,36.426,1237,32
459.317,load,89,36.426,1237,32
459.367,load,89,36.426,1237,32
459.418,load,89,36.426,1237,32
459.468,load,89,36.426,1237,32
459.519,load,89,36.426,1237,32
459.569,load,89,36.426,1237,32
459.619,load,88,37.293,1237,32
459.67,load,88,37.293,1237,32
459.72,load,88,37.293,1237,32
459.771,load,88,37.293,1237,32
459.821,load,88,37.293,1237,32
459.872,load,88,37.293,1237,32
459.923,load,88,37.293,1237,32
459.973,load,88,37.293,1237,32
460.023,load,88,37.293,1237,32
460.074,load,88,37.293,1237,32
460.124,load,89,37.162,1072,32
460.175,load,89,37.162,1072,32
460.225,load,89,37.162,1072,32
460.275,load,89,37.162,1072,32
460.326,load,89,37.162,1072,32
460.377,load,89,37.162,1072,32
460.427,load,89,37.162,1072,32
460.477,load,89,37.162,1072,32
460.528,load,89,37.162,1072,32
460.579,load,89,37.162,1072,32
460.629,load,88,36.591,1237,32
460.68,load,88,36.591,1237,32
460.73,load,88,36.591,1237,32
460.781,load,88,36.591,1237,32
460.831,load,88,36.591,1237,32
460.882,load,88,36.591,1237,32
460.932,load,88,36.591,1237,32
460.983,load,88,36.591,1237,32
461.033,load,88,36.591,1237,32
461.084,load,88,36.591,1237,32
461.134,load,89,35.97,1237,32
461.184,load,89,35.97,1237,32
461.235,load,89,35.97,1237,32
461.285,load,89,35.97,1237,32
461.336,load,89,35.97,1237,32
461.386,load,89,35.97,1237,32
461.436,load,89,35.97,1237,32
461.487,load,89,35.97,1237,32
461.537,load,89,35.97,1237,32
461.587,load,89,35.97,1237,32
461.638,load,89,36.202,1230,32
461.689,load,89,36.202,1230,32
461.739,load,89,36.202,1230,32
461.79,load,89,36.202,1230,32
461.84,load,89,36.202,1230,32
461.891,load,89,36.202,1230,32
461.941,load,89,36.202,1230,32
461.992,load,89,36.202,1230,32
462.042,load,89,36.202,1230,32
462.092,load,89,36.202,1230,32
462.143,load,89,35.249,1237,32
462.194,load,89,35.249,1237,32
462.244,load,89,35.249,1237,32
462.295,load,89,35.249,1237,32
462.345,load,89,35.249,1237,32
462.395,load,89,35.249,1237,32
462.446,load,89,35.249,1237,32
462.496,load,89,35.249,1237,32
462.546,load,89,35.249,1237,32
462.597,load,89,35.249,1237,32
462.648,load,89,36.469,1237,32
462.698,load,89,36.469,1237,32
462.748,load,89,36.469,1237,32
462.799,load,89,36.469,1237,32
462.849,load,89,36.469,1237,32
462.899,load,89,36.469,1237,32
462.95,load,89,36.469,1237,32
463.0,load,89,36.469,1237,32
463.05,load,89,36.469,1237,32
463.101,load,89,36.469,1237,32
463.151,load,88,34.626,1237,32
463.201,load,88,34.626,1237,32
463.252,load,88,34.626,1237,32
463.302,load,88,34.626,1237,32
463.352,load,88,34.626,1237,32
463.403,load,88,34.626,1237,32
463.453,load,88,34.626,1237,32
463.504,load,88,34.626,1237,32
463.555,load,88,34.626,1237,32
463.605,load,88,34.626,1237,32
463.655,load,89,36.094,1237,32
463.706,load,89,36.094,1237,32
463.756,load,89,36.094,1237,32
463.806,load,89,36.094,1237,32
463.857,load,89,36.094,1237,32
463.907,load,89,36.094,1237,32
463.958,load,89,36.094,1237,32
464.008,load,89,36.094,1237,32
464.059,load,89,36.094,1237,32
464.109,load,89,36.094,1237,32
464.159,load,87,33.786,1237,32
464.21,load,87,33.786,1237,32
464.26,load,87,33.786,1237,32
464.311,load,87,33.786,1237,32
464.361,load,87,33.786,1237,32
464.412,load,87,33.786,1237,32
464.462,load,87,33.786,1237,32
464.512,load,87,33.786,1237,32
464.562,load,87,33.786,1237,32
464.613,load,89,36.579,1237,32
464.663,load,89,36.579,1237,32
464.714,load,89,36.579,1237,32
464.765,load,89,36.579,1237,32
464.815,load,89,36.579,1237,32
464.866,load,89,36.579,1237,32
464.916,load,89,36.579,1237,32
464.967,load,89,36.579,1237,32
465.017,load,89,36.579,1237,32
465.068,load,89,36.579,1237,32
465.118,load,87,34.377,1237,32
465.169,load,87,34.377,1237,32
465.219,load,87,34.377,1237,32
465.27,load,87,34.377,1237,32
465.32,load,87,34.377,1237,32
465.371,load,87,34.377,1237,32
465.421,load,87,34.377,1237,32
465.471,load,87,34.377,1237,32
465.522,load,87,34.377,1237,32
465.572,load,87,34.377,1237,32
465.622,load,89,36.842,1237,32
465.673,load,89,36.842,1237,32
465.724,load,89,36.842,1237,32
465.774,load,89,36.842,1237,32
465.824,load,89,36.842,1237,32
465.875,load,89,36.842,1237,32
465.926,load,89,36.842,1237,32
465.976,load,89,36.842,1237,32
466.027,load,89,36.842,1237,32
466.077,load,89,36.842,1237,32
466.127,load,87,34.878,1237,32
466.178,load,87,34.878,1237,32
466.228,load,87,34.878,1237,32
466.278,load,87,34.878,1237,32
466.328,load,87,34.878,1237,32
466.379,load,87,34.878,1237,32
466.43,load,87,34.878,1237,32
466.48,load,87,34.878,1237,32
466.531,load,87,34.878,1237,32
466.581,load,87,34.878,1237,32
466.631,load,89,36.288,1237,32
466.681,load,89,36.288,1237,32
466.731,load,89,36.288,1237,32
466.782,load,89,36.288,1237,32
466.832,load,89,36.288,1237,32
466.882,load,89,36.288,1237,32
466.932,load,89,36.288,1237,32
466.983,load,89,36.288,1237,32
467.033,load,89,36.288,1237,32
467.083,load,89,36.288,1237,32
467.134,load,88,36.438,1237,32
467.185,load,88,36.438,1237,32
467.235,load,88,36.438,1237,32
467.286,load,88,36.438,1237,32
467.336,load,88,36.438,1237,32
467.386,load,88,36.438,1237,32
467.436,load,88,36.438,1237,32
467.487,load,88,36.438,1237,32
467.538,load,88,36.438,1237,32
467.588,load,88,36.438,1237,32
467.638,load,89,36.805,1237,32
467.688,load,89,36.805,1237,32
467.739,load,89,36.805,1237,32
467.79,load,89,36.805,1237,32
467.84,load,89,36.805,1237,32
467.89,load,89,36.805,1237,32
467.941,load,89,36.805,1237,32
467.991,load,89,36.805,1237,32
468.041,load,89,36.805,1237,32
468.091,load,89,36.805,1237,32
468.141,load,88,36.655,1237,32
468.192,load,88,36.655,1237,32
468.242,load,88,36.655,1237,32
468.293,load,88,36.655,1237,32
468.343,load,88,36.655,1237,32
468.393,load,88,36.655,1237,32
468.443,load,88,36.655,1237,32
468.494,load,88,36.655,1237,32
468.545,load,88,36.655,1237,32
468.595,load,88,36.655,1237,32
468.645,load,88,35.891,1095,32
468.695,load,88,35.891,1095,32
468.746,load,88,35.891,1095,32
468.796,load,88,35.891,1095,32
468.847,load,88,35.891,1095,32
468.897,load,88,35.891,1095,32
468.947,load,88,35.891,1095,32
468.998,load,88,35.891,1095,32
469.048,load,88,35.891,1095,32
469.099,load,88,35.891,1095,32
469.149,load,88,35.614,1237,32
469.2,load,88,35.614,1237,32
469.25,load,88,35.614,1237,32
469.301,load,88,35.614,1237,32
469.351,load,88,35.614,1237,32
469.401,load,88,35.614,1237,32
469.452,load,88,35.614,1237,32
469.502,load,88,35.614,1237,32
469.552,load,88,35.614,1237,32
469.603,load,88,35.614,1237,32
469.653,load,89,36.267,1237,32
469.703,load,89,36.267,1237,32
469.754,load,89,36.267,1237,32
469.804,load,89,36.267,1237,32
469.854,load,89,36.267,1237,32
469.905,load,89,36.267,1237,32
469.955,load,89,36.267,1237,32
470.005,load,89,36.267,1237,32
470.056,load,89,36.267,1237,32
470.106,load,89,36.267,1237,32
470.157,load,89,36.684,1230,32
470.207,load,89,36.684,1230,32
470.258,load,89,36.684,1230,32
470.308,load,89,36.684,1230,32
470.358,load,89,36.684,1230,32
470.409,load,89,36.684,1230,32
470.46,load,89,36.684,1230,32
470.51,load,89,36.684,1230,32
470.56,load,89,36.684,1230,32
470.611,load,89,36.684,1230,32
470.661,load,88,35.674,1102,32
470.712,load,88,35.674,1102,32
470.762,load,88,35.674,1102,32
470.812,load,88,35.674,1102,32
470.863,load,88,35.674,1102,32
470.913,load,88,35.674,1102,32
470.964,load,88,35.674,1102,32
471.014,load,88,35.674,1102,32
471.064,load,88,35.674,1102,32
471.115,load,88,35.711,1237,32
471.165,load,88,35.711,1237,32
471.216,load,88,35.711,1237,32
471.266,load,88,35.711,1237,32
471.317,load,88,35.711,1237,32
471.367,load,88,35.711,1237,32
471.417,load,88,35.711,1237,32
471.468,load,88,35.711,1237,32
471.518,load,88,35.711,1237,32
471.568,load,88,35.711,1237,32
471.619,load,89,34.696,1237,32
471.669,load,89,34.696,1237,32
471.72,load,89,34.696,1237,32
471.77,load,89,34.696,1237,32
471.821,load,89,34.696,1237,32
471.872,load,89,34.696,1237,32
471.922,load,89,34.696,1237,32
471.973,load,89,34.696,1237,32
472.023,load,89,34.696,1237,32
472.074,load,89,34.696,1237,32
472.124,load,88,36.204,1237,32
472.174,load,88,36.204,1237,32
472.225,load,88,36.204,1237,32
472.275,load,88,36.204,1237,32
472.326,load,88,36.204,1237,32
472.376,load,88,36.204,1237,32
472.426,load,88,36.204,1237,32
472.477,load,88,36.204,1237,32
472.527,load,88,36.204,1237,32
472.578,load,88,36.204,1237,32
472.628,load,88,34.193,1237,32
472.679,load,88,34.193,1237,32
472.729,load,88,34.193,1237,32
472.779,load,88,34.193,1237,32
472.83,load,88,34.193,1237,32
472.88,load,88,34.193,1237,32
472.93,load,88,34.193,1237,32
472.981,load,88,34.193,1237,32
473.031,load,88,34.193,1237,32
473.081,load,88,34.193,1237,32
473.132,load,88,35.873,1230,32
473.182,load,88,35.873,1230,32
473.232,load,88,35.873,1230,32
473.283,load,88,35.873,1230,32
473.333,load,88,35.873,1230,32
473.384,load,88,35.873,1230,32
473.434,load,88,35.873,1230,32
473.485,load,88,35.873,1230,32
473.535,load,88,35.873,1230,32
473.585,load,88,35.873,1230,32
473.636,load,87,32.905,1237,32
473.686,load,87,32.905,1237,32
473.737,load,87,32.905,1237,32
473.787,load,87,32.905,1237,32
473.838,load,87,32.905,1237,32
473.888,load,87,32.905,1237,32
473.939,load,87,32.905,1237,32
473.989,load,87,32.905,1237,32
474.04,load,87,32.905,1237,32
474.09,load,87,32.905,1237,32
474.141,load,89,35.109,1237,32
474.191,load,89,35.109,1237,32
474.241,load,89,35.109,1237,32
474.292,load,89,35.109,1237,32
474.342,load,89,35.109,1237,32
474.393,load,89,35.109,1237,32
474.444,load,89,35.109,1237,32
474.494,load,89,35.109,1237,32
474.544,load,89,35.109,1237,32
474.595,load,89,35.109,1237,32
474.645,load,87,33.568,1237,32
474.696,load,87,33.568,1237,32
474.746,load,87,33.568,1237,32
474.796,load,87,33.568,1237,32
474.847,load,87,33.568,1237,32
474.897,load,87,33.568,1237,32
474.948,load,87,33.568,1237,32
474.998,load,87,33.568,1237,32
475.049,load,87,33.568,1237,32
475.099,load,87,33.568,1237,32
475.149,load,89,36.508,1237,32
475.2,load,89,36.508,1237,32
475.25,load,89,36.508,1237,32
475.3,load,89,36.508,1237,32
475.351,load,89,36.508,1237,32
475.401,load,89,36.508,1237,32
475.452,load,89,36.508,1237,32
475.502,load,89,36.508,1237,32
475.553,load,89,36.508,1237,32
475.603,load,89,36.508,1237,32
475.653,load,87,33.115,1237,32
475.704,load,87,33.115,1237,32
475.754,load,87,33.115,1237,32
475.804,load,87,33.115,1237,32
475.855,load,87,33.115,1237,32
475.905,load,87,33.115,1237,32
475.956,load,87,33.115,1237,32
476.006,load,87,33.115,1237,32
476.057,load,87,33.115,1237,32
476.107,load,87,33.115,1237,32
476.157,load,89,35.394,1237,32
476.208,load,89,35.394,1237,32
476.258,load,89,35.394,1237,32
476.308,load,89,35.394,1237,32
476.358,load,89,35.394,1237,32
476.409,load,89,35.394,1237,32
476.46,load,89,35.394,1237,32
476.51,load,89,35.394,1237,32
476.56,load,89,35.394,1237,32
476.61,load,89,35.394,1237,32
476.661,load,87,35.142,1237,32
476.711,load,87,35.142,1237,32
476.762,load,87,35.142,1237,32
476.812,load,87,35.142,1237,32
476.862,load,87,35.142,1237,32
476.913,load,87,35.142,1237,32
476.963,load,87,35.142,1237,32
477.014,load,87,35.142,1237,32
477.064,load,87,35.142,1237,32
477.114,load,89,37.073,1237,32
477.165,load,89,37.073,1237,32
477.215,load,89,37.073,1237,32
477.266,load,89,37.073,1237,32
477.316,load,89,37.073,1237,32
477.366,load,89,37.073,1237,32
477.417,load,89,37.073,1237,32
477.467,load,89,37.073,1237,32
477.517,load,89,37.073,1237,32
477.567,load,89,37.073,1237,32
477.618,load,88,36.188,1237,32
477.668,load,88,36.188,1237,32
477.718,load,88,36.188,1237,32
477.768,load,88,36.188,1237,32
477.819,load,88,36.188,1237,32
477.869,load,88,36.188,1237,32
477.919,load,88,36.188,1237,32
477.97,load,88,36.188,1237,32
478.02,load,88,36.188,1237,32
478.071,load,88,36.188,1237,32
478.121,load,89,36.576,1237,32
478.171,load,89,36.576,1237,32
478.221,load,89,36.576,1237,32
478.272,load,89,36.576,1237,32
478.322,load,89,36.576,1237,32
478.373,load,89,36.576,1237,32
478.423,load,89,36.576,1237,32
478.473,load,89,36.576,1237,32
478.524,load,89,36.576,1237,32
478.574,load,89,36.576,1237,32
478.624,load,88,36.853,1237,32
478.675,load,88,36.853,1237,32
478.725,load,88,36.853,1237,32
478.775,load,88,36.853,1237,32
478.826,load,88,36.853,1237,32
478.876,load,88,36.853,1237,32
478.926,load,88,36.853,1237,32
478.977,load,88,36.853,1237,32
479.027,load,88,36.853,1237,32
479.078,load,88,36.853,1237,32
479.128,load,89,36.732,1027,32
479.178,load,89,36.732,1027,32
479.229,load,89,36.732,1027,32
479.279,load,89,36.732,1027,32
479.329,load,89,36.732,1027,32
479.379,load,89,36.732,1027,32
479.429,load,89,36.732,1027,32
479.48,load,89,36.732,1027,32
479.53,load,89,36.732,1027,32
479.581,load,89,36.732,1027,32
479.631,load,88,36.027,1237,32
479.681,load,88,36.027,1237,32
479.732,load,88,36.027,1237,32
479.782,load,88,36.027,1237,32
479.833,load,88,36.027,1237,32
479.883,load,88,36.027,1237,32
479.934,load,88,36.027,1237,32
479.984,load,88,36.027,1237,32
480.034,load,88,36.027,1237,32
480.085,load,88,36.027,1237,32
480.135,load,89,36.077,1042,32
480.186,load,89,36.077,1042,32
480.236,load,89,36.077,1042,32
480.286,load,89,36.077,1042,32
480.337,load,89,36.077,1042,32
480.387,load,89,36.077,1042,32
480.438,load,89,36.077,1042,32
480.488,load,89,36.077,1042,32
480.538,load,89,36.077,1042,32
480.589,load,89,36.077,1042,32
480.639,load,88,36.567,1237,32
480.69,load,88,36.567,1237,32
480.74,load,88,36.567,1237,32
480.791,load,88,36.567,1237,32
480.841,load,88,36.567,1237,32
480.892,load,88,36.567,1237,32
480.942,load,88,36.567,1237,32
480.992,load,88,36.567,1237,32
481.043,load,88,36.567,1237,32
481.093,load,88,36.567,1237,32
481.143,load,89,36.017,1237,32
481.194,load,89,36.017,1237,32
481.244,load,89,36.017,1237,32
481.295,load,89,36.017,1237,32
481.345,load,89,36.017,1237,32
481.396,load,89,36.017,1237,32
481.446,load,89,36.017,1237,32
481.496,load,89,36.017,1237,32
481.547,load,89,36.017,1237,32
481.597,load,89,36.017,1237,32
481.647,load,89,36.978,1237,32
481.698,load,89,36.978,1237,32
481.748,load,89,36.978,1237,32
481.798,load,89,36.978,1237,32
481.849,load,89,36.978,1237,32
481.899,load,89,36.978,1237,32
481.949,load,89,36.978,1237,32
482.0,load,89,36.978,1237,32
482.05,load,89,36.978,1237,32
482.101,load,89,36.978,1237,32
482.151,load,88,35.087,1237,32
482.201,load,88,35.087,1237,32
482.252,load,88,35.087,1237,32
482.302,load,88,35.087,1237,32
482.353,load,88,35.087,1237,32
482.403,load,88,35.087,1237,32
482.453,load,88,35.087,1237,32
482.504,load,88,35.087,1237,32
482.555,load,88,35.087,1237,32
482.605,load,88,35.087,1237,32
482.656,load,89,35.945,1230,32
482.706,load,89,35.945,1230,32
482.756,load,89,35.945,1230,32
482.807,load,89,35.945,1230,32
482.857,load,89,35.945,1230,32
482.908,load,89,35.945,1230,32
482.958,load,89,35.945,1230,32
483.009,load,89,35.945,1230,32
483.059,load,89,35.945,1230,32
483.11,load,89,35.945,1230,32
483.161,load,87,33.433,1237,32
483.211,load,87,33.433,1237,32
483.262,load,87,33.433,1237,32
483.312,load,87,33.433,1237,32
483.363,load,87,33.433,1237,32
483.413,load,87,33.433,1237,32
483.463,load,87,33.433,1237,32
483.513,load,87,33.433,1237,32
483.564,load,87,33.433,1237,32
483.614,load,89,36.191,1237,32
483.665,load,89,36.191,1237,32
483.715,load,89,36.191,1237,32
483.766,load,89,36.191,1237,32
483.816,load,89,36.191,1237,32
483.866,load,89,36.191,1237,32
483.917,load,89,36.191,1237,32
483.968,load,89,36.191,1237,32
484.018,load,89,36.191,1237,32
484.069,load,89,36.191,1237,32
484.119,load,87,33.655,1237,32
484.169,load,87,33.655,1237,32
484.22,load,87,33.655,1237,32
484.271,load,87,33.655,1237,32
484.321,load,87,33.655,1237,32
484.371,load,87,33.655,1237,32
484.422,load,87,33.655,1237,32
484.473,load,87,33.655,1237,32
484.523,load,87,33.655,1237,32
484.573,load,87,33.655,1237,32
484.624,load,89,36.333,1237,32
484.674,load,89,36.333,1237,32
484.725,load,89,36.333,1237,32
484.775,load,89,36.333,1237,32
484.826,load,89,36.333,1237,32
484.876,load,89,36.333,1237,32
484.926,load,89,36.333,1237,32
484.976,load,89,36.333,1237,32
485.027,load,89,36.333,1237,32
485.078,load,89,36.333,1237,32
485.128,load,87,34.539,1207,1
485.178,load,87,34.539,1207,1
485.229,load,87,34.539,1207,1
485.279,load,87,34.539,1207,1
485.33,load,87,34.539,1207,1
485.38,load,87,34.539,1207,1
485.43,load,87,34.539,1207,1
485.481,load,87,34.539,1207,1
485.531,load,87,34.539,1207,1
485.582,load,87,34.539,1207,1
485.632,load,89,36.426,1237,32
485.683,load,89,36.426,1237,32
485.733,load,89,36.426,1237,32
485.784,load,89,36.426,1237,32
485.834,load,89,36.426,1237,32
485.885,load,89,36.426,1237,32
485.935,load,89,36.426,1237,32
485.986,load,89,36.426,1237,32
486.037,load,89,36.426,1237,32
486.087,load,89,36.426,1237,32
486.138,load,88,35.826,1237,32
486.188,load,88,35.826,1237,32
486.239,load,88,35.826,1237,32
486.289,load,88,35.826,1237,32
486.34,load,88,35.826,1237,32
486.39,load,88,35.826,1237,32
486.44,load,88,35.826,1237,32
486.491,load,88,35.826,1237,32
486.541,load,88,35.826,1237,32
486.592,load,88,35.826,1237,32
486.642,load,89,37.066,1230,32
486.693,load,89,37.066,1230,32
486.743,load,89,37.066,1230,32
486.793,load,89,37.066,1230,32
486.844,load,89,37.066,1230,32
486.894,load,89,37.066,1230,32
486.944,load,89,37.066,1230,32
486.995,load,89,37.066,1230,32
487.045,load,89,37.066,1230,32
487.095,load,89,37.066,1230,32
487.146,load,88,36.203,1237,32
487.197,load,88,36.203,1237,32
487.247,load,88,36.203,1237,32
487.297,load,88,36.203,1237,32
487.348,load,88,36.203,1237,32
487.398,load,88,36.203,1237,32
487.448,load,88,36.203,1237,32
487.499,load,88,36.203,1237,32
487.549,load,88,36.203,1237,32
487.599,load,88,36.203,1237,32
487.65,load,89,36.258,1222,32
487.7,load,89,36.258,1222,32
487.751,load,89,36.258,1222,32
487.801,load,89,36.258,1222,32
487.851,load,89,36.258,1222,32
487.902,load,89,36.258,1222,32
487.952,load,89,36.258,1222,32
488.003,load,89,36.258,1222,32
488.054,load,89,36.258,1222,32
488.104,load,89,36.258,1222,32
488.154,load,88,36.153,1185,32
488.205,load,88,36.153,1185,32
488.255,load,88,36.153,1185,32
488.306,load,88,36.153,1185,32
488.356,load,88,36.153,1185,32
488.407,load,88,36.153,1185,32
488.457,load,88,36.153,1185,32
488.508,load,88,36.153,1185,32
488.558,load,88,36.153,1185,32
488.608,load,88,36.153,1185,32
488.659,load,89,35.426,1207,32
488.709,load,89,35.426,1207,32
488.759,load,89,35.426,1207,32
488.81,load,89,35.426,1207,32
488.86,load,89,35.426,1207,32
488.911,load,89,35.426,1207,32
488.961,load,89,35.426,1207,32
489.012,load,89,35.426,1207,32
489.062,load,89,35.426,1207,32
489.112,load,89,35.426,1207,32
489.163,load,88,35.585,1237,32
489.213,load,88,35.585,1237,32
489.264,load,88,35.585,1237,32
489.314,load,88,35.585,1237,32
489.365,load,88,35.585,1237,32
489.415,load,88,35.585,1237,32
489.466,load,88,35.585,1237,32
489.516,load,88,35.585,1237,32
489.567,load,88,35.585,1237,32
489.617,load,89,35.956,1140,32
489.667,load,89,35.956,1140,32
489.718,load,89,35.956,1140,32
489.768,load,89,35.956,1140,32
489.819,load,89,35.956,1140,32
489.87,load,89,35.956,1140,32
489.92,load,89,35.956,1140,32
489.971,load,89,35.956,1140,32
490.021,load,89,35.956,1140,32
490.071,load,89,35.956,1140,32
490.122,load,89,36.027,1237,32
490.172,load,89,36.027,1237,32
490.222,load,89,36.027,1237,32
490.273,load,89,36.027,1237,32
490.323,load,89,36.027,1237,32
490.374,load,89,36.027,1237,32
490.424,load,89,36.027,1237,32
490.475,load,89,36.027,1237,32
490.525,load,89,36.027,1237,32
490.575,load,89,36.027,1237,32
490.626,load,89,35.439,1237,32
490.676,load,89,35.439,1237,32
490.726,load,89,35.439,1237,32
490.777,load,89,35.439,1237,32
490.827,load,89,35.439,1237,32
490.878,load,89,35.439,1237,32
490.928,load,89,35.439,1237,32
490.979,load,89,35.439,1237,32
491.029,load,89,35.439,1237,32
491.079,load,89,35.439,1237,32
491.13,load,89,36.69,1222,32
491.18,load,89,36.69,1222,32
491.23,load,89,36.69,1222,32
491.28,load,89,36.69,1222,32
491.331,load,89,36.69,1222,32
491.381,load,89,36.69,1222,32
491.432,load,89,36.69,1222,32
491.482,load,89,36.69,1222,32
491.532,load,89,36.69,1222,32
491.583,load,89,36.69,1222,32
491.633,load,89,34.589,1237,32
491.684,load,89,34.589,1237,32
491.734,load,89,34.589,1237,32
491.785,load,89,34.589,1237,32
491.835,load,89,34.589,1237,32
491.886,load,89,34.589,1237,32
491.936,load,89,34.589,1237,32
491.987,load,89,34.589,1237,32
492.037,load,89,34.589,1237,32
492.088,load,89,34.589,1237,32
492.138,load,89,35.657,1237,32
492.189,load,89,35.657,1237,32
492.239,load,89,35.657,1237,32
492.29,load,89,35.657,1237,32
492.34,load,89,35.657,1237,32
492.391,load,89,35.657,1237,32
492.441,load,89,35.657,1237,32
492.492,load,89,35.657,1237,32
492.542,load,89,35.657,1237,32
492.592,load,89,35.657,1237,32
492.643,load,87,33.57,1237,32
492.693,load,87,33.57,1237,32
492.744,load,87,33.57,1237,32
492.794,load,87,33.57,1237,32
492.845,load,87,33.57,1237,32
492.895,load,87,33.57,1237,32
492.945,load,87,33.57,1237,32
492.995,load,87,33.57,1237,32
493.046,load,87,33.57,1237,32
493.096,load,87,33.57,1237,32
493.147,load,89,35.658,1237,32
493.197,load,89,35.658,1237,32
493.247,load,89,35.658,1237,32
493.298,load,89,35.658,1237,32
493.348,load,89,35.658,1237,32
493.398,load,89,35.658,1237,32
493.449,load,89,35.658,1237,32
493.499,load,89,35.658,1237,32
493.55,load,89,35.658,1237,32
493.6,load,89,35.658,1237,32
493.65,load,87,33.574,1237,32
493.701,load,87,33.574,1237,32
493.752,load,87,33.574,1237,32
493.802,load,87,33.574,1237,32
493.852,load,87,33.574,1237,32
493.903,load,87,33.574,1237,32
493.953,load,87,33.574,1237,32
494.004,load,87,33.574,1237,32
494.054,load,87,33.574,1237,32
494.104,load,87,33.574,1237,32
494.155,load,89,35.559,1237,32
494.205,load,89,35.559,1237,32
494.255,load,89,35.559,1237,32
494.305,load,89,35.559,1237,32
494.356,load,89,35.559,1237,32
494.406,load,89,35.559,1237,32
494.457,load,89,35.559,1237,32
494.507,load,89,35.559,1237,32
494.558,load,89,35.559,1237,32
494.608,load,89,35.559,1237,32
494.658,load,88,33.64,1237,32
494.709,load,88,33.64,1237,32
494.759,load,88,33.64,1237,32
494.81,load,88,33.64,1237,32
494.86,load,88,33.64,1237,32
494.911,load,88,33.64,1237,32
494.961,load,88,33.64,1237,32
495.011,load,88,33.64,1237,32
495.062,load,88,33.64,1237,32
495.112,load,88,33.64,1237,32
495.162,load,89,35.256,1237,32
495.213,load,89,35.256,1237,32
495.263,load,89,35.256,1237,32
495.314,load,89,35.256,1237,32
495.364,load,89,35.256,1237,32
495.415,load,89,35.256,1237,32
495.465,load,89,35.256,1237,32
495.516,load,89,35.256,1237,32
495.566,load,89,35.256,1237,32
495.616,load,88,33.676,1237,32
495.667,load,88,33.676,1237,32
495.717,load,88,33.676,1237,32
495.768,load,88,33.676,1237,32
495.818,load,88,33.676,1237,32
495.869,load,88,33.676,1237,32
495.919,load,88,33.676,1237,32
495.97,load,88,33.676,1237,32
496.02,load,88,33.676,1237,32
496.07,load,88,33.676,1237,32
496.121,load,89,35.467,1237,32
496.172,load,89,35.467,1237,32
496.222,load,89,35.467,1237,32
496.273,load,89,35.467,1237,32
496.323,load,89,35.467,1237,32
496.373,load,89,35.467,1237,32
496.423,load,89,35.467,1237,32
496.474,load,89,35.467,1237,32
496.524,load,89,35.467,1237,32
496.575,load,89,35.467,1237,32
496.625,load,88,33.603,1237,32
496.675,load,88,33.603,1237,32
496.726,load,88,33.603,1237,32
496.776,load,88,33.603,1237,32
496.827,load,88,33.603,1237,32
496.877,load,88,33.603,1237,32
496.927,load,88,33.603,1237,32
496.978,load,88,33.603,1237,32
497.028,load,88,33.603,1237,32
497.081,load,88,33.603,1237,32
497.131,load,89,36.581,1237,32
497.181,load,89,36.581,1237,32
497.232,load,89,36.581,1237,32
497.282,load,89,36.581,1237,32
497.333,load,89,36.581,1237,32
497.383,load,89,36.581,1237,32
497.433,load,89,36.581,1237,32
497.484,load,89,36.581,1237,32
497.535,load,89,36.581,1237,32
497.585,load,89,36.581,1237,32
497.636,load,87,33.2,1237,32
497.686,load,87,33.2,1237,32
497.736,load,87,33.2,1237,32
497.787,load,87,33.2,1237,32
497.837,load,87,33.2,1237,32
497.888,load,87,33.2,1237,32
497.938,load,87,33.2,1237,32
497.988,load,87,33.2,1237,32
498.039,load,87,33.2,1237,32
498.089,load,87,33.2,1237,32
498.14,load,89,35.994,1237,32
498.19,load,89,35.994,1237,32
498.241,load,89,35.994,1237,32
498.291,load,89,35.994,1237,32
498.342,load,89,35.994,1237,32
498.392,load,89,35.994,1237,32
498.442,load,89,35.994,1237,32
498.493,load,89,35.994,1237,32
498.543,load,89,35.994,1237,32
498.594,load,89,35.994,1237,32
498.644,load,86,33.761,1237,32
498.694,load,86,33.761,1237,32
498.744,load,86,33.761,1237,32
498.795,load,86,33.761,1237,32
498.845,load,86,33.761,1237,32
498.896,load,86,33.761,1237,32
498.946,load,86,33.761,1237,32
498.997,load,86,33.761,1237,32
499.047,load,86,33.761,1237,32
499.097,load,86,33.761,1237,32
499.148,load,89,36.058,1237,32
499.198,load,89,36.058,1237,32
499.248,load,89,36.058,1237,32
499.299,load,89,36.058,1237,32
499.349,load,89,36.058,1237,32
499.399,load,89,36.058,1237,32
499.45,load,89,36.058,1237,32
499.5,load,89,36.058,1237,32
499.551,load,89,36.058,1237,32
499.601,load,89,36.058,1237,32
499.651,load,87,35.258,1237,32
499.702,load,87,35.258,1237,32
499.752,load,87,35.258,1237,32
499.802,load,87,35.258,1237,32
499.853,load,87,35.258,1237,32
499.903,load,87,35.258,1237,32
499.954,load,87,35.258,1237,32
500.004,load,87,35.258,1237,32
500.054,load,87,35.258,1237,32
500.105,load,87,35.258,1237,32
500.155,load,89,36.978,1237,32
500.206,load,89,36.978,1237,32
500.256,load,89,36.978,1237,32
500.306,load,89,36.978,1237,32
500.357,load,89,36.978,1237,32
500.407,load,89,36.978,1237,32
500.458,load,89,36.978,1237,32
500.508,load,89,36.978,1237,32
500.559,load,89,36.978,1237,32
500.609,load,89,36.978,1237,32
500.66,load,87,35.341,1237,32
500.71,load,87,35.341,1237,32
500.76,load,87,35.341,1237,32
500.81,load,87,35.341,1237,32
500.861,load,87,35.341,1237,32
500.912,load,87,35.341,1237,32
500.962,load,87,35.341,1237,32
501.013,load,87,35.341,1237,32
501.063,load,87,35.341,1237,32
501.114,load,87,35.341,1237,32
501.165,load,89,35.181,1237,32
501.215,load,89,35.181,1237,32
501.265,load,89,35.181,1237,32
501.316,load,89,35.181,1237,32
501.366,load,89,35.181,1237,32
501.416,load,89,35.181,1237,32
501.467,load,89,35.181,1237,32
501.517,load,89,35.181,1237,32
501.568,load,89,35.181,1237,32
501.618,load,88,36.123,1237,32
501.669,load,88,36.123,1237,32
501.719,load,88,36.123,1237,32
501.77,load,88,36.123,1237,32
501.82,load,88,36.123,1237,32
501.871,load,88,36.123,1237,32
501.921,load,88,36.123,1237,32
501.972,load,88,36.123,1237,32
502.022,load,88,36.123,1237,32
502.073,load,88,36.123,1237,32
502.123,load,89,36.66,1230,32
502.173,load,89,36.66,1230,32
502.225,load,89,36.66,1230,32
502.275,load,89,36.66,1230,32
502.326,load,89,36.66,1230,32
502.376,load,89,36.66,1230,32
502.427,load,89,36.66,1230,32
502.477,load,89,36.66,1230,32
502.528,load,89,36.66,1230,32
502.578,load,89,36.66,1230,32
502.629,load,88,36.791,1237,32
502.679,load,88,36.791,1237,32
502.729,load,88,36.791,1237,32
502.78,load,88,36.791,1237,32
502.83,load,88,36.791,1237,32
502.881,load,88,36.791,1237,32
502.931,load,88,36.791,1237,32
502.982,load,88,36.791,1237,32
503.032,load,88,36.791,1237,32
503.082,load,88,36.791,1237,32
503.133,load,89,36.722,1230,32
503.183,load,89,36.722,1230,32
503.234,load,89,36.722,1230,32
503.284,load,89,36.722,1230,32
503.335,load,89,36.722,1230,32
503.385,load,89,36.722,1230,32
503.436,load,89,36.722,1230,32
503.486,load,89,36.722,1230,32
503.537,load,89,36.722,1230,32
503.587,load,89,36.722,1230,32
503.637,load,88,36.851,1230,32
503.688,load,88,36.851,1230,32
503.738,load,88,36.851,1230,32
503.788,load,88,36.851,1230,32
503.839,load,88,36.851,1230,32
503.889,load,88,36.851,1230,32
503.94,load,88,36.851,1230,32
503.99,load,88,36.851,1230,32
504.04,load,88,36.851,1230,32
504.091,load,88,36.851,1230,32
504.141,load,88,35.396,1012,32
504.192,load,88,35.396,1012,32
504.242,load,88,35.396,1012,32
504.292,load,88,35.396,1012,32
504.343,load,88,35.396,1012,32
504.393,load,88,35.396,1012,32
504.444,load,88,35.396,1012,32
504.494,load,88,35.396,1012,32
504.545,load,88,35.396,1012,32
504.595,load,88,35.396,1012,32
504.645,load,88,35.087,1237,32
504.696,load,88,35.087,1237,32
504.746,load,88,35.087,1237,32
504.796,load,88,35.087,1237,32
504.847,load,88,35.087,1237,32
504.897,load,88,35.087,1237,32
504.948,load,88,35.087,1237,32
504.998,load,88,35.087,1237,32
505.049,load,88,35.087,1237,32
505.099,load,88,35.087,1237,32
505.15,load,89,35.527,1237,32
505.2,load,89,35.527,1237,32
505.25,load,89,35.527,1237,32
505.301,load,89,35.527,1237,32
505.351,load,89,35.527,1237,32
505.402,load,89,35.527,1237,32
505.452,load,89,35.527,1237,32
505.503,load,89,35.527,1237,32
505.553,load,89,35.527,1237,32
505.604,load,89,35.527,1237,32
505.655,load,89,36.04,1237,32
505.705,load,89,36.04,1237,32
505.755,load,89,36.04,1237,32
505.806,load,89,36.04,1237,32
505.856,load,89,36.04,1237,32
505.907,load,89,36.04,1237,32
505.957,load,89,36.04,1237,32
506.008,load,89,36.04,1237,32
506.058,load,89,36.04,1237,32
506.109,load,89,36.04,1237,32
506.159,load,89,34.954,1237,32
506.209,load,89,34.954,1237,32
506.26,load,89,34.954,1237,32
506.31,load,89,34.954,1237,32
506.361,load,89,34.954,1237,32
506.411,load,89,34.954,1237,32
506.462,load,89,34.954,1237,32
506.512,load,89,34.954,1237,32
506.563,load,89,34.954,1237,32
506.613,load,89,34.954,1237,32
506.663,load,89,36.395,1237,32
506.714,load,89,36.395,1237,32
506.764,load,89,36.395,1237,32
506.815,load,89,36.395,1237,32
506.865,load,89,36.395,1237,32
506.915,load,89,36.395,1237,32
506.965,load,89,36.395,1237,32
507.016,load,89,36.395,1237,32
507.066,load,89,36.395,1237,32
507.117,load,88,33.718,1237,32
507.167,load,88,33.718,1237,32
507.218,load,88,33.718,1237,32
507.268,load,88,33.718,1237,32
507.318,load,88,33.718,1237,32
507.369,load,88,33.718,1237,32
507.419,load,88,33.718,1237,32
507.469,load,88,33.718,1237,32
507.52,load,88,33.718,1237,32
507.57,load,88,33.718,1237,32
507.621,load,89,35.2,1237,32
507.671,load,89,35.2,1237,32
507.722,load,89,35.2,1237,32
507.772,load,89,35.2,1237,32
507.823,load,89,35.2,1237,32
507.873,load,89,35.2,1237,32
507.924,load,89,35.2,1237,32
507.974,load,89,35.2,1237,32
508.025,load,89,35.2,1237,32
508.075,load,89,35.2,1237,32
508.126,load,87,33.843,1237,32
508.176,load,87,33.843,1237,32
508.227,load,87,33.843,1237,32
508.277,load,87,33.843,1237,32
508.328,load,87,33.843,1237,32
508.379,load,87,33.843,1237,32
508.429,load,87,33.843,1237,32
508.48,load,87,33.843,1237,32
508.53,load,87,33.843,1237,32
508.58,load,87,33.843,1237,32
508.631,load,89,36.258,1222,32
508.681,load,89,36.258,1222,32
508.732,load,89,36.258,1222,32
508.782,load,89,36.258,1222,32
508.832,load,89,36.258,1222,32
508.883,load,89,36.258,1222,32
508.933,load,89,36.258,1222,32
508.984,load,89,36.258,1222,32
509.034,load,89,36.258,1222,32
509.085,load,89,36.258,1222,32
509.135,load,87,33.619,1222,32
509.186,load,87,33.619,1222,32
509.236,load,87,33.619,1222,32
509.286,load,87,33.619,1222,32
509.337,load,87,33.619,1222,32
509.387,load,87,33.619,1222,32
509.437,load,87,33.619,1222,32
509.488,load,87,33.619,1222,32
509.538,load,87,33.619,1222,32
509.588,load,87,33.619,1222,32
509.639,load,89,36.347,1237,32
509.689,load,89,36.347,1237,32
509.739,load,89,36.347,1237,32
509.789,load,89,36.347,1237,32
509.84,load,89,36.347,1237,32
509.891,load,89,36.347,1237,32
509.941,load,89,36.347,1237,32
509.991,load,89,36.347,1237,32
510.042,load,89,36.347,1237,32
510.092,load,89,36.347,1237,32
510.142,load,87,34.896,1237,32
510.193,load,87,34.896,1237,32
510.243,load,87,34.896,1237,32
510.294,load,87,34.896,1237,32
510.345,load,87,34.896,1237,32
510.395,load,87,34.896,1237,32
510.446,load,87,34.896,1237,32
510.496,load,87,34.896,1237,32
510.546,load,87,34.896,1237,32
510.596,load,87,34.896,1237,32
510.647,load,89,36.397,1065,32
510.697,load,89,36.397,1065,32
510.747,load,89,36.397,1065,32
510.798,load,89,36.397,1065,32
510.848,load,89,36.397,1065,32
510.898,load,89,36.397,1065,32
510.949,load,89,36.397,1065,32
510.999,load,89,36.397,1065,32
511.049,load,89,36.397,1065,32
511.1,load,89,36.397,1065,32
511.15,load,87,35.094,1237,32
511.201,load,87,35.094,1237,32
511.251,load,87,35.094,1237,32
511.302,load,87,35.094,1237,32
511.352,load,87,35.094,1237,32
511.403,load,87,35.094,1237,32
511.453,load,87,35.094,1237,32
511.503,load,87,35.094,1237,32
511.554,load,87,35.094,1237,32
511.604,load,87,35.094,1237,32
511.654,load,89,35.563,1237,32
511.705,load,89,35.563,1237,32
511.755,load,89,35.563,1237,32
511.805,load,89,35.563,1237,32
511.856,load,89,35.563,1237,32
511.907,load,89,35.563,1237,32
511.957,load,89,35.563,1237,32
512.008,load,89,35.563,1237,32
512.058,load,89,35.563,1237,32
512.109,load,89,35.563,1237,32
512.159,load,88,35.46,1237,32
512.209,load,88,35.46,1237,32
512.26,load,88,35.46,1237,32
512.31,load,88,35.46,1237,32
512.361,load,88,35.46,1237,32
512.411,load,88,35.46,1237,32
512.462,load,88,35.46,1237,32
512.512,load,88,35.46,1237,32
512.562,load,88,35.46,1237,32
512.613,load,88,35.46,1237,32
512.663,load,89,35.098,1237,32
512.714,load,89,35.098,1237,32
512.764,load,89,35.098,1237,32
512.814,load,89,35.098,1237,32
512.865,load,89,35.098,1237,32
512.915,load,89,35.098,1237,32
512.966,load,89,35.098,1237,32
513.016,load,89,35.098,1237,32
513.067,load,89,35.098,1237,32
513.117,load,89,35.098,1237,32
513.168,load,88,35.64,1237,32
513.218,load,88,35.64,1237,32
513.268,load,88,35.64,1237,32
513.319,load,88,35.64,1237,32
513.369,load,88,35.64,1237,32
513.419,load,88,35.64,1237,32
513.47,load,88,35.64,1237,32
513.52,load,88,35.64,1237,32
513.57,load,88,35.64,1237,32
513.621,load,89,35.954,1237,32
513.671,load,89,35.954,1237,32
513.721,load,89,35.954,1237,32
513.772,load,89,35.954,1237,32
513.822,load,89,35.954,1237,32
513.872,load,89,35.954,1237,32
513.923,load,89,35.954,1237,32
513.973,load,89,35.954,1237,32
514.023,load,89,35.954,1237,32
514.074,load,89,35.954,1237,32
514.125,load,88,35.885,1237,32
514.175,load,88,35.885,1237,32
514.225,load,88,35.885,1237,32
514.276,load,88,35.885,1237,32
514.326,load,88,35.885,1237,32
514.377,load,88,35.885,1237,32
514.427,load,88,35.885,1237,32
514.478,load,88,35.885,1237,32
514.528,load,88,35.885,1237,32
514.578,load,88,35.885,1237,32
514.629,load,89,36.218,1237,32
514.679,load,89,36.218,1237,32
514.729,load,89,36.218,1237,32
514.78,load,89,36.218,1237,32
514.83,load,89,36.218,1237,32
514.881,load,89,36.218,1237,32
514.931,load,89,36.218,1237,32
514.982,load,89,36.218,1237,32
515.032,load,89,36.218,1237,32
515.082,load,89,36.218,1237,32
515.133,load,89,36.507,1230,32
515.183,load,89,36.507,1230,32
515.233,load,89,36.507,1230,32
515.284,load,89,36.507,1230,32
515.334,load,89,36.507,1230,32
515.385,load,89,36.507,1230,32
515.435,load,89,36.507,1230,32
515.485,load,89,36.507,1230,32
515.536,load,89,36.507,1230,32
515.586,load,89,36.507,1230,32
515.636,load,88,36.069,982,32
515.687,load,88,36.069,982,32
515.738,load,88,36.069,982,32
515.788,load,88,36.069,982,32
515.838,load,88,36.069,982,32
515.889,load,88,36.069,982,32
515.939,load,88,36.069,982,32
515.99,load,88,36.069,982,32
516.04,load,88,36.069,982,32
516.09,load,88,36.069,982,32
516.141,load,88,34.42,1237,32
516.191,load,88,34.42,1237,32
516.242,load,88,34.42,1237,32
516.293,load,88,34.42,1237,32
516.343,load,88,34.42,1237,32
516.393,load,88,34.42,1237,32
516.444,load,88,34.42,1237,32
516.494,load,88,34.42,1237,32
516.545,load,88,34.42,1237,32
516.595,load,88,34.42,1237,32
516.645,load,89,34.493,1237,32
516.696,load,89,34.493,1237,32
516.746,load,89,34.493,1237,32
516.797,load,89,34.493,1237,32
516.848,load,89,34.493,1237,32
516.898,load,89,34.493,1237,32
516.949,load,89,34.493,1237,32
516.999,load,89,34.493,1237,32
517.05,load,89,34.493,1237,32
517.1,load,89,34.493,1237,32
517.151,load,89,36.952,1237,32
517.201,load,89,36.952,1237,32
517.252,load,89,36.952,1237,32
517.302,load,89,36.952,1237,32
517.353,load,89,36.952,1237,32
517.404,load,89,36.952,1237,32
517.454,load,89,36.952,1237,32
517.505,load,89,36.952,1237,32
517.555,load,89,36.952,1237,32
517.605,load,89,36.952,1237,32
517.655,load,89,37.263,1042,32
517.706,load,89,37.263,1042,32
517.757,load,89,37.263,1042,32
517.807,load,89,37.263,1042,32
517.857,load,89,37.263,1042,32
517.907,load,89,37.263,1042,32
517.958,load,89,37.263,1042,32
518.008,load,89,37.263,1042,32
518.059,load,89,37.263,1042,32
518.109,load,89,37.263,1042,32
518.159,load,89,36.432,1237,32
518.21,load,89,36.432,1237,32
518.261,load,89,36.432,1237,32
518.311,load,89,36.432,1237,32
518.361,load,89,36.432,1237,32
518.412,load,89,36.432,1237,32
518.462,load,89,36.432,1237,32
518.513,load,89,36.432,1237,32
518.563,load,89,36.432,1237,32
518.614,load,89,36.432,1237,32
518.664,load,88,35.547,1237,32
518.714,load,88,35.547,1237,32
518.764,load,88,35.547,1237,32
518.815,load,88,35.547,1237,32
518.865,load,88,35.547,1237,32
518.915,load,88,35.547,1237,32
518.966,load,88,35.547,1237,32
519.016,load,88,35.547,1237,32
519.067,load,88,35.547,1237,32
519.117,load,88,35.547,1237,32
519.168,load,89,35.608,1237,32
519.218,load,89,35.608,1237,32
519.268,load,89,35.608,1237,32
519.319,load,89,35.608,1237,32
519.369,load,89,35.608,1237,32
519.42,load,89,35.608,1237,32
519.47,load,89,35.608,1237,32
519.521,load,89,35.608,1237,32
519.571,load,89,35.608,1237,32
519.621,load,87,34.64,1237,32
519.672,load,87,34.64,1237,32
519.723,load,87,34.64,1237,32
519.773,load,87,34.64,1237,32
519.823,load,87,34.64,1237,32
519.874,load,87,34.64,1237,32
519.924,load,87,34.64,1237,32
519.975,load,87,34.64,1237,32
520.025,load,87,34.64,1237,32
520.076,load,87,34.64,1237,32
520.126,load,89,36.326,1237,32
520.177,load,89,36.326,1237,32
520.227,load,89,36.326,1237,32
520.278,load,89,36.326,1237,32
520.328,load,89,36.326,1237,32
520.379,load,89,36.326,1237,32
520.429,load,89,36.326,1237,32
520.48,load,89,36.326,1237,32
520.53,load,89,36.326,1237,32
520.581,load,89,36.326,1237,32
520.631,load,86,33.615,1237,32
520.681,load,86,33.615,1237,32
520.732,load,86,33.615,1237,32
520.782,load,86,33.615,1237,32
520.833,load,86,33.615,1237,32
520.883,load,86,33.615,1237,32
520.934,load,86,33.615,1237,32
520.984,load,86,33.615,1237,32
521.034,load,86,33.615,1237,32
521.085,load,86,33.615,1237,32
521.135,load,89,35.536,1222,32
521.185,load,89,35.536,1222,32
521.236,load,89,35.536,1222,32
521.286,load,89,35.536,1222,32
521.336,load,89,35.536,1222,32
521.387,load,89,35.536,1222,32
521.437,load,89,35.536,1222,32
521.487,load,89,35.536,1222,32
521.538,load,89,35.536,1222,32
521.588,load,89,35.536,1222,32
521.639,load,88,34.062,1230,32
521.689,load,88,34.062,1230,32
521.739,load,88,34.062,1230,32
521.79,load,88,34.062,1230,32
521.84,load,88,34.062,1230,32
521.891,load,88,34.062,1230,32
521.941,load,88,34.062,1230,32
521.992,load,88,34.062,1230,32
522.042,load,88,34.062,1230,32
522.093,load,88,34.062,1230,32
522.143,load,89,36.93,1087,32
522.193,load,89,36.93,1087,32
522.244,load,89,36.93,1087,32
522.294,load,89,36.93,1087,32
522.345,load,89,36.93,1087,32
522.396,load,89,36.93,1087,32
522.446,load,89,36.93,1087,32
522.497,load,89,36.93,1087,32
522.547,load,89,36.93,1087,32
522.597,load,89,36.93,1087,32
522.648,load,88,33.589,1237,32
522.698,load,88,33.589,1237,32
522.748,load,88,33.589,1237,32
522.799,load,88,33.589,1237,32
522.85,load,88,33.589,1237,32
522.9,load,88,33.589,1237,32
522.95,load,88,33.589,1237,32
523.0,load,88,33.589,1237,32
523.051,load,88,33.589,1237,32
523.101,load,88,33.589,1237,32
523.152,load,89,34.738,1237,32
523.202,load,89,34.738,1237,32
523.253,load,89,34.738,1237,32
523.303,load,89,34.738,1237,32
523.354,load,89,34.738,1237,32
523.404,load,89,34.738,1237,32
523.455,load,89,34.738,1237,32
523.505,load,89,34.738,1237,32
523.556,load,89,34.738,1237,32
523.606,load,89,34.738,1237,32
523.657,load,88,35.026,1237,32
523.707,load,88,35.026,1237,32
523.757,load,88,35.026,1237,32
523.808,load,88,35.026,1237,32
523.858,load,88,35.026,1237,32
523.908,load,88,35.026,1237,32
523.959,load,88,35.026,1237,32
524.01,load,88,35.026,1237,32
524.06,load,88,35.026,1237,32
524.11,load,88,35.026,1237,32
524.161,load,89,36.22,1237,32
524.211,load,89,36.22,1237,32
524.262,load,89,36.22,1237,32
524.313,load,89,36.22,1237,32
524.363,load,89,36.22,1237,32
524.413,load,89,36.22,1237,32
524.464,load,89,36.22,1237,32
524.514,load,89,36.22,1237,32
524.565,load,89,36.22,1237,32
524.615,load,89,36.22,1237,32
524.666,load,88,35.663,1237,32
524.716,load,88,35.663,1237,32
524.766,load,88,35.663,1237,32
524.817,load,88,35.663,1237,32
524.867,load,88,35.663,1237,32
524.918,load,88,35.663,1237,32
524.968,load,88,35.663,1237,32
525.019,load,88,35.663,1237,32
525.069,load,88,35.663,1237,32
525.12,load,89,36.268,1237,32
525.17,load,89,36.268,1237,32
525.22,load,89,36.268,1237,32
525.271,load,89,36.268,1237,32
525.321,load,89,36.268,1237,32
525.371,load,89,36.268,1237,32
525.421,load,89,36.268,1237,32
525.472,load,89,36.268,1237,32
525.522,load,89,36.268,1237,32
525.573,load,89,36.268,1237,32
525.623,load,88,35.21,1237,1
525.673,load,88,35.21,1237,1
525.724,load,88,35.21,1237,1
525.774,load,88,35.21,1237,1
525.824,load,88,35.21,1237,1
525.875,load,88,35.21,1237,1
525.925,load,88,35.21,1237,1
525.976,load,88,35.21,1237,1
526.026,load,88,35.21,1237,1
526.077,load,88,35.21,1237,1
526.127,load,89,35.774,1237,32
526.177,load,89,35.774,1237,32
526.227,load,89,35.774,1237,32
526.278,load,89,35.774,1237,32
526.328,load,89,35.774,1237,32
526.379,load,89,35.774,1237,32
526.429,load,89,35.774,1237,32
526.479,load,89,35.774,1237,32
526.53,load,89,35.774,1237,32
526.58,load,89,35.774,1237,32
526.631,load,88,35.409,1237,32
526.681,load,88,35.409,1237,32
526.732,load,88,35.409,1237,32
526.782,load,88,35.409,1237,32
526.833,load,88,35.409,1237,32
526.883,load,88,35.409,1237,32
526.934,load,88,35.409,1237,32
526.984,load,88,35.409,1237,32
527.035,load,88,35.409,1237,32
527.085,load,88,35.409,1237,32
527.135,load,89,35.448,1237,32
527.186,load,89,35.448,1237,32
527.236,load,89,35.448,1237,32
527.286,load,89,35.448,1237,32
527.337,load,89,35.448,1237,32
527.388,load,89,35.448,1237,32
527.438,load,89,35.448,1237,32
527.488,load,89,35.448,1237,32
527.538,load,89,35.448,1237,32
527.589,load,89,35.448,1237,32
527.64,load,89,36.216,1230,32
527.69,load,89,36.216,1230,32
527.74,load,89,36.216,1230,32
527.791,load,89,36.216,1230,32
527.842,load,89,36.216,1230,32
527.892,load,89,36.216,1230,32
527.943,load,89,36.216,1230,32
527.993,load,89,36.216,1230,32
528.044,load,89,36.216,1230,32
528.094,load,89,36.216,1230,32
528.144,load,89,36.376,1080,32
528.194,load,89,36.376,1080,32
528.245,load,89,36.376,1080,32
528.295,load,89,36.376,1080,32
528.346,load,89,36.376,1080,32
528.396,load,89,36.376,1080,32
528.446,load,89,36.376,1080,32
528.497,load,89,36.376,1080,32
528.547,load,89,36.376,1080,32
528.598,load,89,36.376,1080,32
528.648,load,89,35.881,1230,32
528.699,load,89,35.881,1230,32
528.749,load,89,35.881,1230,32
528.799,load,89,35.881,1230,32
528.85,load,89,35.881,1230,32
528.9,load,89,35.881,1230,32
528.95,load,89,35.881,1230,32
529.001,load,89,35.881,1230,32
529.051,load,89,35.881,1230,32
529.102,load,89,35.881,1230,32
529.152,load,89,35.78,1237,32
529.203,load,89,35.78,1237,32
529.253,load,89,35.78,1237,32
529.304,load,89,35.78,1237,32
529.354,load,89,35.78,1237,32
529.405,load,89,35.78,1237,32
529.456,load,89,35.78,1237,32
529.506,load,89,35.78,1237,32
529.557,load,89,35.78,1237,32
529.607,load,89,35.78,1237,32
529.658,load,89,36.955,1237,32
529.708,load,89,36.955,1237,32
529.759,load,89,36.955,1237,32
529.809,load,89,36.955,1237,32
529.86,load,89,36.955,1237,32
529.91,load,89,36.955,1237,32
529.96,load,89,36.955,1237,32
530.011,load,89,36.955,1237,32
530.061,load,89,36.955,1237,32
530.112,load,89,36.955,1237,32
530.162,load,87,34.708,1035,32
530.213,load,87,34.708,1035,32
530.263,load,87,34.708,1035,32
530.313,load,87,34.708,1035,32
530.364,load,87,34.708,1035,32
530.414,load,87,34.708,1035,32
530.464,load,87,34.708,1035,32
530.515,load,87,34.708,1035,32
530.566,load,87,34.708,1035,32
530.616,load,87,34.708,1035,32
530.667,load,88,33.94,1237,32
530.717,load,88,33.94,1237,32
530.768,load,88,33.94,1237,32
530.818,load,88,33.94,1237,32
530.869,load,88,33.94,1237,32
530.92,load,88,33.94,1237,32
530.97,load,88,33.94,1237,32
531.02,load,88,33.94,1237,32
531.071,load,88,33.94,1237,32
531.121,load,87,34.958,1237,32
531.172,load,87,34.958,1237,32
531.223,load,87,34.958,1237,32
531.273,load,87,34.958,1237,32
531.323,load,87,34.958,1237,32
531.374,load,87,34.958,1237,32
531.424,load,87,34.958,1237,32
531.474,load,87,34.958,1237,32
531.525,load,87,34.958,1237,32
531.575,load,87,34.958,1237,32
531.626,load,89,36.234,1237,32
531.676,load,89,36.234,1237,32
531.726,load,89,36.234,1237,32
531.777,load,89,36.234,1237,32
531.828,load,89,36.234,1237,32
531.878,load,89,36.234,1237,32
531.928,load,89,36.234,1237,32
531.979,load,89,36.234,1237,32
532.029,load,89,36.234,1237,32
532.079,load,89,36.234,1237,32
532.13,load,87,34.883,1237,32
532.181,load,87,34.883,1237,32
532.231,load,87,34.883,1237,32
532.282,load,87,34.883,1237,32
532.332,load,87,34.883,1237,32
532.383,load,87,34.883,1237,32
532.433,load,87,34.883,1237,32
532.483,load,87,34.883,1237,32
532.534,load,87,34.883,1237,32
532.584,load,87,34.883,1237,32
532.634,load,89,36.495,1237,32
532.685,load,89,36.495,1237,32
532.735,load,89,36.495,1237,32
532.785,load,89,36.495,1237,32
532.835,load,89,36.495,1237,32
532.886,load,89,36.495,1237,32
532.936,load,89,36.495,1237,32
532.986,load,89,36.495,1237,32
533.037,load,89,36.495,1237,32
533.087,load,89,36.495,1237,32
533.137,load,87,33.434,1237,32
533.188,load,87,33.434,1237,32
533.238,load,87,33.434,1237,32
533.288,load,87,33.434,1237,32
533.339,load,87,33.434,1237,32
533.389,load,87,33.434,1237,32
533.44,load,87,33.434,1237,32
533.49,load,87,33.434,1237,32
533.54,load,87,33.434,1237,32
533.591,load,87,33.434,1237,32
533.642,load,89,36.026,1237,32
533.692,load,89,36.026,1237,32
533.742,load,89,36.026,1237,32
533.793,load,89,36.026,1237,32
533.844,load,89,36.026,1237,32
533.894,load,89,36.026,1237,32
533.944,load,89,36.026,1237,32
533.995,load,89,36.026,1237,32
534.045,load,89,36.026,1237,32
534.096,load,89,36.026,1237,32
534.146,load,87,33.159,1095,32
534.197,load,87,33.159,1095,32
534.247,load,87,33.159,1095,32
534.297,load,87,33.159,1095,32
534.348,load,87,33.159,1095,32
534.398,load,87,33.159,1095,32
534.448,load,87,33.159,1095,32
534.498,load,87,33.159,1095,32
534.549,load,87,33.159,1095,32
534.599,load,87,33.159,1095,32
534.65,load,89,35.18,1237,32
534.7,load,89,35.18,1237,32
534.75,load,89,35.18,1237,32
534.801,load,89,35.18,1237,32
534.851,load,89,35.18,1237,32
534.902,load,89,35.18,1237,32
534.952,load,89,35.18,1237,32
535.003,load,89,35.18,1237,32
535.053,load,89,35.18,1237,32
535.104,load,89,35.18,1237,32
535.154,load,88,33.775,1237,32
535.205,load,88,33.775,1237,32
535.255,load,88,33.775,1237,32
535.306,load,88,33.775,1237,32
535.356,load,88,33.775,1237,32
535.407,load,88,33.775,1237,32
535.457,load,88,33.775,1237,32
535.508,load,88,33.775,1237,32
535.558,load,88,33.775,1237,32
535.609,load,88,33.775,1237,32
535.659,load,89,36.223,1237,32
535.71,load,89,36.223,1237,32
535.761,load,89,36.223,1237,32
535.811,load,89,36.223,1237,32
535.861,load,89,36.223,1237,32
535.912,load,89,36.223,1237,32
535.963,load,89,36.223,1237,32
536.013,load,89,36.223,1237,32
536.063,load,89,36.223,1237,32
536.113,load,89,36.223,1237,32
536.164,load,88,35.545,1237,32
536.214,load,88,35.545,1237,32
536.265,load,88,35.545,1237,32
536.315,load,88,35.545,1237,32
536.366,load,88,35.545,1237,32
536.416,load,88,35.545,1237,32
536.466,load,88,35.545,1237,32
536.517,load,88,35.545,1237,32
536.567,load,88,35.545,1237,32
536.617,load,88,35.545,1237,32
536.668,load,89,36.725,937,32
536.718,load,89,36.725,937,32
536.769,load,89,36.725,937,32
536.819,load,89,36.725,937,32
536.869,load,89,36.725,937,32
536.92,load,89,36.725,937,32
536.97,load,89,36.725,937,32
537.021,load,89,36.725,937,32
537.071,load,89,36.725,937,32
537.122,load,88,34.371,1230,32
537.172,load,88,34.371,1230,32
537.223,load,88,34.371,1230,32
537.273,load,88,34.371,1230,32
537.323,load,88,34.371,1230,32
537.374,load,88,34.371,1230,32
537.424,load,88,34.371,1230,32
537.475,load,88,34.371,1230,32
537.525,load,88,34.371,1230,32
537.576,load,88,34.371,1230,32
537.626,load,89,33.725,1192,32
537.677,load,89,33.725,1192,32
537.727,load,89,33.725,1192,32
537.778,load,89,33.725,1192,32
537.828,load,89,33.725,1192,32
537.879,load,89,33.725,1192,32
537.929,load,89,33.725,1192,32
537.98,load,89,33.725,1192,32
538.03,load,89,33.725,1192,32
538.081,load,89,33.725,1192,32
538.131,load,88,35.057,1237,32
538.182,load,88,35.057,1237,32
538.232,load,88,35.057,1237,32
538.283,load,88,35.057,1237,32
538.333,load,88,35.057,1237,32
538.384,load,88,35.057,1237,32
538.434,load,88,35.057,1237,32
538.484,load,88,35.057,1237,32
538.535,load,88,35.057,1237,32
538.586,load,88,35.057,1237,32
538.636,load,89,36.044,1237,32
538.687,load,89,36.044,1237,32
538.737,load,89,36.044,1237,32
538.787,load,89,36.044,1237,32
538.837,load,89,36.044,1237,32
538.888,load,89,36.044,1237,32
538.939,load,89,36.044,1237,32
538.989,load,89,36.044,1237,32
539.039,load,89,36.044,1237,32
539.09,load,89,36.044,1237,32
539.14,load,88,36.353,1237,32
539.191,load,88,36.353,1237,32
539.241,load,88,36.353,1237,32
539.291,load,88,36.353,1237,32
539.342,load,88,36.353,1237,32
539.392,load,88,36.353,1237,32
539.443,load,88,36.353,1237,32
539.493,load,88,36.353,1237,32
539.543,load,88,36.353,1237,32
539.594,load,88,36.353,1237,32
539.644,load,89,36.038,1065,32
539.694,load,89,36.038,1065,32
539.745,load,89,36.038,1065,32
539.796,load,89,36.038,1065,32
539.846,load,89,36.038,1065,32
539.896,load,89,36.038,1065,32
539.946,load,89,36.038,1065,32
539.997,load,89,36.038,1065,32
540.047,load,89,36.038,1065,32
540.097,load,89,36.038,1065,32
540.147,load,88,35.13,1237,32
540.198,load,88,35.13,1237,32
540.248,load,88,35.13,1237,32
540.299,load,88,35.13,1237,32
540.349,load,88,35.13,1237,32
540.4,load,88,35.13,1237,32
540.45,load,88,35.13,1237,32
540.5,load,88,35.13,1237,32
540.551,load,88,35.13,1237,32
540.601,load,88,35.13,1237,32
540.651,load,89,35.327,1237,32
540.702,load,89,35.327,1237,32
540.752,load,89,35.327,1237,32
540.802,load,89,35.327,1237,32
540.853,load,89,35.327,1237,32
540.903,load,89,35.327,1237,32
540.954,load,89,35.327,1237,32
541.004,load,89,35.327,1237,32
541.055,load,89,35.327,1237,32
541.105,load,89,35.327,1237,32
541.155,load,89,36.601,1237,32
541.206,load,89,36.601,1237,32
541.256,load,89,36.601,1237,32
541.306,load,89,36.601,1237,32
541.357,load,89,36.601,1237,32
541.407,load,89,36.601,1237,32
541.458,load,89,36.601,1237,32
541.508,load,89,36.601,1237,32
541.559,load,89,36.601,1237,32
541.609,load,89,36.601,1237,32
541.66,load,88,35.581,1080,32
541.71,load,88,35.581,1080,32
541.76,load,88,35.581,1080,32
541.811,load,88,35.581,1080,32
541.861,load,88,35.581,1080,32
541.911,load,88,35.581,1080,32
541.962,load,88,35.581,1080,32
542.013,load,88,35.581,1080,32
542.063,load,88,35.581,1080,32
542.114,load,88,35.581,1080,32
542.164,load,89,34.97,1237,32
542.215,load,89,34.97,1237,32
542.265,load,89,34.97,1237,32
542.316,load,89,34.97,1237,32
542.366,load,89,34.97,1237,32
542.417,load,89,34.97,1237,32
542.467,load,89,34.97,1237,32
542.517,load,89,34.97,1237,32
542.568,load,89,34.97,1237,32
542.618,load,89,34.97,1237,32
542.668,load,89,35.523,1237,32
542.718,load,89,35.523,1237,32
542.768,load,89,35.523,1237,32
542.819,load,89,35.523,1237,32
542.869,load,89,35.523,1237,32
542.92,load,89,35.523,1237,32
542.97,load,89,35.523,1237,32
543.021,load,89,35.523,1237,32
543.071,load,89,35.523,1237,32
543.122,load,89,36.946,1237,32
543.172,load,89,36.946,1237,32
543.222,load,89,36.946,1237,32
543.273,load,89,36.946,1237,32
543.323,load,89,36.946,1237,32
543.374,load,89,36.946,1237,32
543.424,load,89,36.946,1237,32
543.475,load,89,36.946,1237,32
543.525,load,89,36.946,1237,32
543.576,load,89,36.946,1237,32
543.626,load,88,35.922,1237,32
543.677,load,88,35.922,1237,32
543.727,load,88,35.922,1237,32
543.778,load,88,35.922,1237,32
543.828,load,88,35.922,1237,32
543.878,load,88,35.922,1237,32
543.929,load,88,35.922,1237,32
543.979,load,88,35.922,1237,32
544.03,load,88,35.922,1237,32
544.081,load,88,35.922,1237,32
544.131,load,89,35.61,1222,32
544.182,load,89,35.61,1222,32
544.232,load,89,35.61,1222,32
544.282,load,89,35.61,1222,32
544.333,load,89,35.61,1222,32
544.383,load,89,35.61,1222,32
544.434,load,89,35.61,1222,32
544.484,load,89,35.61,1222,32
544.535,load,89,35.61,1222,32
544.585,load,89,35.61,1222,32
544.636,load,87,34.326,1237,32
544.687,load,87,34.326,1237,32
544.737,load,87,34.326,1237,32
544.788,load,87,34.326,1237,32
544.838,load,87,34.326,1237,32
544.888,load,87,34.326,1237,32
544.939,load,87,34.326,1237,32
544.989,load,87,34.326,1237,32
545.04,load,87,34.326,1237,32
545.09,load,87,34.326,1237,32
545.141,load,89,36.295,1237,32
545.191,load,89,36.295,1237,32
545.241,load,89,36.295,1237,32
545.292,load,89,36.295,1237,32
545.342,load,89,36.295,1237,32
545.392,load,89,36.295,1237,32
545.443,load,89,36.295,1237,32
545.493,load,89,36.295,1237,32
545.544,load,89,36.295,1237,32
545.594,load,89,36.295,1237,32
545.644,load,86,33.518,1215,32
545.695,load,86,33.518,1215,32
545.745,load,86,33.518,1215,32
545.795,load,86,33.518,1215,32
545.846,load,86,33.518,1215,32
545.897,load,86,33.518,1215,32
545.947,load,86,33.518,1215,32
545.998,load,86,33.518,1215,32
546.048,load,86,33.518,1215,32
546.098,load,86,33.518,1215,32
546.149,load,89,35.229,1222,32
546.199,load,89,35.229,1222,32
546.25,load,89,35.229,1222,32
546.3,load,89,35.229,1222,32
546.351,load,89,35.229,1222,32
546.401,load,89,35.229,1222,32
546.451,load,89,35.229,1222,32
546.502,load,89,35.229,1222,32
546.552,load,89,35.229,1222,32
546.602,load,89,35.229,1222,32
546.653,load,87,33.043,1237,32
546.703,load,87,33.043,1237,32
546.754,load,87,33.043,1237,32
546.804,load,87,33.043,1237,32
546.855,load,87,33.043,1237,32
546.905,load,87,33.043,1237,32
546.955,load,87,33.043,1237,32
547.006,load,87,33.043,1237,32
547.056,load,87,33.043,1237,32
547.107,load,87,33.043,1237,32
547.157,load,89,35.764,1237,32
547.208,load,89,35.764,1237,32
547.258,load,89,35.764,1237,32
547.309,load,89,35.764,1237,32
547.359,load,89,35.764,1237,32
547.41,load,89,35.764,1237,32
547.46,load,89,35.764,1237,32
547.511,load,89,35.764,1237,32
547.561,load,89,35.764,1237,32
547.612,load,89,35.764,1237,32
547.662,load,86,33.214,1237,32
547.712,load,86,33.214,1237,32
547.763,load,86,33.214,1237,32
547.813,load,86,33.214,1237,32
547.864,load,86,33.214,1237,32
547.914,load,86,33.214,1237,32
547.964,load,86,33.214,1237,32
548.015,load,86,33.214,1237,32
548.065,load,86,33.214,1237,32
548.116,load,86,33.214,1237,32
548.166,load,89,34.537,1237,32
548.216,load,89,34.537,1237,32
548.267,load,89,34.537,1237,32
548.317,load,89,34.537,1237,32
548.368,load,89,34.537,1237,32
548.418,load,89,34.537,1237,32
548.468,load,89,34.537,1237,32
548.519,load,89,34.537,1237,32
548.569,load,89,34.537,1237,32
548.62,load,89,34.537,1237,32
548.67,load,87,33.094,1230,32
548.72,load,87,33.094,1230,32
548.771,load,87,33.094,1230,32
548.821,load,87,33.094,1230,32
548.872,load,87,33.094,1230,32
548.922,load,87,33.094,1230,32
548.973,load,87,33.094,1230,32
549.023,load,87,33.094,1230,32
549.074,load,87,33.094,1230,32
549.124,load,89,35.718,1065,32
549.175,load,89,35.718,1065,32
549.225,load,89,35.718,1065,32
549.276,load,89,35.718,1065,32
549.326,load,89,35.718,1065,32
549.377,load,89,35.718,1065,32
549.427,load,89,35.718,1065,32
549.477,load,89,35.718,1065,32
549.528,load,89,35.718,1065,32
549.578,load,89,35.718,1065,32
549.629,load,86,32.74,1237,32
549.679,load,86,32.74,1237,32
549.73,load,86,32.74,1237,32
549.78,load,86,32.74,1237,32
549.83,load,86,32.74,1237,32
549.881,load,86,32.74,1237,32
549.931,load,86,32.74,1237,32
549.982,load,86,32.74,1237,32
550.032,load,86,32.74,1237,32
550.082,load,86,32.74,1237,32
550.133,load,89,34.85,1237,32
550.183,load,89,34.85,1237,32
550.234,load,89,34.85,1237,32
550.284,load,89,34.85,1237,32
550.335,load,89,34.85,1237,32
550.385,load,89,34.85,1237,32
550.436,load,89,34.85,1237,32
550.486,load,89,34.85,1237,32
550.537,load,89,34.85,1237,32
550.588,load,89,34.85,1237,32
550.638,load,88,34.827,1237,32
550.688,load,88,34.827,1237,32
550.738,load,88,34.827,1237,32
550.789,load,88,34.827,1237,32
550.84,load,88,34.827,1237,32
550.89,load,88,34.827,1237,32
550.94,load,88,34.827,1237,32
550.991,load,88,34.827,1237,32
551.041,load,88,34.827,1237,32
551.092,load,88,34.827,1237,32
551.142,load,88,36.271,1027,32
551.192,load,88,36.271,1027,32
551.243,load,88,36.271,1027,32
551.293,load,88,36.271,1027,32
551.344,load,88,36.271,1027,32
551.394,load,88,36.271,1027,32
551.444,load,88,36.271,1027,32
551.495,load,88,36.271,1027,32
551.545,load,88,36.271,1027,32
551.596,load,88,36.271,1027,32
551.646,load,87,33.587,1237,32
551.696,load,87,33.587,1237,32
551.747,load,87,33.587,1237,32
551.797,load,87,33.587,1237,32
551.848,load,87,33.587,1237,32
551.898,load,87,33.587,1237,32
551.949,load,87,33.587,1237,32
551.999,load,87,33.587,1237,32
552.049,load,87,33.587,1237,32
552.1,load,87,33.587,1237,32
552.151,load,89,34.13,1222,32
552.201,load,89,34.13,1222,32
552.251,load,89,34.13,1222,32
552.302,load,89,34.13,1222,32
552.352,load,89,34.13,1222,32
552.403,load,89,34.13,1222,32
552.453,load,89,34.13,1222,32
552.504,load,89,34.13,1222,32
552.554,load,89,34.13,1222,32
552.604,load,89,34.13,1222,32
552.655,load,88,35.667,1237,32
552.705,load,88,35.667,1237,32
552.756,load,88,35.667,1237,32
552.806,load,88,35.667,1237,32
552.856,load,88,35.667,1237,32
552.907,load,88,35.667,1237,32
552.957,load,88,35.667,1237,32
553.008,load,88,35.667,1237,32
553.058,load,88,35.667,1237,32
553.109,load,88,35.667,1237,32
553.159,load,89,36.512,1087,32
553.209,load,89,36.512,1087,32
553.26,load,89,36.512,1087,32
553.31,load,89,36.512,1087,32
553.361,load,89,36.512,1087,32
553.411,load,89,36.512,1087,32
553.462,load,89,36.512,1087,32
553.512,load,89,36.512,1087,32
553.562,load,89,36.512,1087,32
553.613,load,89,36.512,1087,32
553.663,load,88,35.635,1237,32
553.714,load,88,35.635,1237,32
553.764,load,88,35.635,1237,32
553.815,load,88,35.635,1237,32
553.865,load,88,35.635,1237,32
553.916,load,88,35.635,1237,32
553.966,load,88,35.635,1237,32
554.017,load,88,35.635,1237,32
554.067,load,88,35.635,1237,32
554.118,load,88,35.635,1237,32
554.168,load,89,35.363,1057,32
554.219,load,89,35.363,1057,32
554.269,load,89,35.363,1057,32
554.32,load,89,35.363,1057,32
554.37,load,89,35.363,1057,32
554.421,load,89,35.363,1057,32
554.471,load,89,35.363,1057,32
554.522,load,89,35.363,1057,32
554.572,load,89,35.363,1057,32
554.623,load,88,35.587,1237,32
554.673,load,88,35.587,1237,32
554.724,load,88,35.587,1237,32
554.774,load,88,35.587,1237,32
554.824,load,88,35.587,1237,32
554.875,load,88,35.587,1237,32
554.925,load,88,35.587,1237,32
554.976,load,88,35.587,1237,32
555.026,load,88,35.587,1237,32
555.077,load,88,35.587,1237,32
555.127,load,89,35.474,997,32
555.178,load,89,35.474,997,32
555.228,load,89,35.474,997,32
555.279,load,89,35.474,997,32
555.33,load,89,35.474,997,32
555.38,load,89,35.474,997,32
555.431,load,89,35.474,997,32
555.481,load,89,35.474,997,32
555.532,load,89,35.474,997,32
555.582,load,89,35.474,997,32
555.633,load,89,35.486,1237,32
555.683,load,89,35.486,1237,32
555.733,load,89,35.486,1237,32
555.784,load,89,35.486,1237,32
555.835,load,89,35.486,1237,32
555.885,load,89,35.486,1237,32
555.936,load,89,35.486,1237,32
555.986,load,89,35.486,1237,32
556.036,load,89,35.486,1237,32
556.087,load,89,35.486,1237,32
556.137,load,88,34.631,1065,32
556.188,load,88,34.631,1065,32
556.238,load,88,34.631,1065,32
556.289,load,88,34.631,1065,32
556.339,load,88,34.631,1065,32
556.389,load,88,34.631,1065,32
556.439,load,88,34.631,1065,32
556.49,load,88,34.631,1065,32
556.54,load,88,34.631,1065,32
556.591,load,88,34.631,1065,32
556.642,load,89,35.431,1237,32
556.692,load,89,35.431,1237,32
556.742,load,89,35.431,1237,32
556.792,load,89,35.431,1237,32
556.843,load,89,35.431,1237,32
556.893,load,89,35.431,1237,32
556.943,load,89,35.431,1237,32
556.994,load,89,35.431,1237,32
557.044,load,89,35.431,1237,32
557.095,load,89,35.431,1237,32
557.145,load,89,35.85,1237,32
557.196,load,89,35.85,1237,32
557.246,load,89,35.85,1237,32
557.297,load,89,35.85,1237,32
557.347,load,89,35.85,1237,32
557.397,load,89,35.85,1237,32
557.448,load,89,35.85,1237,32
557.498,load,89,35.85,1237,32
557.548,load,89,35.85,1237,32
557.599,load,89,35.85,1237,32
557.65,load,89,36.403,1222,32
557.7,load,89,36.403,1222,32
557.75,load,89,36.403,1222,32
557.801,load,89,36.403,1222,32
557.851,load,89,36.403,1222,32
557.901,load,89,36.403,1222,32
557.952,load,89,36.403,1222,32
558.002,load,89,36.403,1222,32
558.053,load,89,36.403,1222,32
558.103,load,89,36.403,1222,32
558.154,load,87,35.118,1237,32
558.204,load,87,35.118,1237,32
558.254,load,87,35.118,1237,32
558.305,load,87,35.118,1237,32
558.355,load,87,35.118,1237,32
558.406,load,87,35.118,1237,32
558.456,load,87,35.118,1237,32
558.507,load,87,35.118,1237,32
558.557,load,87,35.118,1237,32
558.607,load,87,35.118,1237,32
558.658,load,88,33.818,1237,32
558.708,load,88,33.818,1237,32
558.758,load,88,33.818,1237,32
558.809,load,88,33.818,1237,32
558.859,load,88,33.818,1237,32
558.909,load,88,33.818,1237,32
558.959,load,88,33.818,1237,32
559.01,load,88,33.818,1237,32
559.06,load,88,33.818,1237,32
559.11,load,88,33.818,1237,32
559.161,load,88,34.372,1237,32
559.212,load,88,34.372,1237,32
559.262,load,88,34.372,1237,32
559.313,load,88,34.372,1237,32
559.363,load,88,34.372,1237,32
559.413,load,88,34.372,1237,32
559.464,load,88,34.372,1237,32
559.514,load,88,34.372,1237,32
559.565,load,88,34.372,1237,32
559.615,load,88,34.372,1237,32
559.666,load,89,36.717,1237,32
559.717,load,89,36.717,1237,32
559.767,load,89,36.717,1237,32
559.817,load,89,36.717,1237,32
559.868,load,89,36.717,1237,32
559.918,load,89,36.717,1237,32
559.968,load,89,36.717,1237,32
560.019,load,89,36.717,1237,32
560.069,load,89,36.717,1237,32
560.12,load,89,36.717,1237,32
560.171,load,87,35.978,1237,32
560.221,load,87,35.978,1237,32
560.271,load,87,35.978,1237,32
560.322,load,87,35.978,1237,32
560.372,load,87,35.978,1237,32
560.423,load,87,35.978,1237,32
560.473,load,87,35.978,1237,32
560.524,load,87,35.978,1237,32
560.574,load,87,35.978,1237,32
560.625,load,89,36.434,1237,32
560.675,load,89,36.434,1237,32
560.726,load,89,36.434,1237,32
560.776,load,89,36.434,1237,32
560.826,load,89,36.434,1237,32
560.877,load,89,36.434,1237,32
560.927,load,89,36.434,1237,32
560.978,load,89,36.434,1237,32
561.028,load,89,36.434,1237,32
561.078,load,89,36.434,1237,32
561.129,load,87,34.005,1237,32
561.18,load,87,34.005,1237,32
561.23,load,87,34.005,1237,32
561.28,load,87,34.005,1237,32
561.331,load,87,34.005,1237,32
561.381,load,87,34.005,1237,32
561.431,load,87,34.005,1237,32
561.482,load,87,34.005,1237,32
561.533,load,87,34.005,1237,32
561.583,load,87,34.005,1237,32
561.634,load,89,34.896,1230,32
561.684,load,89,34.896,1230,32
561.734,load,89,34.896,1230,32
561.784,load,89,34.896,1230,32
561.835,load,89,34.896,1230,32
561.885,load,89,34.896,1230,32
561.936,load,89,34.896,1230,32
561.986,load,89,34.896,1230,32
562.037,load,89,34.896,1230,32
562.087,load,89,34.896,1230,32
562.137,load,87,33.713,1237,32
562.188,load,87,33.713,1237,32
562.239,load,87,33.713,1237,32
562.289,load,87,33.713,1237,32
562.34,load,87,33.713,1237,32
562.391,load,87,33.713,1237,32
562.441,load,87,33.713,1237,32
562.491,load,87,33.713,1237,32
562.542,load,87,33.713,1237,32
562.592,load,87,33.713,1237,32
562.642,load,89,36.215,1065,32
562.693,load,89,36.215,1065,32
562.743,load,89,36.215,1065,32
562.794,load,89,36.215,1065,32
562.844,load,89,36.215,1065,32
562.895,load,89,36.215,1065,32
562.945,load,89,36.215,1065,32
562.996,load,89,36.215,1065,32
563.046,load,89,36.215,1065,32
563.097,load,89,36.215,1065,32
563.147,load,86,32.796,1237,32
563.198,load,86,32.796,1237,32
563.248,load,86,32.796,1237,32
563.298,load,86,32.796,1237,32
563.349,load,86,32.796,1237,32
563.399,load,86,32.796,1237,32
563.45,load,86,32.796,1237,32
563.5,load,86,32.796,1237,32
563.55,load,86,32.796,1237,32
563.601,load,86,32.796,1237,32
563.651,load,89,35.171,1237,32
563.701,load,89,35.171,1237,32
563.752,load,89,35.171,1237,32
563.802,load,89,35.171,1237,32
563.853,load,89,35.171,1237,32
563.903,load,89,35.171,1237,32
563.954,load,89,35.171,1237,32
564.004,load,89,35.171,1237,32
564.055,load,89,35.171,1237,32
564.105,load,89,35.171,1237,32
564.155,load,87,33.607,1237,32
564.206,load,87,33.607,1237,32
564.256,load,87,33.607,1237,32
564.306,load,87,33.607,1237,32
564.357,load,87,33.607,1237,32
564.407,load,87,33.607,1237,32
564.458,load,87,33.607,1237,32
564.508,load,87,33.607,1237,32
564.559,load,87,33.607,1237,32
564.609,load,87,33.607,1237,32
564.66,load,89,36.065,1222,32
564.71,load,89,36.065,1222,32
564.76,load,89,36.065,1222,32
564.811,load,89,36.065,1222,32
564.861,load,89,36.065,1222,32
564.912,load,89,36.065,1222,32
564.962,load,89,36.065,1222,32
565.013,load,89,36.065,1222,32
565.064,load,89,36.065,1222,32
565.114,load,89,36.065,1222,32
565.164,load,87,32.817,1207,32
565.215,load,87,32.817,1207,32
565.265,load,87,32.817,1207,32
565.316,load,87,32.817,1207,32
565.366,load,87,32.817,1207,32
565.417,load,87,32.817,1207,32
565.467,load,87,32.817,1207,32
565.518,load,87,32.817,1207,32
565.569,load,87,32.817,1207,32
565.619,load,87,32.817,1207,32
565.669,load,89,34.347,1207,32
565.72,load,89,34.347,1207,32
565.77,load,89,34.347,1207,32
565.821,load,89,34.347,1207,32
565.871,load,89,34.347,1207,32
565.922,load,89,34.347,1207,32
565.972,load,89,34.347,1207,32
566.022,load,89,34.347,1207,32
566.073,load,89,34.347,1207,32
566.123,load,89,34.347,1207,32
566.173,load,88,34.186,1237,32
566.224,load,88,34.186,1237,32
566.275,load,88,34.186,1237,32
566.325,load,88,34.186,1237,32
566.375,load,88,34.186,1237,32
566.425,load,88,34.186,1237,32
566.475,load,88,34.186,1237,32
566.526,load,88,34.186,1237,32
566.576,load,88,34.186,1237,32
566.627,load,89,36.444,1237,32
566.677,load,89,36.444,1237,32
566.728,load,89,36.444,1237,32
566.778,load,89,36.444,1237,32
566.828,load,89,36.444,1237,32
566.879,load,89,36.444,1237,32
566.929,load,89,36.444,1237,32
566.98,load,89,36.444,1237,32
567.03,load,89,36.444,1237,32
567.081,load,89,36.444,1237,32
567.131,load,88,35.54,1237,32
567.182,load,88,35.54,1237,32
567.232,load,88,35.54,1237,32
567.283,load,88,35.54,1237,32
567.333,load,88,35.54,1237,32
567.384,load,88,35.54,1237,32
567.434,load,88,35.54,1237,32
567.485,load,88,35.54,1237,32
567.535,load,88,35.54,1237,32
567.585,load,88,35.54,1237,32
567.636,load,89,36.031,1087,32
567.686,load,89,36.031,1087,32
567.737,load,89,36.031,1087,32
567.787,load,89,36.031,1087,32
567.837,load,89,36.031,1087,32
567.888,load,89,36.031,1087,32
567.939,load,89,36.031,1087,32
567.989,load,89,36.031,1087,32
568.04,load,89,36.031,1087,32
568.09,load,89,36.031,1087,32
568.14,load,88,35.718,1237,32
568.191,load,88,35.718,1237,32
568.241,load,88,35.718,1237,32
568.292,load,88,35.718,1237,32
568.342,load,88,35.718,1237,32
568.393,load,88,35.718,1237,32
568.443,load,88,35.718,1237,32
568.494,load,88,35.718,1237,32
568.544,load,88,35.718,1237,32
568.595,load,88,35.718,1237,32
568.645,load,89,35.756,1237,32
568.696,load,89,35.756,1237,32
568.747,load,89,35.756,1237,32
568.797,load,89,35.756,1237,32
568.848,load,89,35.756,1237,32
568.898,load,89,35.756,1237,32
568.949,load,89,35.756,1237,32
568.999,load,89,35.756,1237,32
569.049,load,89,35.756,1237,32
569.1,load,89,35.756,1237,32
569.15,load,88,36.094,1237,32
569.201,load,88,36.094,1237,32
569.251,load,88,36.094,1237,32
569.301,load,88,36.094,1237,32
569.352,load,88,36.094,1237,32
569.402,load,88,36.094,1237,32
569.452,load,88,36.094,1237,32
569.502,load,88,36.094,1237,32
569.553,load,88,36.094,1237,32
569.603,load,88,36.094,1237,32
569.653,load,88,35.256,1072,32
569.704,load,88,35.256,1072,32
569.754,load,88,35.256,1072,32
569.805,load,88,35.256,1072,32
569.855,load,88,35.256,1072,32
569.906,load,88,35.256,1072,32
569.956,load,88,35.256,1072,32
570.007,load,88,35.256,1072,32
570.057,load,88,35.256,1072,32
570.108,load,88,35.256,1072,32
570.158,load,89,35.01,1237,32
570.209,load,89,35.01,1237,32
570.259,load,89,35.01,1237,32
570.309,load,89,35.01,1237,32
570.36,load,89,35.01,1237,32
570.41,load,89,35.01,1237,32
570.461,load,89,35.01,1237,32
570.511,load,89,35.01,1237,32
570.561,load,89,35.01,1237,32
570.612,load,89,35.01,1237,32
570.662,load,88,34.976,1087,32
570.712,load,88,34.976,1087,32
570.763,load,88,34.976,1087,32
570.813,load,88,34.976,1087,32
570.863,load,88,34.976,1087,32
570.914,load,88,34.976,1087,32
570.964,load,88,34.976,1087,32
571.015,load,88,34.976,1087,32
571.065,load,88,34.976,1087,32
571.115,load,88,34.976,1087,32
571.166,load,89,35.453,1222,32
571.217,load,89,35.453,1222,32
571.267,load,89,35.453,1222,32
571.317,load,89,35.453,1222,32
571.368,load,89,35.453,1222,32
571.418,load,89,35.453,1222,32
571.469,load,89,35.453,1222,32
571.519,load,89,35.453,1222,32
571.57,load,89,35.453,1222,32
571.62,load,89,35.453,1222,32
571.67,load,89,35.463,1237,32
571.721,load,89,35.463,1237,32
571.772,load,89,35.463,1237,32
571.822,load,89,35.463,1237,32
571.872,load,89,35.463,1237,32
571.922,load,89,35.463,1237,32
571.973,load,89,35.463,1237,32
572.023,load,89,35.463,1237,32
572.074,load,89,35.463,1237,32
572.124,load,88,36.0,1215,32
572.175,load,88,36.0,1215,32
572.225,load,88,36.0,1215,32
572.275,load,88,36.0,1215,32
572.326,load,88,36.0,1215,32
572.376,load,88,36.0,1215,32
572.427,load,88,36.0,1215,32
572.477,load,88,36.0,1215,32
572.528,load,88,36.0,1215,32
572.578,load,88,36.0,1215,32
572.629,load,88,35.496,1237,32
572.679,load,88,35.496,1237,32
572.73,load,88,35.496,1237,32
572.78,load,88,35.496,1237,32
572.83,load,88,35.496,1237,32
572.881,load,88,35.496,1237,32
572.931,load,88,35.496,1237,32
572.981,load,88,35.496,1237,32
573.032,load,88,35.496,1237,32
573.082,load,88,35.496,1237,32
573.133,load,89,35.845,1237,32
573.183,load,89,35.845,1237,32
573.233,load,89,35.845,1237,32
573.284,load,89,35.845,1237,32
573.334,load,89,35.845,1237,32
573.384,load,89,35.845,1237,32
573.435,load,89,35.845,1237,32
573.485,load,89,35.845,1237,32
573.535,load,89,35.845,1237,32
573.586,load,89,35.845,1237,32
573.636,load,87,35.183,1237,32
573.687,load,87,35.183,1237,32
573.737,load,87,35.183,1237,32
573.787,load,87,35.183,1237,32
573.838,load,87,35.183,1237,32
573.889,load,87,35.183,1237,32
573.939,load,87,35.183,1237,32
573.989,load,87,35.183,1237,32
574.04,load,87,35.183,1237,32
574.091,load,87,35.183,1237,32
574.141,load,89,35.768,1237,32
574.191,load,89,35.768,1237,32
574.242,load,89,35.768,1237,32
574.292,load,89,35.768,1237,32
574.343,load,89,35.768,1237,32
574.393,load,89,35.768,1237,32
574.444,load,89,35.768,1237,32
574.494,load,89,35.768,1237,32
574.544,load,89,35.768,1237,32
574.595,load,89,35.768,1237,32
574.645,load,87,34.391,1237,32
574.695,load,87,34.391,1237,32
574.746,load,87,34.391,1237,32
574.796,load,87,34.391,1237,32
574.847,load,87,34.391,1237,32
574.897,load,87,34.391,1237,32
574.948,load,87,34.391,1237,32
574.998,load,87,34.391,1237,32
575.049,load,87,34.391,1237,32
575.099,load,87,34.391,1237,32
575.15,load,89,35.846,1237,32
575.2,load,89,35.846,1237,32
575.251,load,89,35.846,1237,32
575.301,load,89,35.846,1237,32
575.352,load,89,35.846,1237,32
575.402,load,89,35.846,1237,32
575.453,load,89,35.846,1237,32
575.503,load,89,35.846,1237,32
575.554,load,89,35.846,1237,32
575.604,load,89,35.846,1237,32
575.655,load,87,33.612,1237,32
575.705,load,87,33.612,1237,32
575.755,load,87,33.612,1237,32
575.806,load,87,33.612,1237,32
575.856,load,87,33.612,1237,32
575.906,load,87,33.612,1237,32
575.957,load,87,33.612,1237,32
576.007,load,87,33.612,1237,32
576.058,load,87,33.612,1237,32
576.108,load,87,33.612,1237,32
576.159,load,89,36.578,1237,32
576.209,load,89,36.578,1237,32
576.26,load,89,36.578,1237,32
576.31,load,89,36.578,1237,32
576.361,load,89,36.578,1237,32
576.411,load,89,36.578,1237,32
576.461,load,89,36.578,1237,32
576.512,load,89,36.578,1237,32
576.562,load,89,36.578,1237,32
576.612,load,89,36.578,1237,32
576.663,load,88,33.579,1230,32
576.713,load,88,33.579,1230,32
576.764,load,88,33.579,1230,32
576.814,load,88,33.579,1230,32
576.865,load,88,33.579,1230,32
576.915,load,88,33.579,1230,32
576.965,load,88,33.579,1230,32
577.016,load,88,33.579,1230,32
577.066,load,88,33.579,1230,32
577.117,load,88,33.579,1230,32
577.167,load,89,35.435,1230,32
577.218,load,89,35.435,1230,32
577.268,load,89,35.435,1230,32
577.318,load,89,35.435,1230,32
577.369,load,89,35.435,1230,32
577.419,load,89,35.435,1230,32
577.469,load,89,35.435,1230,32
577.52,load,89,35.435,1230,32
577.57,load,89,35.435,1230,32
577.621,load,89,35.435,1230,32
577.671,load,87,34.11,1200,32
577.722,load,87,34.11,1200,32
577.772,load,87,34.11,1200,32
577.822,load,87,34.11,1200,32
577.873,load,87,34.11,1200,32
577.923,load,87,34.11,1200,32
577.974,load,87,34.11,1200,32
578.024,load,87,34.11,1200,32
578.074,load,87,34.11,1200,32
578.125,load,87,34.11,1222,32
578.175,load,89,35.054,1222,32
578.226,load,89,35.054,1222,32
578.276,load,89,35.054,1222,32
578.326,load,89,35.054,1222,32
578.377,load,89,35.054,1222,32
578.427,load,89,35.054,1222,32
578.478,load,89,35.054,1222,32
578.528,load,89,35.054,1222,32
578.579,load,89,35.054,1222,32
578.629,load,89,35.42,1237,32
578.68,load,89,35.42,1237,32
578.73,load,89,35.42,1237,32
578.78,load,89,35.42,1237,32
578.831,load,89,35.42,1237,32
578.881,load,89,35.42,1237,32
578.932,load,89,35.42,1237,32
578.982,load,89,35.42,1237,32
579.033,load,89,35.42,1237,32
579.083,load,89,35.42,1237,32
579.134,load,89,36.554,1110,32
579.184,load,89,36.554,1110,32
579.234,load,89,36.554,1110,32
579.285,load,89,36.554,1110,32
579.335,load,89,36.554,1110,32
579.386,load,89,36.554,1110,32
579.436,load,89,36.554,1110,32
579.487,load,89,36.554,1110,32
579.537,load,89,36.554,1110,32
579.587,load,89,36.554,1110,32
579.638,load,88,34.89,1237,32
579.688,load,88,34.89,1237,32
579.738,load,88,34.89,1237,32
579.789,load,88,34.89,1237,32
579.839,load,88,34.89,1237,32
579.889,load,88,34.89,1237,32
579.94,load,88,34.89,1237,32
579.99,load,88,34.89,1237,32
580.04,load,88,34.89,1237,32
580.091,load,88,34.89,1237,32
580.141,load,89,34.414,1087,32
580.191,load,89,34.414,1087,32
580.242,load,89,34.414,1087,32
580.293,load,89,34.414,1087,32
580.343,load,89,34.414,1087,32
580.394,load,89,34.414,1087,32
580.444,load,89,34.414,1087,32
580.494,load,89,34.414,1087,32
580.545,load,89,34.414,1087,32
580.595,load,89,34.414,1087,32
580.646,load,88,35.755,1237,32
580.696,load,88,35.755,1237,32
580.746,load,88,35.755,1237,32
580.796,load,88,35.755,1237,32
580.847,load,88,35.755,1237,32
580.897,load,88,35.755,1237,32
580.947,load,88,35.755,1237,32
580.998,load,88,35.755,1237,32
581.048,load,88,35.755,1237,32
581.098,load,88,35.755,1237,32
581.149,load,89,36.227,1065,32
581.199,load,89,36.227,1065,32
581.25,load,89,36.227,1065,32
581.3,load,89,36.227,1065,32
581.351,load,89,36.227,1065,32
581.401,load,89,36.227,1065,32
581.452,load,89,36.227,1065,32
581.502,load,89,36.227,1065,32
581.553,load,89,36.227,1065,32
581.603,load,89,36.227,1065,32
581.653,load,89,36.274,1237,32
581.704,load,89,36.274,1237,32
581.754,load,89,36.274,1237,32
581.805,load,89,36.274,1237,32
581.855,load,89,36.274,1237,32
581.905,load,89,36.274,1237,32
581.956,load,89,36.274,1237,32
582.006,load,89,36.274,1237,32
582.056,load,89,36.274,1237,32
582.107,load,89,36.274,1237,32
582.157,load,88,35.425,1102,32
582.208,load,88,35.425,1102,32
582.258,load,88,35.425,1102,32
582.309,load,88,35.425,1102,32
582.36,load,88,35.425,1102,32
582.41,load,88,35.425,1102,32
582.46,load,88,35.425,1102,32
582.511,load,88,35.425,1102,32
582.561,load,88,35.425,1102,32
582.611,load,88,35.425,1102,32
582.661,load,89,35.63,1237,32
582.712,load,89,35.63,1237,32
582.762,load,89,35.63,1237,32
582.812,load,89,35.63,1237,32
582.863,load,89,35.63,1237,32
582.913,load,89,35.63,1237,32
582.963,load,89,35.63,1237,32
583.014,load,89,35.63,1237,32
583.065,load,89,35.63,1237,32
583.115,load,89,35.63,1237,32
583.165,load,88,35.289,1237,32
583.216,load,88,35.289,1237,32
583.266,load,88,35.289,1237,32
583.317,load,88,35.289,1237,32
583.367,load,88,35.289,1237,32
583.418,load,88,35.289,1237,32
583.468,load,88,35.289,1237,32
583.518,load,88,35.289,1237,32
583.568,load,88,35.289,1237,32
583.619,load,88,35.289,1237,32
583.669,load,89,35.593,1237,32
583.72,load,89,35.593,1237,32
583.77,load,89,35.593,1237,32
583.821,load,89,35.593,1237,32
583.871,load,89,35.593,1237,32
583.922,load,89,35.593,1237,32
583.972,load,89,35.593,1237,32
584.023,load,89,35.593,1237,32
584.073,load,89,35.593,1237,32
584.123,load,89,35.593,1237,32
584.174,load,88,35.291,1237,32
584.225,load,88,35.291,1237,32
584.275,load,88,35.291,1237,32
584.326,load,88,35.291,1237,32
584.376,load,88,35.291,1237,32
584.427,load,88,35.291,1237,32
584.477,load,88,35.291,1237,32
584.527,load,88,35.291,1237,32
584.578,load,88,35.291,1237,32
584.628,load,89,35.91,1237,32
584.678,load,89,35.91,1237,32
584.728,load,89,35.91,1237,32
584.779,load,89,35.91,1237,32
584.829,load,89,35.91,1237,32
584.88,load,89,35.91,1237,32
584.93,load,89,35.91,1237,32
584.981,load,89,35.91,1237,32
585.031,load,89,35.91,1237,32
585.082,load,89,35.91,1237,32
585.132,load,87,34.092,1237,32
585.183,load,87,34.092,1237,32
585.233,load,87,34.092,1237,32
585.284,load,87,34.092,1237,32
585.334,load,87,34.092,1237,32
585.384,load,87,34.092,1237,32
585.434,load,87,34.092,1237,32
585.485,load,87,34.092,1237,32
585.535,load,87,34.092,1237,32
585.586,load,87,34.092,1237,32
585.636,load,89,36.144,1237,32
585.686,load,89,36.144,1237,32
585.737,load,89,36.144,1237,32
585.787,load,89,36.144,1237,32
585.837,load,89,36.144,1237,32
585.888,load,89,36.144,1237,32
585.938,load,89,36.144,1237,32
585.989,load,89,36.144,1237,32
586.039,load,89,36.144,1237,32
586.089,load,89,36.144,1237,32
586.14,load,86,33.892,1237,32
586.19,load,86,33.892,1237,32
586.24,load,86,33.892,1237,32
586.291,load,86,33.892,1237,32
586.341,load,86,33.892,1237,32
586.391,load,86,33.892,1237,32
586.442,load,86,33.892,1237,32
586.492,load,86,33.892,1237,32
586.543,load,86,33.892,1237,32
586.593,load,86,33.892,1237,32
586.643,load,89,34.604,1222,32
586.694,load,89,34.604,1222,32
586.744,load,89,34.604,1222,32
586.794,load,89,34.604,1222,32
586.844,load,89,34.604,1222,32
586.895,load,89,34.604,1222,32
586.945,load,89,34.604,1222,32
586.996,load,89,34.604,1222,32
587.046,load,89,34.604,1222,32
587.097,load,89,34.604,1222,32
587.147,load,87,32.975,1237,32
587.197,load,87,32.975,1237,32
587.248,load,87,32.975,1237,32
587.298,load,87,32.975,1237,32
587.349,load,87,32.975,1237,32
587.399,load,87,32.975,1237,32
587.449,load,87,32.975,1237,32
587.5,load,87,32.975,1237,32
587.551,load,87,32.975,1237,32
587.601,load,87,32.975,1237,32
587.652,load,89,36.371,1042,32
587.702,load,89,36.371,1042,32
587.752,load,89,36.371,1042,32
587.803,load,89,36.371,1042,32
587.853,load,89,36.371,1042,32
587.903,load,89,36.371,1042,32
587.954,load,89,36.371,1042,32
588.004,load,89,36.371,1042,32
588.055,load,89,36.371,1042,32
588.105,load,89,36.371,1042,32
588.155,load,87,32.852,1237,32
588.206,load,87,32.852,1237,32
588.256,load,87,32.852,1237,32
588.307,load,87,32.852,1237,32
588.357,load,87,32.852,1237,32
588.408,load,87,32.852,1237,32
588.459,load,87,32.852,1237,32
588.509,load,87,32.852,1237,32
588.559,load,87,32.852,1237,32
588.61,load,87,32.852,1237,32
588.66,load,89,35.499,1027,32
588.71,load,89,35.499,1027,32
588.761,load,89,35.499,1027,32
588.811,load,89,35.499,1027,32
588.861,load,89,35.499,1027,32
588.912,load,89,35.499,1027,32
588.962,load,89,35.499,1027,32
589.013,load,89,35.499,1027,32
589.063,load,89,35.499,1027,32
589.114,load,89,35.499,1027,32
589.164,load,88,33.71,1222,32
589.214,load,88,33.71,1222,32
589.265,load,88,33.71,1222,32
589.315,load,88,33.71,1222,32
589.366,load,88,33.71,1222,32
589.416,load,88,33.71,1222,32
589.467,load,88,33.71,1222,32
589.517,load,88,33.71,1222,32
589.568,load,88,33.71,1222,32
589.618,load,88,33.71,1222,32
589.669,load,89,35.443,1222,32
589.719,load,89,35.443,1222,32
589.77,load,89,35.443,1222,32
589.82,load,89,35.443,1222,32
589.871,load,89,35.443,1222,32
589.921,load,89,35.443,1222,32
589.972,load,89,35.443,1222,32
590.022,load,89,35.443,1222,32
590.073,load,89,35.443,1222,32
590.123,load,89,35.443,1222,32
590.174,load,88,35.254,1237,32
590.224,load,88,35.254,1237,32
590.274,load,88,35.254,1237,32
590.324,load,88,35.254,1237,32
590.375,load,88,35.254,1237,32
590.425,load,88,35.254,1237,32
590.476,load,88,35.254,1237,32
590.526,load,88,35.254,1237,32
590.576,load,88,35.254,1237,32
590.627,load,89,36.26,1237,32
590.678,load,89,36.26,1237,32
590.728,load,89,36.26,1237,32
590.779,load,89,36.26,1237,32
590.829,load,89,36.26,1237,32
590.88,load,89,36.26,1237,32
590.93,load,89,36.26,1237,32
590.98,load,89,36.26,1237,32
591.031,load,89,36.26,1237,32
591.081,load,89,36.26,1237,32
591.131,load,88,35.77,1222,32
591.182,load,88,35.77,1222,32
591.232,load,88,35.77,1222,32
591.282,load,88,35.77,1222,32
591.333,load,88,35.77,1222,32
591.383,load,88,35.77,1222,32
591.433,load,88,35.77,1222,32
591.484,load,88,35.77,1222,32
591.534,load,88,35.77,1222,32
591.585,load,88,35.77,1222,32
591.635,load,89,35.723,1005,32
591.685,load,89,35.723,1005,32
591.736,load,89,35.723,1005,32
591.786,load,89,35.723,1005,32
591.837,load,89,35.723,1005,32
591.887,load,89,35.723,1005,32
591.938,load,89,35.723,1005,32
591.988,load,89,35.723,1005,32
592.039,load,89,35.723,1005,32
592.089,load,89,35.723,1005,32
592.14,load,88,35.347,1215,32
592.19,load,88,35.347,1215,32
592.241,load,88,35.347,1215,32
592.291,load,88,35.347,1215,32
592.342,load,88,35.347,1215,32
592.392,load,88,35.347,1215,32
592.442,load,88,35.347,1215,32
592.493,load,88,35.347,1215,32
592.543,load,88,35.347,1215,32
592.594,load,88,35.347,1215,32
592.644,load,89,34.938,1237,32
592.694,load,89,34.938,1237,32
592.745,load,89,34.938,1237,32
592.797,load,89,34.938,1237,32
592.847,load,89,34.938,1237,32
592.897,load,89,34.938,1237,32
592.948,load,89,34.938,1237,32
592.998,load,89,34.938,1237,32
593.049,load,89,34.938,1237,32
593.099,load,89,34.938,1237,32
593.149,load,88,35.014,1237,32
593.2,load,88,35.014,1237,32
593.25,load,88,35.014,1237,32
593.3,load,88,35.014,1237,32
593.351,load,88,35.014,1237,32
593.401,load,88,35.014,1237,32
593.452,load,88,35.014,1237,32
593.502,load,88,35.014,1237,32
593.553,load,88,35.014,1237,32
593.603,load,88,35.014,1237,32
593.654,load,88,34.26,1027,32
593.704,load,88,34.26,1027,32
593.755,load,88,34.26,1027,32
593.805,load,88,34.26,1027,32
593.856,load,88,34.26,1027,32
593.906,load,88,34.26,1027,32
593.957,load,88,34.26,1027,32
594.007,load,88,34.26,1027,32
594.058,load,88,34.26,1027,32
594.108,load,88,34.26,1027,32
594.158,load,88,34.221,1237,32
594.209,load,88,34.221,1237,32
594.259,load,88,34.221,1237,32
594.309,load,88,34.221,1237,32
594.36,load,88,34.221,1237,32
594.411,load,88,34.221,1237,32
594.461,load,88,34.221,1237,32
594.512,load,88,34.221,1237,32
594.562,load,88,34.221,1237,32
594.613,load,88,34.221,1237,32
594.663,load,89,35.155,1020,32
594.714,load,89,35.155,1020,32
594.764,load,89,35.155,1020,32
594.815,load,89,35.155,1020,32
594.865,load,89,35.155,1020,32
594.915,load,89,35.155,1020,32
594.966,load,89,35.155,1020,32
595.016,load,89,35.155,1020,32
595.067,load,89,35.155,1020,32
595.117,load,89,35.155,1020,32
595.168,load,88,36.224,1222,32
595.219,load,88,36.224,1222,32
595.269,load,88,36.224,1222,32
595.319,load,88,36.224,1222,32
595.37,load,88,36.224,1222,32
595.42,load,88,36.224,1222,32
595.47,load,88,36.224,1222,32
595.52,load,88,36.224,1222,32
595.571,load,88,36.224,1222,32
595.621,load,88,36.224,1222,32
595.672,load,89,35.767,982,32
595.722,load,89,35.767,982,32
595.773,load,89,35.767,982,32
595.824,load,89,35.767,982,32
595.874,load,89,35.767,982,32
595.924,load,89,35.767,982,32
595.975,load,89,35.767,982,32
596.025,load,89,35.767,982,32
596.075,load,89,35.767,982,32
596.126,load,89,35.767,982,32
596.176,load,89,35.528,1215,32
596.227,load,89,35.528,1215,32
596.277,load,89,35.528,1215,32
596.327,load,89,35.528,1215,32
596.378,load,89,35.528,1215,32
596.428,load,89,35.528,1215,32
596.479,load,89,35.528,1215,32
596.529,load,89,35.528,1215,32
596.579,load,89,35.528,1215,32
596.63,load,89,35.352,1237,32
596.681,load,89,35.352,1237,32
596.731,load,89,35.352,1237,32
596.781,load,89,35.352,1237,32
596.832,load,89,35.352,1237,32
596.882,load,89,35.352,1237,32
596.932,load,89,35.352,1237,32
596.983,load,89,35.352,1237,32
597.033,load,89,35.352,1237,32
597.083,load,89,35.352,1237,32
597.134,load,89,35.541,1237,32
597.184,load,89,35.541,1237,32
597.235,load,89,35.541,1237,32
597.285,load,89,35.541,1237,32
597.335,load,89,35.541,1237,32
597.386,load,89,35.541,1237,32
597.436,load,89,35.541,1237,32
597.487,load,89,35.541,1237,32
597.537,load,89,35.541,1237,32
597.588,load,89,35.541,1237,32
597.638,load,88,35.621,1237,32
597.689,load,88,35.621,1237,32
597.74,load,88,35.621,1237,32
597.79,load,88,35.621,1237,32
597.84,load,88,35.621,1237,32
597.89,load,88,35.621,1237,32
597.941,load,88,35.621,1237,32
597.991,load,88,35.621,1237,32
598.042,load,88,35.621,1237,32
598.092,load,88,35.621,1237,32
598.143,load,89,36.047,1237,32
598.193,load,89,36.047,1237,32
598.244,load,89,36.047,1237,32
598.294,load,89,36.047,1237,32
598.345,load,89,36.047,1237,32
598.395,load,89,36.047,1237,32
598.445,load,89,36.047,1237,32
598.496,load,89,36.047,1237,32
598.546,load,89,36.047,1237,32
598.597,load,89,36.047,1237,32
598.647,load,87,34.557,1237,32
598.697,load,87,34.557,1237,32
598.748,load,87,34.557,1237,32
598.798,load,87,34.557,1237,32
598.848,load,87,34.557,1237,32
598.899,load,87,34.557,1237,32
598.949,load,87,34.557,1237,32
598.999,load,87,34.557,1237,32
599.05,load,87,34.557,1237,32
599.1,load,87,34.557,1237,32
599.151,load,89,36.149,982,32
599.201,load,89,36.149,982,32
599.251,load,89,36.149,982,32
599.302,load,89,36.149,982,32
599.352,load,89,36.149,982,32
599.403,load,89,36.149,982,32
599.453,load,89,36.149,982,32
599.503,load,89,36.149,982,32
599.554,load,89,36.149,982,32
599.604,load,89,36.149,982,32
599.655,load,87,33.421,1417,32
599.705,load,87,33.421,1417,32
599.756,load,87,33.421,1417,32
599.806,load,87,33.421,1417,32
599.857,load,87,33.421,1417,32
599.907,load,87,33.421,1417,32
599.957,load,87,33.421,1417,32
600.008,load,87,33.421,1417,32
600.058,load,87,33.421,1417,32
600.109,load,87,33.421,1417,32
600.159,load,89,34.04,1207,32
600.21,load,89,34.04,1207,32
600.26,load,89,34.04,1207,32
600.311,load,89,34.04,1207,32
600.361,load,89,34.04,1207,32
600.412,load,89,34.04,1207,32
600.462,load,89,34.04,1207,32
600.513,load,89,34.04,1207,32
600.563,load,89,34.04,1207,32
600.614,load,89,34.04,1207,32
600.664,load,87,33.768,1237,32
600.714,load,87,33.768,1237,32
600.765,load,87,33.768,1237,32
600.815,load,87,33.768,1237,32
600.865,load,87,33.768,1237,32
600.916,load,87,33.768,1237,32
600.966,load,87,33.768,1237,32
601.016,load,87,33.768,1237,32
601.067,load,87,33.768,1237,32
601.117,load,87,33.768,1237,32
601.168,load,89,34.796,1237,32
601.218,load,89,34.796,1237,32
601.269,load,89,34.796,1237,32
601.319,load,89,34.796,1237,32
601.369,load,89,34.796,1237,32
601.42,load,89,34.796,1237,32
601.47,load,89,34.796,1237,32
601.521,load,89,34.796,1237,32
601.571,load,89,34.796,1237,32
601.621,load,89,34.796,1237,32
601.672,load,87,33.21,1237,32
601.723,load,87,33.21,1237,32
601.773,load,87,33.21,1237,32
601.823,load,87,33.21,1237,32
601.874,load,87,33.21,1237,32
601.924,load,87,33.21,1237,32
601.975,load,87,33.21,1237,32
602.025,load,87,33.21,1237,32
602.075,load,87,33.21,1237,32
602.126,load,87,33.21,1237,32
602.176,load,89,35.771,1237,32
602.227,load,89,35.771,1237,32
602.277,load,89,35.771,1237,32
602.327,load,89,35.771,1237,32
602.378,load,89,35.771,1237,32
602.429,load,89,35.771,1237,32
602.479,load,89,35.771,1237,32
602.529,load,89,35.771,1237,32
602.58,load,89,35.771,1237,32
602.631,load,86,32.978,1192,32
602.681,load,86,32.978,1192,32
602.731,load,86,32.978,1192,32
602.781,load,86,32.978,1192,32
602.832,load,86,32.978,1192,32
602.882,load,86,32.978,1192,32
602.933,load,86,32.978,1192,32
602.983,load,86,32.978,1192,32
603.034,load,86,32.978,1192,32
603.084,load,86,32.978,1192,32
603.135,load,89,34.762,1237,32
603.185,load,89,34.762,1237,32
603.236,load,89,34.762,1237,32
603.286,load,89,34.762,1237,32
603.337,load,89,34.762,1237,32
603.387,load,89,34.762,1237,32
603.437,load,89,34.762,1237,32
603.488,load,89,34.762,1237,32
603.538,load,89,34.762,1237,32
603.589,load,89,34.762,1237,32
603.639,load,87,32.659,1237,32
603.689,load,87,32.659,1237,32
603.74,load,87,32.659,1237,32
603.79,load,87,32.659,1237,32
603.84,load,87,32.659,1237,32
603.891,load,87,32.659,1237,32
603.941,load,87,32.659,1237,32
603.991,load,87,32.659,1237,32
604.042,load,87,32.659,1237,32
604.092,load,87,32.659,1237,32
604.143,load,89,35.642,1230,32
604.193,load,89,35.642,1230,32
604.244,load,89,35.642,1230,32
604.294,load,89,35.642,1230,32
604.345,load,89,35.642,1230,32
604.395,load,89,35.642,1230,32
604.445,load,89,35.642,1230,32
604.496,load,89,35.642,1230,32
604.546,load,89,35.642,1230,32
604.597,load,89,35.642,1230,32
604.648,load,87,33.592,1237,32
604.698,load,87,33.592,1237,32
604.749,load,87,33.592,1237,32
604.799,load,87,33.592,1237,32
604.849,load,87,33.592,1237,32
604.9,load,87,33.592,1237,32
604.95,load,87,33.592,1237,32
605.0,load,87,33.592,1237,32
605.051,load,87,33.592,1237,32
605.101,load,87,33.592,1237,32
605.152,load,89,35.899,1237,32
605.203,load,89,35.899,1237,32
605.253,load,89,35.899,1237,32
605.304,load,89,35.899,1237,32
605.354,load,89,35.899,1237,32
605.404,load,89,35.899,1237,32
605.455,load,89,35.899,1237,32
605.505,load,89,35.899,1237,32
605.556,load,89,35.899,1237,32
605.606,load,89,35.899,1237,32
605.657,load,88,34.551,1237,32
605.707,load,88,34.551,1237,32
605.758,load,88,34.551,1237,32
605.808,load,88,34.551,1237,32
605.859,load,88,34.551,1237,32
605.909,load,88,34.551,1237,32
605.96,load,88,34.551,1237,32
606.01,load,88,34.551,1237,32
606.06,load,88,34.551,1237,32
606.111,load,88,34.551,1237,32
606.161,load,89,36.255,1042,32
606.211,load,89,36.255,1042,32
606.261,load,89,36.255,1042,32
606.312,load,89,36.255,1042,32
606.362,load,89,36.255,1042,32
606.412,load,89,36.255,1042,32
606.463,load,89,36.255,1042,32
606.514,load,89,36.255,1042,32
606.564,load,89,36.255,1042,32
606.614,load,89,36.255,1042,32
606.665,load,88,34.746,1230,32
606.715,load,88,34.746,1230,32
606.765,load,88,34.746,1230,32
606.815,load,88,34.746,1230,32
606.866,load,88,34.746,1230,32
606.916,load,88,34.746,1230,32
606.967,load,88,34.746,1230,32
607.018,load,88,34.746,1230,32
607.068,load,88,34.746,1230,32
607.118,load,88,34.746,1230,32
607.168,load,89,34.996,1215,32
607.219,load,89,34.996,1215,32
607.269,load,89,34.996,1215,32
607.319,load,89,34.996,1215,32
607.37,load,89,34.996,1215,32
607.42,load,89,34.996,1215,32
607.471,load,89,34.996,1215,32
607.521,load,89,34.996,1215,32
607.571,load,89,34.996,1215,32
607.622,load,89,34.996,1215,32
607.672,load,88,35.857,1222,32
607.722,load,88,35.857,1222,32
607.773,load,88,35.857,1222,32
607.823,load,88,35.857,1222,32
607.874,load,88,35.857,1222,32
607.924,load,88,35.857,1222,32
607.975,load,88,35.857,1222,32
608.025,load,88,35.857,1222,32
608.075,load,88,35.857,1222,32
608.126,load,88,35.857,1222,32
608.177,load,89,35.824,930,32
608.231,load,89,35.824,930,32
608.285,load,89,35.824,930,32
608.335,load,89,35.824,930,32
608.386,load,89,35.824,930,32
608.436,load,89,35.824,930,32
608.487,load,89,35.824,930,32
608.537,load,89,35.824,930,32
608.587,load,89,35.824,930,32
608.638,load,87,31.439,1237,32
608.688,load,87,31.439,1237,32
608.739,load,87,31.439,1237,32
608.789,load,87,31.439,1237,32
608.84,load,87,31.439,1237,32
608.891,load,87,31.439,1237,32
608.941,load,87,31.439,1237,32
608.991,load,87,31.439,1237,32
609.042,load,87,31.439,1237,32
609.092,load,87,31.439,1237,32
609.142,load,89,31.909,1237,32
609.193,load,89,31.909,1237,32
609.243,load,89,31.909,1237,32
609.294,load,89,31.909,1237,32
609.344,load,89,31.909,1237,32
609.394,load,89,31.909,1237,32
609.445,load,89,31.909,1237,32
609.495,load,89,31.909,1237,32
609.545,load,89,31.909,1237,32
609.596,load,89,31.909,1237,32
609.646,load,88,34.897,1237,32
609.697,load,88,34.897,1237,32
609.747,load,88,34.897,1237,32
609.797,load,88,34.897,1237,32
609.847,load,88,34.897,1237,32
609.898,load,88,34.897,1237,32
609.948,load,88,34.897,1237,32
609.999,load,88,34.897,1237,32
610.049,load,88,34.897,1237,32
610.1,load,88,34.897,1237,32
610.15,load,89,36.316,1087,32
610.2,load,89,36.316,1087,32
610.251,load,89,36.316,1087,32
610.301,load,89,36.316,1087,32
610.351,load,89,36.316,1087,32
610.401,load,89,36.316,1087,32
610.452,load,89,36.316,1087,32
610.502,load,89,36.316,1087,32
610.553,load,89,36.316,1087,32
610.603,load,89,36.316,1087,32
610.654,load,88,34.235,1237,32
610.704,load,88,34.235,1237,32
610.754,load,88,34.235,1237,32
610.805,load,88,34.235,1237,32
610.855,load,88,34.235,1237,32
610.905,load,88,34.235,1237,32
610.956,load,88,34.235,1237,32
611.006,load,88,34.235,1237,32
611.057,load,88,34.235,1237,32
611.107,load,88,34.235,1237,32
611.158,load,89,34.937,1237,32
611.208,load,89,34.937,1237,32
611.259,load,89,34.937,1237,32
611.309,load,89,34.937,1237,32
611.359,load,89,34.937,1237,32
611.41,load,89,34.937,1237,32
611.46,load,89,34.937,1237,32
611.51,load,89,34.937,1237,32
611.561,load,89,34.937,1237,32
611.611,load,89,34.937,1237,32
611.661,load,88,34.924,1237,32
611.712,load,88,34.924,1237,32
611.762,load,88,34.924,1237,32
611.812,load,88,34.924,1237,32
611.863,load,88,34.924,1237,32
611.914,load,88,34.924,1237,32
611.964,load,88,34.924,1237,32
612.014,load,88,34.924,1237,32
612.064,load,88,34.924,1237,32
612.114,load,88,34.924,1237,32
612.165,load,89,34.835,1057,32
612.216,load,89,34.835,1057,32
612.266,load,89,34.835,1057,32
612.316,load,89,34.835,1057,32
612.367,load,89,34.835,1057,32
612.417,load,89,34.835,1057,32
612.467,load,89,34.835,1057,32
612.518,load,89,34.835,1057,32
612.568,load,89,34.835,1057,32
612.619,load,89,34.835,1057,32
612.669,load,88,35.16,1237,32
612.72,load,88,35.16,1237,32
612.77,load,88,35.16,1237,32
612.82,load,88,35.16,1237,32
612.871,load,88,35.16,1237,32
612.921,load,88,35.16,1237,32
612.972,load,88,35.16,1237,32
613.022,load,88,35.16,1237,32
613.072,load,88,35.16,1237,32
613.123,load,88,35.16,1237,32
613.173,load,89,35.226,1035,32
613.223,load,89,35.226,1035,32
613.274,load,89,35.226,1035,32
613.324,load,89,35.226,1035,32
613.375,load,89,35.226,1035,32
613.425,load,89,35.226,1035,32
613.476,load,89,35.226,1035,32
613.526,load,89,35.226,1035,32
613.576,load,89,35.226,1035,32
613.627,load,89,35.226,1035,32
613.677,load,88,35.318,1222,32
613.728,load,88,35.318,1222,32
613.778,load,88,35.318,1222,32
613.829,load,88,35.318,1222,32
613.879,load,88,35.318,1222,32
613.93,load,88,35.318,1222,32
613.98,load,88,35.318,1222,32
614.03,load,88,35.318,1222,32
614.081,load,88,35.318,1222,32
614.131,load,89,35.213,1222,32
614.181,load,89,35.213,1222,32
614.232,load,89,35.213,1222,32
614.282,load,89,35.213,1222,32
614.332,load,89,35.213,1222,32
614.383,load,89,35.213,1222,32
614.433,load,89,35.213,1222,32
614.484,load,89,35.213,1222,32
614.534,load,89,35.213,1222,32
614.585,load,89,35.213,1222,32
614.635,load,86,31.719,210,32
614.685,load,86,31.719,210,32
614.736,load,86,31.719,210,32
614.786,load,86,31.719,210,32
614.836,load,86,31.719,210,32
614.886,load,86,31.719,210,32
614.937,load,86,31.719,210,32
614.987,load,86,31.719,210,32
615.038,load,86,31.719,210,32
615.088,load,86,31.719,210,32
615.139,load,88,29.62,1237,32
615.189,load,88,29.62,1237,32
615.24,load,88,29.62,1237,32
615.29,load,88,29.62,1237,32
615.34,load,88,29.62,1237,32
615.391,load,88,29.62,1237,32
615.441,load,88,29.62,1237,32
615.491,load,88,29.62,1237,32
615.542,load,88,29.62,1237,32
615.592,load,88,29.62,1237,32
615.642,load,87,33.002,1237,32
615.693,load,87,33.002,1237,32
615.743,load,87,33.002,1237,32
615.794,load,87,33.002,1237,32
615.844,load,87,33.002,1237,32
615.895,load,87,33.002,1237,32
615.945,load,87,33.002,1237,32
615.995,load,87,33.002,1237,32
616.045,load,87,33.002,1237,32
616.096,load,87,33.002,1237,32
616.146,load,89,36.994,1237,32
616.196,load,89,36.994,1237,32
616.247,load,89,36.994,1237,32
616.297,load,89,36.994,1237,32
616.348,load,89,36.994,1237,32
616.398,load,89,36.994,1237,32
616.448,load,89,36.994,1237,32
616.499,load,89,36.994,1237,32
616.549,load,89,36.994,1237,32
616.6,load,89,36.994,1237,32
616.65,load,88,35.53,1222,32
616.7,load,88,35.53,1222,32
616.751,load,88,35.53,1222,32
616.801,load,88,35.53,1222,32
616.851,load,88,35.53,1222,32
616.902,load,88,35.53,1222,32
616.952,load,88,35.53,1222,32
617.003,load,88,35.53,1222,32
617.054,load,88,35.53,1222,32
617.104,load,88,35.53,1222,32
617.154,load,89,35.857,1222,32
617.205,load,89,35.857,1222,32
617.255,load,89,35.857,1222,32
617.305,load,89,35.857,1222,32
617.356,load,89,35.857,1222,32
617.406,load,89,35.857,1222,32
617.456,load,89,35.857,1222,32
617.507,load,89,35.857,1222,32
617.557,load,89,35.857,1222,32
617.607,load,89,35.857,1222,32
617.658,load,88,35.744,1237,32
617.708,load,88,35.744,1237,32
617.759,load,88,35.744,1237,32
617.809,load,88,35.744,1237,32
617.86,load,88,35.744,1237,32
617.91,load,88,35.744,1237,32
617.961,load,88,35.744,1237,32
618.011,load,88,35.744,1237,32
618.062,load,88,35.744,1237,32
618.112,load,88,35.744,1237,32
618.162,load,89,35.801,1207,32
618.212,load,89,35.801,1207,32
618.263,load,89,35.801,1207,32
618.314,load,89,35.801,1207,32
618.364,load,89,35.801,1207,32
618.415,load,89,35.801,1207,32
618.465,load,89,35.801,1207,32
618.516,load,89,35.801,1207,32
618.566,load,89,35.801,1207,32
618.617,load,89,35.801,1207,32
618.667,load,88,36.238,1237,32
618.718,load,88,36.238,1237,32
618.768,load,88,36.238,1237,32
618.818,load,88,36.238,1237,32
618.869,load,88,36.238,1237,32
618.919,load,88,36.238,1237,32
618.97,load,88,36.238,1237,32
619.02,load,88,36.238,1237,32
619.07,load,88,36.238,1237,32
619.121,load,88,36.238,1237,32
619.171,load,89,35.654,1042,32
619.222,load,89,35.654,1042,32
619.272,load,89,35.654,1042,32
619.323,load,89,35.654,1042,32
619.373,load,89,35.654,1042,32
619.423,load,89,35.654,1042,32
619.474,load,89,35.654,1042,32
619.524,load,89,35.654,1042,32
619.575,load,89,35.654,1042,32
619.625,load,89,35.654,1042,32
619.676,load,88,34.981,1237,32
619.726,load,88,34.981,1237,32
619.777,load,88,34.981,1237,32
619.827,load,88,34.981,1237,32
619.878,load,88,34.981,1237,32
619.928,load,88,34.981,1237,32
619.979,load,88,34.981,1237,32
620.029,load,88,34.981,1237,32
620.08,load,88,34.981,1237,32
620.13,load,89,34.65,1095,32
620.18,load,89,34.65,1095,32
620.231,load,89,34.65,1095,32
620.281,load,89,34.65,1095,32
620.332,load,89,34.65,1095,32
620.382,load,89,34.65,1095,32
620.433,load,89,34.65,1095,32
620.483,load,89,34.65,1095,32
620.534,load,89,34.65,1095,32
620.584,load,89,34.65,1095,32
620.635,load,89,35.825,1237,32
620.685,load,89,35.825,1237,32
620.735,load,89,35.825,1237,32
620.785,load,89,35.825,1237,32
620.836,load,89,35.825,1237,32
620.886,load,89,35.825,1237,32
620.937,load,89,35.825,1237,32
620.988,load,89,35.825,1237,32
621.038,load,89,35.825,1237,32
621.088,load,89,35.825,1237,32
621.139,load,89,35.639,1042,32
621.189,load,89,35.639,1042,32
621.24,load,89,35.639,1042,32
621.29,load,89,35.639,1042,32
621.341,load,89,35.639,1042,32
621.391,load,89,35.639,1042,32
621.442,load,89,35.639,1042,32
621.492,load,89,35.639,1042,32
621.542,load,89,35.639,1042,32
621.593,load,89,35.639,1042,32
621.644,load,89,35.372,1230,32
621.694,load,89,35.372,1230,32
621.744,load,89,35.372,1230,32
621.795,load,89,35.372,1230,32
621.845,load,89,35.372,1230,32
621.896,load,89,35.372,1230,32
621.947,load,89,35.372,1230,32
621.997,load,89,35.372,1230,32
622.048,load,89,35.372,1230,32
622.098,load,89,35.372,1230,32
622.149,load,88,33.773,1087,32
622.199,load,88,33.773,1087,32
622.249,load,88,33.773,1087,32
622.3,load,88,33.773,1087,32
622.351,load,88,33.773,1087,32
622.401,load,88,33.773,1087,32
622.452,load,88,33.773,1087,32
622.502,load,88,33.773,1087,32
622.552,load,88,33.773,1087,32
622.603,load,88,33.773,1087,32
622.653,load,88,33.977,1230,32
622.703,load,88,33.977,1230,32
622.754,load,88,33.977,1230,32
622.805,load,88,33.977,1230,32
622.855,load,88,33.977,1230,32
622.906,load,88,33.977,1230,32
622.956,load,88,33.977,1230,32
623.006,load,88,33.977,1230,32
623.056,load,88,33.977,1230,32
623.107,load,88,33.977,1230,32
623.157,load,89,34.554,1027,32
623.207,load,89,34.554,1027,32
623.258,load,89,34.554,1027,32
623.308,load,89,34.554,1027,32
623.358,load,89,34.554,1027,32
623.409,load,89,34.554,1027,32
623.459,load,89,34.554,1027,32
623.51,load,89,34.554,1027,32
623.56,load,89,34.554,1027,32
623.61,load,89,34.554,1027,32
623.661,load,88,35.137,1237,32
623.711,load,88,35.137,1237,32
623.762,load,88,35.137,1237,32
623.812,load,88,35.137,1237,32
623.862,load,88,35.137,1237,32
623.912,load,88,35.137,1237,32
623.963,load,88,35.137,1237,32
624.014,load,88,35.137,1237,32
624.064,load,88,35.137,1237,32
624.114,load,88,35.137,1237,32
624.165,load,89,34.737,1072,32
624.215,load,89,34.737,1072,32
624.266,load,89,34.737,1072,32
624.316,load,89,34.737,1072,32
624.367,load,89,34.737,1072,32
624.417,load,89,34.737,1072,32
624.467,load,89,34.737,1072,32
624.518,load,89,34.737,1072,32
624.568,load,89,34.737,1072,32
624.619,load,89,34.737,1072,32
624.669,load,89,36.196,1237,32
624.719,load,89,36.196,1237,32
624.769,load,89,36.196,1237,32
624.82,load,89,36.196,1237,32
624.87,load,89,36.196,1237,32
624.92,load,89,36.196,1237,32
624.971,load,89,36.196,1237,32
625.021,load,89,36.196,1237,32
625.072,load,89,36.196,1237,32
625.122,load,89,36.196,1237,32
625.172,load,88,34.674,1065,32
625.223,load,88,34.674,1065,32
625.273,load,88,34.674,1065,32
625.323,load,88,34.674,1065,32
625.374,load,88,34.674,1065,32
625.424,load,88,34.674,1065,32
625.475,load,88,34.674,1065,32
625.525,load,88,34.674,1065,32
625.576,load,88,34.674,1065,32
625.626,load,88,34.674,1065,32
625.676,load,89,34.745,1222,32
625.727,load,89,34.745,1222,32
625.777,load,89,34.745,1222,32
625.827,load,89,34.745,1222,32
625.878,load,89,34.745,1222,32
625.929,load,89,34.745,1222,32
625.979,load,89,34.745,1222,32
626.029,load,89,34.745,1222,32
626.079,load,89,34.745,1222,32
626.13,load,89,34.745,1222,32
626.18,load,89,34.537,1207,32
626.23,load,89,34.537,1207,32
626.281,load,89,34.537,1207,32
626.331,load,89,34.537,1207,32
626.382,load,89,34.537,1207,32
626.433,load,89,34.537,1207,32
626.483,load,89,34.537,1207,32
626.533,load,89,34.537,1207,32
626.584,load,89,34.537,1207,32
626.634,load,89,35.334,1207,32
626.685,load,89,35.334,1207,32
626.735,load,89,35.334,1207,32
626.786,load,89,35.334,1207,32
626.836,load,89,35.334,1207,32
626.887,load,89,35.334,1207,32
626.937,load,89,35.334,1207,32
626.988,load,89,35.334,1207,32
627.038,load,89,35.334,1207,32
627.088,load,89,35.334,1207,32
627.139,load,89,33.888,1237,32
627.189,load,89,33.888,1237,32
627.24,load,89,33.888,1237,32
627.29,load,89,33.888,1237,32
627.34,load,89,33.888,1237,32
627.39,load,89,33.888,1237,32
627.441,load,89,33.888,1237,32
627.491,load,89,33.888,1237,32
627.542,load,89,33.888,1237,32
627.592,load,89,33.888,1237,32
627.642,load,89,35.068,1237,32
627.693,load,89,35.068,1237,32
627.743,load,89,35.068,1237,32
627.794,load,89,35.068,1237,32
627.844,load,89,35.068,1237,32
627.895,load,89,35.068,1237,32
627.945,load,89,35.068,1237,32
627.995,load,89,35.068,1237,32
628.046,load,89,35.068,1237,32
628.096,load,89,35.068,1237,32
628.146,load,89,34.035,1185,32
628.197,load,89,34.035,1185,32
628.247,load,89,34.035,1185,32
628.297,load,89,34.035,1185,32
628.348,load,89,34.035,1185,32
628.398,load,89,34.035,1185,32
628.448,load,89,34.035,1185,32
628.499,load,89,34.035,1185,32
628.549,load,89,34.035,1185,32
628.599,load,89,34.035,1185,32
628.65,load,89,35.366,1222,32
628.7,load,89,35.366,1222,32
628.75,load,89,35.366,1222,32
628.801,load,89,35.366,1222,32
628.852,load,89,35.366,1222,32
628.902,load,89,35.366,1222,32
628.952,load,89,35.366,1222,32
629.002,load,89,35.366,1222,32
629.053,load,89,35.366,1222,32
629.103,load,89,35.366,1222,32
629.154,load,88,32.908,1237,32
629.204,load,88,32.908,1237,32
629.255,load,88,32.908,1237,32
629.305,load,88,32.908,1237,32
629.356,load,88,32.908,1237,32
629.406,load,88,32.908,1237,32
629.456,load,88,32.908,1237,32
629.507,load,88,32.908,1237,32
629.557,load,88,32.908,1237,32
629.608,load,88,32.908,1237,32
629.658,load,89,34.288,1237,32
629.709,load,89,34.288,1237,32
629.759,load,89,34.288,1237,32
629.809,load,89,34.288,1237,32
629.86,load,89,34.288,1237,32
629.91,load,89,34.288,1237,32
629.961,load,89,34.288,1237,32
630.011,load,89,34.288,1237,32
630.061,load,89,34.288,1237,32
630.111,load,89,34.288,1237,32
630.162,load,88,33.47,1237,32
630.212,load,88,33.47,1237,32
630.263,load,88,33.47,1237,32
630.314,load,88,33.47,1237,32
630.364,load,88,33.47,1237,32
630.415,load,88,33.47,1237,32
630.465,load,88,33.47,1237,32
630.515,load,88,33.47,1237,32
630.566,load,88,33.47,1237,32
630.616,load,88,33.47,1237,32
630.667,load,89,35.662,1237,32
630.717,load,89,35.662,1237,32
630.768,load,89,35.662,1237,32
630.818,load,89,35.662,1237,32
630.869,load,89,35.662,1237,32
630.919,load,89,35.662,1237,32
630.97,load,89,35.662,1237,32
631.02,load,89,35.662,1237,32
631.07,load,89,35.662,1237,32
631.121,load,89,35.662,1237,32
631.171,load,87,33.211,1237,32
631.222,load,87,33.211,1237,32
631.272,load,87,33.211,1237,32
631.322,load,87,33.211,1237,32
631.373,load,87,33.211,1237,32
631.424,load,87,33.211,1237,32
631.474,load,87,33.211,1237,32
631.524,load,87,33.211,1237,32
631.575,load,87,33.211,1237,32
631.625,load,87,33.211,1237,32
631.676,load,89,34.976,1222,32
631.726,load,89,34.976,1222,32
631.777,load,89,34.976,1222,32
631.827,load,89,34.976,1222,32
631.878,load,89,34.976,1222,32
631.928,load,89,34.976,1222,32
631.978,load,89,34.976,1222,32
632.028,load,89,34.976,1222,32
632.079,load,89,34.976,1222,32
632.129,load,89,34.976,1222,32
632.179,load,87,32.904,1237,32
632.229,load,87,32.904,1237,32
632.28,load,87,32.904,1237,32
632.33,load,87,32.904,1237,32
632.38,load,87,32.904,1237,32
632.431,load,87,32.904,1237,32
632.481,load,87,32.904,1237,32
632.532,load,87,32.904,1237,32
632.582,load,87,32.904,1237,32
632.633,load,89,35.762,1237,32
632.683,load,89,35.762,1237,32
632.733,load,89,35.762,1237,32
632.784,load,89,35.762,1237,32
632.834,load,89,35.762,1237,32
632.884,load,89,35.762,1237,32
632.934,load,89,35.762,1237,32
632.985,load,89,35.762,1237,32
633.035,load,89,35.762,1237,32
633.085,load,89,35.762,1237,32
633.136,load,87,33.867,1237,32
633.186,load,87,33.867,1237,32
633.237,load,87,33.867,1237,32
633.287,load,87,33.867,1237,32
633.338,load,87,33.867,1237,32
633.388,load,87,33.867,1237,32
633.439,load,87,33.867,1237,32
633.489,load,87,33.867,1237,32
633.539,load,87,33.867,1237,32
633.59,load,87,33.867,1237,32
633.64,load,89,35.89,1222,32
633.691,load,89,35.89,1222,32
633.741,load,89,35.89,1222,32
633.791,load,89,35.89,1222,32
633.841,load,89,35.89,1222,32
633.892,load,89,35.89,1222,32
633.942,load,89,35.89,1222,32
633.992,load,89,35.89,1222,32
634.043,load,89,35.89,1222,32
634.093,load,89,35.89,1222,32
634.144,load,86,33.185,1237,32
634.194,load,86,33.185,1237,32
634.245,load,86,33.185,1237,32
634.295,load,86,33.185,1237,32
634.346,load,86,33.185,1237,32
634.396,load,86,33.185,1237,32
634.446,load,86,33.185,1237,32
634.497,load,86,33.185,1237,32
634.547,load,86,33.185,1237,32
634.598,load,86,33.185,1237,32
634.648,load,89,34.537,1237,32
634.699,load,89,34.537,1237,32
634.749,load,89,34.537,1237,32
634.799,load,89,34.537,1237,32
634.849,load,89,34.537,1237,32
634.9,load,89,34.537,1237,32
634.951,load,89,34.537,1237,32
635.001,load,89,34.537,1237,32
635.052,load,89,34.537,1237,32
635.102,load,89,34.537,1237,32
635.152,load,86,33.77,1237,32
635.203,load,86,33.77,1237,32
635.254,load,86,33.77,1237,32
635.304,load,86,33.77,1237,32
635.354,load,86,33.77,1237,32
635.404,load,86,33.77,1237,32
635.455,load,86,33.77,1237,32
635.505,load,86,33.77,1237,32
635.555,load,86,33.77,1237,32
635.606,load,86,33.77,1237,32
635.656,load,89,34.871,1012,32
635.707,load,89,34.871,1012,32
635.757,load,89,34.871,1012,32
635.807,load,89,34.871,1012,32
635.858,load,89,34.871,1012,32
635.908,load,89,34.871,1012,32
635.959,load,89,34.871,1012,32
636.009,load,89,34.871,1012,32
636.06,load,89,34.871,1012,32
636.11,load,89,34.871,1012,32
636.16,load,86,32.86,1065,32
636.211,load,86,32.86,1065,32
636.261,load,86,32.86,1065,32
636.312,load,86,32.86,1065,32
636.362,load,86,32.86,1065,32
636.412,load,86,32.86,1065,32
636.463,load,86,32.86,1065,32
636.513,load,86,32.86,1065,32
636.563,load,86,32.86,1065,32
636.614,load,86,32.86,1065,32
636.664,load,89,33.197,1207,32
636.715,load,89,33.197,1207,32
636.765,load,89,33.197,1207,32
636.815,load,89,33.197,1207,32
636.866,load,89,33.197,1207,32
636.916,load,89,33.197,1207,32
636.967,load,89,33.197,1207,32
637.018,load,89,33.197,1207,32
637.068,load,89,33.197,1207,32
637.118,load,89,33.197,1207,32
637.169,load,87,34.217,1215,32
637.219,load,87,34.217,1215,32
637.27,load,87,34.217,1215,32
637.32,load,87,34.217,1215,32
637.371,load,87,34.217,1215,32
637.421,load,87,34.217,1215,32
637.472,load,87,34.217,1215,32
637.522,load,87,34.217,1215,32
637.573,load,87,34.217,1215,32
637.624,load,87,34.217,1215,32
637.674,load,89,35.86,1065,32
637.724,load,89,35.86,1065,32
637.775,load,89,35.86,1065,32
637.825,load,89,35.86,1065,32
637.876,load,89,35.86,1065,32
637.926,load,89,35.86,1065,32
637.976,load,89,35.86,1065,32
638.027,load,89,35.86,1065,32
638.078,load,89,35.86,1065,32
638.129,load,89,35.86,1065,32
638.179,load,87,34.857,1237,32
638.229,load,87,34.857,1237,32
638.28,load,87,34.857,1237,32
638.33,load,87,34.857,1237,32
638.38,load,87,34.857,1237,32
638.43,load,87,34.857,1237,32
638.481,load,87,34.857,1237,32
638.531,load,87,34.857,1237,32
638.582,load,87,34.857,1237,32
638.632,load,89,35.089,1005,32
638.683,load,89,35.089,1005,32
638.733,load,89,35.089,1005,32
638.784,load,89,35.089,1005,32
638.834,load,89,35.089,1005,32
638.885,load,89,35.089,1005,32
638.935,load,89,35.089,1005,32
638.986,load,89,35.089,1005,32
639.037,load,89,35.089,1005,32
639.087,load,89,35.089,1005,32
639.137,load,88,35.338,1237,32
639.187,load,88,35.338,1237,32
639.238,load,88,35.338,1237,32
639.289,load,88,35.338,1237,32
639.339,load,88,35.338,1237,32
639.39,load,88,35.338,1237,32
639.44,load,88,35.338,1237,32
639.491,load,88,35.338,1237,32
639.541,load,88,35.338,1237,32
639.592,load,88,35.338,1237,32
639.642,load,89,35.007,1222,32
639.692,load,89,35.007,1222,32
639.743,load,89,35.007,1222,32
639.793,load,89,35.007,1222,32
639.844,load,89,35.007,1222,32
639.894,load,89,35.007,1222,32
639.945,load,89,35.007,1222,32
639.995,load,89,35.007,1222,32
640.046,load,89,35.007,1222,32
640.096,load,89,35.007,1222,32
640.147,load,88,36.056,1237,32
640.197,load,88,36.056,1237,32
640.248,load,88,36.056,1237,32
640.298,load,88,36.056,1237,32
640.349,load,88,36.056,1237,32
640.399,load,88,36.056,1237,32
640.449,load,88,36.056,1237,32
640.5,load,88,36.056,1237,32
640.55,load,88,36.056,1237,32
640.601,load,88,36.056,1237,32
640.651,load,89,35.724,1065,32
640.701,load,89,35.724,1065,32
640.752,load,89,35.724,1065,32
640.802,load,89,35.724,1065,32
640.853,load,89,35.724,1065,32
640.903,load,89,35.724,1065,32
640.954,load,89,35.724,1065,32
641.004,load,89,35.724,1065,32
641.055,load,89,35.724,1065,32
641.105,load,89,35.724,1065,32
641.155,load,88,35.249,1237,32
641.205,load,88,35.249,1237,32
641.256,load,88,35.249,1237,32
641.306,load,88,35.249,1237,32
641.357,load,88,35.249,1237,32
641.407,load,88,35.249,1237,32
641.458,load,88,35.249,1237,32
641.508,load,88,35.249,1237,32
641.559,load,88,35.249,1237,32
641.609,load,88,35.249,1237,32
641.66,load,89,34.873,1057,32
641.71,load,89,34.873,1057,32
641.761,load,89,34.873,1057,32
641.812,load,89,34.873,1057,32
641.862,load,89,34.873,1057,32
641.912,load,89,34.873,1057,32
641.963,load,89,34.873,1057,32
642.013,load,89,34.873,1057,32
642.064,load,89,34.873,1057,32
642.114,load,89,34.873,1057,32
642.165,load,89,35.507,1237,32
642.215,load,89,35.507,1237,32
642.265,load,89,35.507,1237,32
642.315,load,89,35.507,1237,32
642.366,load,89,35.507,1237,32
642.416,load,89,35.507,1237,32
642.467,load,89,35.507,1237,32
642.517,load,89,35.507,1237,32
642.567,load,89,35.507,1237,32
642.617,load,89,35.507,1237,32
642.668,load,89,35.19,1095,32
642.718,load,89,35.19,1095,32
642.768,load,89,35.19,1095,32
642.818,load,89,35.19,1095,32
642.869,load,89,35.19,1095,32
642.919,load,89,35.19,1095,32
642.969,load,89,35.19,1095,32
643.02,load,89,35.19,1095,32
643.071,load,89,35.19,1095,32
643.121,load,89,35.19,1095,32
643.171,load,89,35.182,1237,32
643.222,load,89,35.182,1237,32
643.273,load,89,35.182,1237,32
643.323,load,89,35.182,1237,32
643.373,load,89,35.182,1237,32
643.424,load,89,35.182,1237,32
643.474,load,89,35.182,1237,32
643.525,load,89,35.182,1237,32
643.576,load,89,35.182,1237,32
643.626,load,89,35.182,1237,32
643.676,load,89,34.524,1050,32
643.727,load,89,34.524,1050,32
643.777,load,89,34.524,1050,32
643.828,load,89,34.524,1050,32
643.878,load,89,34.524,1050,32
643.928,load,89,34.524,1050,32
643.979,load,89,34.524,1050,32
644.029,load,89,34.524,1050,32
644.08,load,89,34.524,1050,32
644.13,load,89,34.524,1050,32
644.18,load,88,34.283,1230,32
644.231,load,88,34.283,1230,32
644.281,load,88,34.283,1230,32
644.331,load,88,34.283,1230,32
644.381,load,88,34.283,1230,32
644.432,load,88,34.283,1230,32
644.482,load,88,34.283,1230,32
644.533,load,88,34.283,1230,32
644.583,load,88,34.283,1230,32
644.634,load,89,34.49,1237,32
644.685,load,89,34.49,1237,32
644.735,load,89,34.49,1237,32
644.785,load,89,34.49,1237,32
644.835,load,89,34.49,1237,32
644.886,load,89,34.49,1237,32
644.936,load,89,34.49,1237,32
644.987,load,89,34.49,1237,32
645.037,load,89,34.49,1237,32
645.088,load,89,34.49,1237,32
645.138,load,89,36.378,1237,32
645.189,load,89,36.378,1237,32
645.239,load,89,36.378,1237,32
645.29,load,89,36.378,1237,32
645.34,load,89,36.378,1237,32
645.391,load,89,36.378,1237,32
645.441,load,89,36.378,1237,32
645.491,load,89,36.378,1237,32
645.542,load,89,36.378,1237,32
645.592,load,89,36.378,1237,32
645.643,load,89,35.634,1065,32
645.693,load,89,35.634,1065,32
645.744,load,89,35.634,1065,32
645.794,load,89,35.634,1065,32
645.845,load,89,35.634,1065,32
645.896,load,89,35.634,1065,32
645.946,load,89,35.634,1065,32
645.997,load,89,35.634,1065,32
646.047,load,89,35.634,1065,32
646.097,load,89,35.634,1065,32
646.148,load,89,35.158,1237,32
646.198,load,89,35.158,1237,32
646.249,load,89,35.158,1237,32
646.299,load,89,35.158,1237,32
646.35,load,89,35.158,1237,32
646.4,load,89,35.158,1237,32
646.451,load,89,35.158,1237,32
646.501,load,89,35.158,1237,32
646.552,load,89,35.158,1237,32
646.602,load,89,35.158,1237,32
646.653,load,89,34.36,1140,32
646.703,load,89,34.36,1140,32
646.754,load,89,34.36,1140,32
646.804,load,89,34.36,1140,32
646.855,load,89,34.36,1140,32
646.905,load,89,34.36,1140,32
646.956,load,89,34.36,1140,32
647.006,load,89,34.36,1140,32
647.057,load,89,34.36,1140,32
647.107,load,89,34.36,1140,32
647.158,load,89,35.841,1230,32
647.208,load,89,35.841,1230,32
647.259,load,89,35.841,1230,32
647.309,load,89,35.841,1230,32
647.36,load,89,35.841,1230,32
647.41,load,89,35.841,1230,32
647.461,load,89,35.841,1230,32
647.511,load,89,35.841,1230,32
647.561,load,89,35.841,1230,32
647.612,load,89,35.841,1230,32
647.662,load,88,34.377,1237,32
647.713,load,88,34.377,1237,32
647.763,load,88,34.377,1237,32
647.813,load,88,34.377,1237,32
647.863,load,88,34.377,1237,32
647.914,load,88,34.377,1237,32
647.964,load,88,34.377,1237,32
648.014,load,88,34.377,1237,32
648.065,load,88,34.377,1237,32
648.115,load,88,34.377,1237,32
648.166,load,89,35.725,1237,32
648.216,load,89,35.725,1237,32
648.266,load,89,35.725,1237,32
648.317,load,89,35.725,1237,32
648.367,load,89,35.725,1237,32
648.418,load,89,35.725,1237,32
648.468,load,89,35.725,1237,32
648.519,load,89,35.725,1237,32
648.569,load,89,35.725,1237,32
648.619,load,89,35.725,1237,32
648.67,load,88,32.943,1237,32
648.72,load,88,32.943,1237,32
648.771,load,88,32.943,1237,32
648.821,load,88,32.943,1237,32
648.871,load,88,32.943,1237,32
648.922,load,88,32.943,1237,32
648.972,load,88,32.943,1237,32
649.022,load,88,32.943,1237,32
649.072,load,88,32.943,1237,32
649.123,load,88,32.943,1237,32
649.173,load,89,35.433,1237,32
649.223,load,89,35.433,1237,32
649.274,load,89,35.433,1237,32
649.324,load,89,35.433,1237,32
649.375,load,89,35.433,1237,32
649.425,load,89,35.433,1237,32
649.476,load,89,35.433,1237,32
649.526,load,89,35.433,1237,32
649.576,load,89,35.433,1237,32
649.627,load,89,35.433,1237,32
649.677,load,87,32.948,1237,32
649.728,load,87,32.948,1237,32
649.778,load,87,32.948,1237,32
649.829,load,87,32.948,1237,32
649.879,load,87,32.948,1237,32
649.929,load,87,32.948,1237,32
649.98,load,87,32.948,1237,32
650.03,load,87,32.948,1237,32
650.081,load,87,32.948,1237,32
650.131,load,87,32.948,1237,32
650.181,load,89,34.405,1207,32
650.232,load,89,34.405,1207,32
650.282,load,89,34.405,1207,32
650.332,load,89,34.405,1207,32
650.383,load,89,34.405,1207,32
650.433,load,89,34.405,1207,32
650.484,load,89,34.405,1207,32
650.534,load,89,34.405,1207,32
650.584,load,89,34.405,1207,32
650.635,load,87,32.84,1237,32
650.685,load,87,32.84,1237,32
650.736,load,87,32.84,1237,32
650.786,load,87,32.84,1237,32
650.836,load,87,32.84,1237,32
650.887,load,87,32.84,1237,32
650.937,load,87,32.84,1237,32
650.987,load,87,32.84,1237,32
651.038,load,87,32.84,1237,32
651.088,load,87,32.84,1237,32
651.139,load,89,35.812,1027,32
651.189,load,89,35.812,1027,32
651.239,load,89,35.812,1027,32
651.29,load,89,35.812,1027,32
651.34,load,89,35.812,1027,32
651.391,load,89,35.812,1027,32
651.441,load,89,35.812,1027,32
651.491,load,89,35.812,1027,32
651.542,load,89,35.812,1027,32
651.592,load,89,35.812,1027,32
651.643,load,87,32.799,1237,32
651.693,load,87,32.799,1237,32
651.744,load,87,32.799,1237,32
651.794,load,87,32.799,1237,32
651.845,load,87,32.799,1237,32
651.895,load,87,32.799,1237,32
651.945,load,87,32.799,1237,32
651.996,load,87,32.799,1237,32
652.046,load,87,32.799,1237,32
652.097,load,87,32.799,1237,32
652.147,load,89,34.038,1222,32
652.198,load,89,34.038,1222,32
652.248,load,89,34.038,1222,32
652.299,load,89,34.038,1222,32
652.349,load,89,34.038,1222,32
652.4,load,89,34.038,1222,32
652.45,load,89,34.038,1222,32
652.501,load,89,34.038,1222,32
652.551,load,89,34.038,1222,32
652.601,load,89,34.038,1222,32
652.652,load,86,33.438,1185,1
652.702,load,86,33.438,1185,1
652.753,load,86,33.438,1185,1
652.803,load,86,33.438,1185,1
652.853,load,86,33.438,1185,1
652.904,load,86,33.438,1185,1
652.954,load,86,33.438,1185,1
653.005,load,86,33.438,1185,1
653.056,load,86,33.438,1185,1
653.106,load,86,33.438,1185,1
653.156,load,89,35.65,1237,32
653.206,load,89,35.65,1237,32
653.257,load,89,35.65,1237,32
653.307,load,89,35.65,1237,32
653.357,load,89,35.65,1237,32
653.408,load,89,35.65,1237,32
653.458,load,89,35.65,1237,32
653.509,load,89,35.65,1237,32
653.559,load,89,35.65,1237,32
653.609,load,89,35.65,1237,32
653.66,load,87,34.672,1237,32
653.71,load,87,34.672,1237,32
653.761,load,87,34.672,1237,32
653.811,load,87,34.672,1237,32
653.861,load,87,34.672,1237,32
653.912,load,87,34.672,1237,32
653.962,load,87,34.672,1237,32
654.012,load,87,34.672,1237,32
654.063,load,87,34.672,1237,32
654.113,load,87,34.672,1237,32
654.163,load,89,35.754,1237,32
654.214,load,89,35.754,1237,32
654.264,load,89,35.754,1237,32
654.315,load,89,35.754,1237,32
654.365,load,89,35.754,1237,32
654.416,load,89,35.754,1237,32
654.466,load,89,35.754,1237,32
654.517,load,89,35.754,1237,32
654.567,load,89,35.754,1237,32
654.618,load,89,35.754,1237,32
654.668,load,87,35.097,1230,32
654.719,load,87,35.097,1230,32
654.769,load,87,35.097,1230,32
654.819,load,87,35.097,1230,32
654.87,load,87,35.097,1230,32
654.92,load,87,35.097,1230,32
654.971,load,87,35.097,1230,32
655.021,load,87,35.097,1230,32
655.072,load,87,35.097,1230,32
655.122,load,87,35.097,1230,32
655.172,load,89,35.187,1207,32
655.222,load,89,35.187,1207,32
655.273,load,89,35.187,1207,32
655.323,load,89,35.187,1207,32
655.373,load,89,35.187,1207,32
655.424,load,89,35.187,1207,32
655.474,load,89,35.187,1207,32
655.524,load,89,35.187,1207,32
655.575,load,89,35.187,1207,32
655.625,load,89,35.187,1207,32
655.676,load,87,34.97,1177,32
655.726,load,87,34.97,1177,32
655.777,load,87,34.97,1177,32
655.827,load,87,34.97,1177,32
655.877,load,87,34.97,1177,32
655.927,load,87,34.97,1177,32
655.978,load,87,34.97,1177,32
656.028,load,87,34.97,1177,32
656.078,load,87,34.97,1177,32
656.129,load,87,34.97,1177,32
656.179,load,89,34.745,1222,32
656.23,load,89,34.745,1222,32
656.28,load,89,34.745,1222,32
656.331,load,89,34.745,1222,32
656.381,load,89,34.745,1222,32
656.431,load,89,34.745,1222,32
656.482,load,89,34.745,1222,32
656.532,load,89,34.745,1222,32
656.582,load,89,34.745,1222,32
656.633,load,89,34.745,1222,32
656.683,load,88,35.064,1237,32
656.734,load,88,35.064,1237,32
656.784,load,88,35.064,1237,32
656.835,load,88,35.064,1237,32
656.885,load,88,35.064,1237,32
656.936,load,88,35.064,1237,32
656.987,load,88,35.064,1237,32
657.037,load,88,35.064,1237,32
657.087,load,88,35.064,1237,32
657.138,load,89,35.683,1057,32
657.188,load,89,35.683,1057,32
657.239,load,89,35.683,1057,32
657.289,load,89,35.683,1057,32
657.34,load,89,35.683,1057,32
657.39,load,89,35.683,1057,32
657.441,load,89,35.683,1057,32
657.491,load,89,35.683,1057,32
657.542,load,89,35.683,1057,32
657.592,load,89,35.683,1057,32
657.643,load,88,35.426,1237,32
657.694,load,88,35.426,1237,32
657.744,load,88,35.426,1237,32
657.795,load,88,35.426,1237,32
657.845,load,88,35.426,1237,32
657.896,load,88,35.426,1237,32
657.946,load,88,35.426,1237,32
657.997,load,88,35.426,1237,32
658.047,load,88,35.426,1237,32
658.098,load,88,35.426,1237,32
658.148,load,89,34.68,1237,32
658.199,load,89,34.68,1237,32
658.249,load,89,34.68,1237,32
658.299,load,89,34.68,1237,32
658.349,load,89,34.68,1237,32
658.4,load,89,34.68,1237,32
658.45,load,89,34.68,1237,32
658.501,load,89,34.68,1237,32
658.551,load,89,34.68,1237,32
658.601,load,89,34.68,1237,32
658.652,load,88,34.908,1237,32
658.702,load,88,34.908,1237,32
658.753,load,88,34.908,1237,32
658.804,load,88,34.908,1237,32
658.854,load,88,34.908,1237,32
658.905,load,88,34.908,1237,32
658.955,load,88,34.908,1237,32
659.005,load,88,34.908,1237,32
659.056,load,88,34.908,1237,32
659.106,load,88,34.908,1237,32
659.156,load,89,34.89,1012,32
659.206,load,89,34.89,1012,32
659.257,load,89,34.89,1012,32
659.307,load,89,34.89,1012,32
659.358,load,89,34.89,1012,32
659.408,load,89,34.89,1012,32
659.458,load,89,34.89,1012,32
659.509,load,89,34.89,1012,32
659.559,load,89,34.89,1012,32
659.61,load,89,34.89,1012,32
659.66,load,87,33.359,1237,32
659.71,load,87,33.359,1237,32
659.76,load,87,33.359,1237,32
659.811,load,87,33.359,1237,32
659.861,load,87,33.359,1237,32
659.912,load,87,33.359,1237,32
659.962,load,87,33.359,1237,32
660.012,load,87,33.359,1237,32
660.063,load,87,33.359,1237,32
660.113,load,87,33.359,1237,32
660.164,load,89,33.361,1237,32
660.214,load,89,33.361,1237,32
660.265,load,89,33.361,1237,32
660.315,load,89,33.361,1237,32
660.365,load,89,33.361,1237,32
660.416,load,89,33.361,1237,32
660.466,load,89,33.361,1237,32
660.516,load,89,33.361,1237,32
660.566,load,89,33.361,1237,32
660.617,load,89,33.361,1237,32
660.667,load,86,33.741,1237,32
660.718,load,86,33.741,1237,32
660.768,load,86,33.741,1237,32
660.819,load,86,33.741,1237,32
660.869,load,86,33.741,1237,32
660.92,load,86,33.741,1237,32
660.97,load,86,33.741,1237,32
661.021,load,86,33.741,1237,32
661.071,load,86,33.741,1237,32
661.121,load,86,33.741,1237,32
661.172,load,89,33.674,1237,32
661.222,load,89,33.674,1237,32
661.273,load,89,33.674,1237,32
661.323,load,89,33.674,1237,32
661.374,load,89,33.674,1237,32
661.424,load,89,33.674,1237,32
661.475,load,89,33.674,1237,32
661.525,load,89,33.674,1237,32
661.575,load,89,33.674,1237,32
661.626,load,89,33.674,1237,32
661.676,load,87,33.922,1237,32
661.727,load,87,33.922,1237,32
661.777,load,87,33.922,1237,32
661.828,load,87,33.922,1237,32
661.878,load,87,33.922,1237,32
661.929,load,87,33.922,1237,32
661.979,load,87,33.922,1237,32
662.029,load,87,33.922,1237,32
662.08,load,87,33.922,1237,32
662.13,load,87,33.922,1237,32
662.181,load,89,35.771,1237,32
662.231,load,89,35.771,1237,32
662.282,load,89,35.771,1237,32
662.332,load,89,35.771,1237,32
662.382,load,89,35.771,1237,32
662.432,load,89,35.771,1237,32
662.483,load,89,35.771,1237,32
662.533,load,89,35.771,1237,32
662.584,load,89,35.771,1237,32
662.634,load,89,35.771,1237,32
662.684,load,87,32.953,1237,32
662.735,load,87,32.953,1237,32
662.785,load,87,32.953,1237,32
662.835,load,87,32.953,1237,32
662.886,load,87,32.953,1237,32
662.936,load,87,32.953,1237,32
662.986,load,87,32.953,1237,32
663.037,load,87,32.953,1237,32
663.087,load,87,32.953,1237,32
663.138,load,89,34.819,1237,32
663.188,load,89,34.819,1237,32
663.239,load,89,34.819,1237,32
663.289,load,89,34.819,1237,32
663.34,load,89,34.819,1237,32
663.39,load,89,34.819,1237,32
663.441,load,89,34.819,1237,32
663.491,load,89,34.819,1237,32
663.541,load,89,34.819,1237,32
663.592,load,89,34.819,1237,32
663.642,load,87,32.816,1237,32
663.693,load,87,32.816,1237,32
663.743,load,87,32.816,1237,32
663.794,load,87,32.816,1237,32
663.844,load,87,32.816,1237,32
663.894,load,87,32.816,1237,32
663.945,load,87,32.816,1237,32
663.995,load,87,32.816,1237,32
664.046,load,87,32.816,1237,32
664.096,load,87,32.816,1237,32
664.147,load,89,33.127,1237,32
664.197,load,89,33.127,1237,32
664.247,load,89,33.127,1237,32
664.298,load,89,33.127,1237,32
664.348,load,89,33.127,1237,32
664.399,load,89,33.127,1237,32
664.45,load,89,33.127,1237,32
664.5,load,89,33.127,1237,32
664.55,load,89,33.127,1237,32
664.601,load,89,33.127,1237,32
664.652,load,88,33.288,1237,32
664.703,load,88,33.288,1237,32
664.753,load,88,33.288,1237,32
664.804,load,88,33.288,1237,32
664.854,load,88,33.288,1237,32
664.905,load,88,33.288,1237,32
664.955,load,88,33.288,1237,32
665.005,load,88,33.288,1237,32
665.056,load,88,33.288,1237,32
665.106,load,88,33.288,1237,32
665.157,load,89,35.363,1237,32
665.207,load,89,35.363,1237,32
665.257,load,89,35.363,1237,32
665.308,load,89,35.363,1237,32
665.358,load,89,35.363,1237,32
665.409,load,89,35.363,1237,32
665.459,load,89,35.363,1237,32
665.51,load,89,35.363,1237,32
665.56,load,89,35.363,1237,32
665.611,load,89,35.363,1237,32
665.661,load,87,32.736,1237,32
665.712,load,87,32.736,1237,32
665.762,load,87,32.736,1237,32
665.813,load,87,32.736,1237,32
665.864,load,87,32.736,1237,32
665.914,load,87,32.736,1237,32
665.964,load,87,32.736,1237,32
666.015,load,87,32.736,1237,32
666.065,load,87,32.736,1237,32
666.115,load,87,32.736,1237,32
666.166,load,89,35.191,1237,32
666.216,load,89,35.191,1237,32
666.267,load,89,35.191,1237,32
666.317,load,89,35.191,1237,32
666.368,load,89,35.191,1237,32
666.418,load,89,35.191,1237,32
666.469,load,89,35.191,1237,32
666.519,load,89,35.191,1237,32
666.57,load,89,35.191,1237,32
666.621,load,89,35.191,1237,32
666.671,load,87,32.502,1237,32
666.722,load,87,32.502,1237,32
666.772,load,87,32.502,1237,32
666.823,load,87,32.502,1237,32
666.873,load,87,32.502,1237,32
666.924,load,87,32.502,1237,32
666.974,load,87,32.502,1237,32
667.024,load,87,32.502,1237,32
667.075,load,87,32.502,1237,32
667.126,load,87,32.502,1237,32
667.176,load,89,34.462,1215,32
667.226,load,89,34.462,1215,32
667.277,load,89,34.462,1215,32
667.327,load,89,34.462,1215,32
667.378,load,89,34.462,1215,32
667.428,load,89,34.462,1215,32
667.479,load,89,34.462,1215,32
667.529,load,89,34.462,1215,32
667.579,load,89,34.462,1215,32
667.63,load,89,34.462,1215,32
667.68,load,87,33.398,1237,32
667.731,load,87,33.398,1237,32
667.781,load,87,33.398,1237,32
667.832,load,87,33.398,1237,32
667.882,load,87,33.398,1237,32
667.932,load,87,33.398,1237,32
667.983,load,87,33.398,1237,32
668.033,load,87,33.398,1237,32
668.084,load,87,33.398,1237,32
668.134,load,87,33.398,1237,32
668.185,load,89,35.806,1005,32
668.235,load,89,35.806,1005,32
668.285,load,89,35.806,1005,32
668.336,load,89,35.806,1005,32
668.386,load,89,35.806,1005,32
668.437,load,89,35.806,1005,32
668.487,load,89,35.806,1005,32
668.538,load,89,35.806,1005,32
668.588,load,89,35.806,1005,32
668.639,load,86,32.988,1237,32
668.689,load,86,32.988,1237,32
668.74,load,86,32.988,1237,32
668.79,load,86,32.988,1237,32
668.841,load,86,32.988,1237,32
668.891,load,86,32.988,1237,32
668.941,load,86,32.988,1237,32
668.992,load,86,32.988,1237,32
669.042,load,86,32.988,1237,32
669.093,load,86,32.988,1237,32
669.143,load,89,34.159,1237,32
669.194,load,89,34.159,1237,32
669.245,load,89,34.159,1237,32
669.295,load,89,34.159,1237,32
669.346,load,89,34.159,1237,32
669.396,load,89,34.159,1237,32
669.446,load,89,34.159,1237,32
669.497,load,89,34.159,1237,32
669.547,load,89,34.159,1237,32
669.597,load,89,34.159,1237,32
669.648,load,86,33.804,1177,1
669.698,load,86,33.804,1177,1
669.749,load,86,33.804,1177,1
669.799,load,86,33.804,1177,1
669.85,load,86,33.804,1177,1
669.9,load,86,33.804,1177,1
669.951,load,86,33.804,1177,1
670.001,load,86,33.804,1177,1
670.052,load,86,33.804,1177,1
670.102,load,86,33.804,1177,1
670.153,load,89,35.25,1237,32
670.203,load,89,35.25,1237,32
670.254,load,89,35.25,1237,32
670.304,load,89,35.25,1237,32
670.355,load,89,35.25,1237,32
670.405,load,89,35.25,1237,32
670.456,load,89,35.25,1237,32
670.506,load,89,35.25,1237,32
670.556,load,89,35.25,1237,32
670.607,load,89,35.25,1237,32
670.657,load,87,33.376,1170,1
670.708,load,87,33.376,1170,1
670.761,load,87,33.376,1170,1
670.811,load,87,33.376,1170,1
670.862,load,87,33.376,1170,1
670.912,load,87,33.376,1170,1
670.963,load,87,33.376,1170,1
671.014,load,87,33.376,1170,1
671.064,load,87,33.376,1170,1
671.114,load,87,33.376,1170,1
671.165,load,89,35.003,1237,32
671.216,load,89,35.003,1237,32
671.266,load,89,35.003,1237,32
671.317,load,89,35.003,1237,32
671.367,load,89,35.003,1237,32
671.418,load,89,35.003,1237,32
671.468,load,89,35.003,1237,32
671.518,load,89,35.003,1237,32
671.569,load,89,35.003,1237,32
671.619,load,89,35.003,1237,32
671.669,load,87,34.293,1230,32
671.72,load,87,34.293,1230,32
671.771,load,87,34.293,1230,32
671.821,load,87,34.293,1230,32
671.871,load,87,34.293,1230,32
671.921,load,87,34.293,1230,32
671.972,load,87,34.293,1230,32
672.023,load,87,34.293,1230,32
672.073,load,87,34.293,1230,32
672.124,load,87,34.293,1230,32
672.174,load,89,35.601,1230,32
672.225,load,89,35.601,1230,32
672.275,load,89,35.601,1230,32
672.325,load,89,35.601,1230,32
672.376,load,89,35.601,1230,32
672.426,load,89,35.601,1230,32
672.476,load,89,35.601,1230,32
672.527,load,89,35.601,1230,32
672.578,load,89,35.601,1230,32
672.628,load,89,35.601,1230,32
672.679,load,87,34.808,1162,32
672.729,load,87,34.808,1162,32
672.779,load,87,34.808,1162,32
672.83,load,87,34.808,1162,32
672.88,load,87,34.808,1162,32
672.93,load,87,34.808,1162,32
672.98,load,87,34.808,1162,32
673.03,load,87,34.808,1162,32
673.081,load,87,34.808,1162,32
673.131,load,87,34.808,1162,32
673.182,load,89,34.525,1207,32
673.232,load,89,34.525,1207,32
673.283,load,89,34.525,1207,32
673.333,load,89,34.525,1207,32
673.384,load,89,34.525,1207,32
673.434,load,89,34.525,1207,32
673.484,load,89,34.525,1207,32
673.535,load,89,34.525,1207,32
673.585,load,89,34.525,1207,32
673.635,load,89,34.525,1207,32
673.686,load,88,35.194,1237,32
673.736,load,88,35.194,1237,32
673.786,load,88,35.194,1237,32
673.837,load,88,35.194,1237,32
673.888,load,88,35.194,1237,32
673.938,load,88,35.194,1237,32
673.989,load,88,35.194,1237,32
674.039,load,88,35.194,1237,32
674.09,load,88,35.194,1237,32
674.141,load,88,34.892,1065,32
674.191,load,88,34.892,1065,32
674.242,load,88,34.892,1065,32
674.292,load,88,34.892,1065,32
674.343,load,88,34.892,1065,32
674.393,load,88,34.892,1065,32
674.443,load,88,34.892,1065,32
674.494,load,88,34.892,1065,32
674.544,load,88,34.892,1065,32
674.595,load,88,34.892,1065,32
674.645,load,88,34.257,1237,32
674.695,load,88,34.257,1237,32
674.746,load,88,34.257,1237,32
674.796,load,88,34.257,1237,32
674.847,load,88,34.257,1237,32
674.897,load,88,34.257,1237,32
674.947,load,88,34.257,1237,32
674.998,load,88,34.257,1237,32
675.048,load,88,34.257,1237,32
675.098,load,88,34.257,1237,32
675.149,load,89,34.733,1237,32
675.2,load,89,34.733,1237,32
675.251,load,89,34.733,1237,32
675.301,load,89,34.733,1237,32
675.352,load,89,34.733,1237,32
675.402,load,89,34.733,1237,32
675.453,load,89,34.733,1237,32
675.503,load,89,34.733,1237,32
675.554,load,89,34.733,1237,32
675.604,load,89,34.733,1237,32
675.654,load,87,35.104,1237,32
675.705,load,87,35.104,1237,32
675.755,load,87,35.104,1237,32
675.806,load,87,35.104,1237,32
675.856,load,87,35.104,1237,32
675.906,load,87,35.104,1237,32
675.957,load,87,35.104,1237,32
676.008,load,87,35.104,1237,32
676.058,load,87,35.104,1237,32
676.109,load,87,35.104,1237,32
676.159,load,89,35.221,1042,32
676.21,load,89,35.221,1042,32
676.261,load,89,35.221,1042,32
676.311,load,89,35.221,1042,32
676.361,load,89,35.221,1042,32
676.411,load,89,35.221,1042,32
676.462,load,89,35.221,1042,32
676.512,load,89,35.221,1042,32
676.563,load,89,35.221,1042,32
676.613,load,89,35.221,1042,32
676.663,load,88,34.984,1222,32
676.714,load,88,34.984,1222,32
676.764,load,88,34.984,1222,32
676.815,load,88,34.984,1222,32
676.865,load,88,34.984,1222,32
676.916,load,88,34.984,1222,32
676.966,load,88,34.984,1222,32
677.017,load,88,34.984,1222,32
677.067,load,88,34.984,1222,32
677.117,load,88,34.984,1222,32
677.168,load,89,34.664,1222,32
677.218,load,89,34.664,1222,32
677.268,load,89,34.664,1222,32
677.319,load,89,34.664,1222,32
677.377,load,89,34.664,1222,32
677.427,load,89,34.664,1222,32
677.478,load,89,34.664,1222,32
677.528,load,89,34.664,1222,32
677.579,load,89,34.664,1222,32
677.629,load,89,34.664,1222,32
677.679,load,87,33.942,1222,32
677.73,load,87,33.942,1222,32
677.78,load,87,33.942,1222,32
677.831,load,87,33.942,1222,32
677.883,load,87,33.942,1222,32
677.934,load,87,33.942,1222,32
677.984,load,87,33.942,1222,32
678.034,load,87,33.942,1222,32
678.085,load,87,33.942,1222,32
678.135,load,87,33.942,1222,32
678.186,load,89,33.924,1065,32
678.236,load,89,33.924,1065,32
678.287,load,89,33.924,1065,32
678.337,load,89,33.924,1065,32
678.387,load,89,33.924,1065,32
678.438,load,89,33.924,1065,32
678.488,load,89,33.924,1065,32
678.539,load,89,33.924,1065,32
678.589,load,89,33.924,1065,32
678.64,load,86,33.857,1237,32
678.691,load,86,33.857,1237,32
678.741,load,86,33.857,1237,32
678.791,load,86,33.857,1237,32
678.841,load,86,33.857,1237,32
678.892,load,86,33.857,1237,32
678.942,load,86,33.857,1237,32
678.992,load,86,33.857,1237,32
679.043,load,86,33.857,1237,32
679.093,load,86,33.857,1237,32
679.143,load,89,34.52,1237,32
679.194,load,89,34.52,1237,32
679.244,load,89,34.52,1237,32
679.295,load,89,34.52,1237,32
679.346,load,89,34.52,1237,32
679.396,load,89,34.52,1237,32
679.448,load,89,34.52,1237,32
679.498,load,89,34.52,1237,32
679.548,load,89,34.52,1237,32
679.599,load,89,34.52,1237,32
679.649,load,87,34.374,1237,32
679.7,load,87,34.374,1237,32
679.75,load,87,34.374,1237,32
679.8,load,87,34.374,1237,32
679.851,load,87,34.374,1237,32
679.901,load,87,34.374,1237,32
679.952,load,87,34.374,1237,32
680.002,load,87,34.374,1237,32
680.052,load,87,34.374,1237,32
680.103,load,87,34.374,1237,32
680.153,load,89,35.272,1222,32
680.204,load,89,35.272,1222,32
680.254,load,89,35.272,1222,32
680.304,load,89,35.272,1222,32
680.355,load,89,35.272,1222,32
680.405,load,89,35.272,1222,32
680.456,load,89,35.272,1222,32
680.506,load,89,35.272,1222,32
680.556,load,89,35.272,1222,32
680.607,load,89,35.272,1222,32
680.657,load,87,34.154,1237,32
680.708,load,87,34.154,1237,32
680.758,load,87,34.154,1237,32
680.808,load,87,34.154,1237,32
680.859,load,87,34.154,1237,32
680.909,load,87,34.154,1237,32
680.96,load,87,34.154,1237,32
681.01,load,87,34.154,1237,32
681.061,load,87,34.154,1237,32
681.111,load,87,34.154,1237,32
681.161,load,89,34.519,1230,32
681.212,load,89,34.519,1230,32
681.262,load,89,34.519,1230,32
681.312,load,89,34.519,1230,32
681.363,load,89,34.519,1230,32
681.413,load,89,34.519,1230,32
681.464,load,89,34.519,1230,32
681.515,load,89,34.519,1230,32
681.565,load,89,34.519,1230,32
681.615,load,89,34.519,1230,32
681.666,load,87,33.927,1177,32
681.717,load,87,33.927,1177,32
681.767,load,87,33.927,1177,32
681.817,load,87,33.927,1177,32
681.868,load,87,33.927,1177,32
681.918,load,87,33.927,1177,32
681.969,load,87,33.927,1177,32
682.019,load,87,33.927,1177,32
682.07,load,87,33.927,1177,32
682.12,load,87,33.927,1177,32
682.171,load,89,34.386,1222,32
682.221,load,89,34.386,1222,32
682.271,load,89,34.386,1222,32
682.322,load,89,34.386,1222,32
682.372,load,89,34.386,1222,32
682.422,load,89,34.386,1222,32
682.473,load,89,34.386,1222,32
682.523,load,89,34.386,1222,32
682.573,load,89,34.386,1222,32
682.624,load,89,34.386,1222,32
682.674,load,87,34.41,1237,32
682.725,load,87,34.41,1237,32
682.775,load,87,34.41,1237,32
682.826,load,87,34.41,1237,32
682.876,load,87,34.41,1237,32
682.927,load,87,34.41,1237,32
682.977,load,87,34.41,1237,32
683.027,load,87,34.41,1237,32
683.078,load,87,34.41,1237,32
683.128,load,87,34.41,1237,32
683.179,load,89,35.239,1080,32
683.229,load,89,35.239,1080,32
683.28,load,89,35.239,1080,32
683.33,load,89,35.239,1080,32
683.381,load,89,35.239,1080,32
683.431,load,89,35.239,1080,32
683.482,load,89,35.239,1080,32
683.532,load,89,35.239,1080,32
683.583,load,89,35.239,1080,32
683.633,load,89,35.239,1080,32
683.683,load,87,34.443,1237,32
683.734,load,87,34.443,1237,32
683.784,load,87,34.443,1237,32
683.834,load,87,34.443,1237,32
683.885,load,87,34.443,1237,32
683.935,load,87,34.443,1237,32
683.985,load,87,34.443,1237,32
684.036,load,87,34.443,1237,32
684.086,load,87,34.443,1237,32
684.136,load,87,34.443,1237,32
684.187,load,89,34.744,1050,32
684.237,load,89,34.744,1050,32
684.288,load,89,34.744,1050,32
684.338,load,89,34.744,1050,32
684.389,load,89,34.744,1050,32
684.439,load,89,34.744,1050,32
684.49,load,89,34.744,1050,32
684.54,load,89,34.744,1050,32
684.59,load,89,34.744,1050,32
684.641,load,87,34.571,1237,32
684.691,load,87,34.571,1237,32
684.742,load,87,34.571,1237,32
684.792,load,87,34.571,1237,32
684.842,load,87,34.571,1237,32
684.893,load,87,34.571,1237,32
684.944,load,87,34.571,1237,32
684.994,load,87,34.571,1237,32
685.045,load,87,34.571,1237,32
685.095,load,87,34.571,1237,32
685.146,load,89,34.534,1222,32
685.196,load,89,34.534,1222,32
685.246,load,89,34.534,1222,32
685.297,load,89,34.534,1222,32
685.347,load,89,34.534,1222,32
685.398,load,89,34.534,1222,32
685.448,load,89,34.534,1222,32
685.499,load,89,34.534,1222,32
685.549,load,89,34.534,1222,32
685.6,load,89,34.534,1222,32
685.65,load,88,35.787,1215,32
685.701,load,88,35.787,1215,32
685.751,load,88,35.787,1215,32
685.801,load,88,35.787,1215,32
685.852,load,88,35.787,1215,32
685.902,load,88,35.787,1215,32
685.953,load,88,35.787,1215,32
686.003,load,88,35.787,1215,32
686.054,load,88,35.787,1215,32
686.104,load,88,35.787,1215,32
686.155,load,89,35.313,1207,32
686.205,load,89,35.313,1207,32
686.255,load,89,35.313,1207,32
686.306,load,89,35.313,1207,32
686.356,load,89,35.313,1207,32
686.407,load,89,35.313,1207,32
686.457,load,89,35.313,1207,32
686.508,load,89,35.313,1207,32
686.558,load,89,35.313,1207,32
686.608,load,89,35.313,1207,32
686.658,load,88,34.855,1207,32
686.709,load,88,34.855,1207,32
686.759,load,88,34.855,1207,32
686.81,load,88,34.855,1207,32
686.861,load,88,34.855,1207,32
686.911,load,88,34.855,1207,32
686.962,load,88,34.855,1207,32
687.012,load,88,34.855,1207,32
687.062,load,88,34.855,1207,32
687.113,load,88,34.855,1207,32
687.163,load,89,34.979,1185,32
687.214,load,89,34.979,1185,32
687.264,load,89,34.979,1185,32
687.315,load,89,34.979,1185,32
687.365,load,89,34.979,1185,32
687.416,load,89,34.979,1185,32
687.466,load,89,34.979,1185,32
687.517,load,89,34.979,1185,32
687.567,load,89,34.979,1185,32
687.618,load,89,34.979,1185,32
687.668,load,88,34.859,1237,32
687.719,load,88,34.859,1237,32
687.769,load,88,34.859,1237,32
687.82,load,88,34.859,1237,32
687.87,load,88,34.859,1237,32
687.921,load,88,34.859,1237,32
687.971,load,88,34.859,1237,32
688.021,load,88,34.859,1237,32
688.072,load,88,34.859,1237,32
688.122,load,88,34.859,1237,32
688.173,load,89,34.938,1057,32
688.223,load,89,34.938,1057,32
688.273,load,89,34.938,1057,32
688.324,load,89,34.938,1057,32
688.374,load,89,34.938,1057,32
688.425,load,89,34.938,1057,32
688.475,load,89,34.938,1057,32
688.526,load,89,34.938,1057,32
688.576,load,89,34.938,1057,32
688.627,load,89,34.938,1057,32
688.678,load,88,34.971,1237,32
688.728,load,88,34.971,1237,32
688.779,load,88,34.971,1237,32
688.829,load,88,34.971,1237,32
688.879,load,88,34.971,1237,32
688.93,load,88,34.971,1237,32
688.98,load,88,34.971,1237,32
689.031,load,88,34.971,1237,32
689.081,load,88,34.971,1237,32
689.132,load,88,34.971,1237,32
689.182,load,89,35.156,1237,32
689.233,load,89,35.156,1237,32
689.283,load,89,35.156,1237,32
689.334,load,89,35.156,1237,32
689.384,load,89,35.156,1237,32
689.435,load,89,35.156,1237,32
689.485,load,89,35.156,1237,32
689.536,load,89,35.156,1237,32
689.586,load,89,35.156,1237,32
689.637,load,89,35.156,1237,32
689.687,load,88,34.531,1237,32
689.738,load,88,34.531,1237,32
689.788,load,88,34.531,1237,32
689.838,load,88,34.531,1237,32
689.889,load,88,34.531,1237,32
689.939,load,88,34.531,1237,32
689.989,load,88,34.531,1237,32
690.04,load,88,34.531,1237,32
690.09,load,88,34.531,1237,32
690.141,load,89,33.764,1065,32
690.191,load,89,33.764,1065,32
690.241,load,89,33.764,1065,32
690.292,load,89,33.764,1065,32
690.342,load,89,33.764,1065,32
690.393,load,89,33.764,1065,32
690.443,load,89,33.764,1065,32
690.494,load,89,33.764,1065,32
690.544,load,89,33.764,1065,32
690.595,load,89,33.764,1065,32
690.645,load,88,34.09,1237,32
690.696,load,88,34.09,1237,32
690.746,load,88,34.09,1237,32
690.796,load,88,34.09,1237,32
690.847,load,88,34.09,1237,32
690.897,load,88,34.09,1237,32
690.948,load,88,34.09,1237,32
690.998,load,88,34.09,1237,32
691.049,load,88,34.09,1237,32
691.099,load,88,34.09,1237,32
691.15,load,89,34.383,1087,32
691.2,load,89,34.383,1087,32
691.25,load,89,34.383,1087,32
691.3,load,89,34.383,1087,32
691.351,load,89,34.383,1087,32
691.401,load,89,34.383,1087,32
691.451,load,89,34.383,1087,32
691.502,load,89,34.383,1087,32
691.552,load,89,34.383,1087,32
691.603,load,89,34.383,1087,32
691.653,load,88,34.54,1237,32
691.703,load,88,34.54,1237,32
691.754,load,88,34.54,1237,32
691.804,load,88,34.54,1237,32
691.855,load,88,34.54,1237,32
691.905,load,88,34.54,1237,32
691.955,load,88,34.54,1237,32
692.006,load,88,34.54,1237,32
692.057,load,88,34.54,1237,32
692.107,load,88,34.54,1237,32
692.158,load,89,34.429,1042,32
692.208,load,89,34.429,1042,32
692.258,load,89,34.429,1042,32
692.309,load,89,34.429,1042,32
692.359,load,89,34.429,1042,32
692.41,load,89,34.429,1042,32
692.46,load,89,34.429,1042,32
692.511,load,89,34.429,1042,32
692.561,load,89,34.429,1042,32
692.611,load,89,34.429,1042,32
692.662,load,88,35.479,1230,32
692.712,load,88,35.479,1230,32
692.762,load,88,35.479,1230,32
692.813,load,88,35.479,1230,32
692.863,load,88,35.479,1230,32
692.914,load,88,35.479,1230,32
692.964,load,88,35.479,1230,32
693.014,load,88,35.479,1230,32
693.064,load,88,35.479,1230,32
693.115,load,88,35.479,1230,32
693.165,load,88,34.029,1042,32
693.216,load,88,34.029,1042,32
693.266,load,88,34.029,1042,32
693.317,load,88,34.029,1042,32
693.367,load,88,34.029,1042,32
693.418,load,88,34.029,1042,32
693.469,load,88,34.029,1042,32
693.519,load,88,34.029,1042,32
693.569,load,88,34.029,1042,32
693.62,load,88,34.029,1042,32
693.67,load,88,33.591,1237,32
693.721,load,88,33.591,1237,32
693.771,load,88,33.591,1237,32
693.822,load,88,33.591,1237,32
693.872,load,88,33.591,1237,32
693.922,load,88,33.591,1237,32
693.973,load,88,33.591,1237,32
694.023,load,88,33.591,1237,32
694.074,load,88,33.591,1237,32
694.124,load,88,33.591,1237,32
694.174,load,89,34.097,1207,32
694.225,load,89,34.097,1207,32
694.275,load,89,34.097,1207,32
694.325,load,89,34.097,1207,32
694.376,load,89,34.097,1207,32
694.426,load,89,34.097,1207,32
694.476,load,89,34.097,1207,32
694.527,load,89,34.097,1207,32
694.578,load,89,34.097,1207,32
694.628,load,89,34.097,1207,32
694.679,load,88,35.673,1200,32
694.729,load,88,35.673,1200,32
694.78,load,88,35.673,1200,32
694.83,load,88,35.673,1200,32
694.881,load,88,35.673,1200,32
694.931,load,88,35.673,1200,32
694.981,load,88,35.673,1200,32
695.032,load,88,35.673,1200,32
695.082,load,88,35.673,1200,32
695.133,load,88,35.673,1200,32
695.183,load,89,35.287,1177,32
695.234,load,89,35.287,1177,32
695.284,load,89,35.287,1177,32
695.334,load,89,35.287,1177,32
695.385,load,89,35.287,1177,32
695.435,load,89,35.287,1177,32
695.486,load,89,35.287,1177,32
695.536,load,89,35.287,1177,32
695.587,load,89,35.287,1177,32
695.637,load,89,35.287,1177,32
695.688,load,88,35.392,1237,32
695.738,load,88,35.392,1237,32
695.788,load,88,35.392,1237,32
695.839,load,88,35.392,1237,32
695.889,load,88,35.392,1237,32
695.94,load,88,35.392,1237,32
695.99,load,88,35.392,1237,32
696.041,load,88,35.392,1237,32
696.091,load,88,35.392,1237,32
696.142,load,89,35.764,1080,32
696.192,load,89,35.764,1080,32
696.242,load,89,35.764,1080,32
696.293,load,89,35.764,1080,32
696.343,load,89,35.764,1080,32
696.393,load,89,35.764,1080,32
696.444,load,89,35.764,1080,32
696.495,load,89,35.764,1080,32
696.545,load,89,35.764,1080,32
696.595,load,89,35.764,1080,32
696.645,load,88,35.004,1237,32
696.696,load,88,35.004,1237,32
696.746,load,88,35.004,1237,32
696.797,load,88,35.004,1237,32
696.847,load,88,35.004,1237,32
696.897,load,88,35.004,1237,32
696.948,load,88,35.004,1237,32
696.998,load,88,35.004,1237,32
697.049,load,88,35.004,1237,32
697.099,load,88,35.004,1237,32
697.15,load,89,34.378,1080,32
697.2,load,89,34.378,1080,32
697.251,load,89,34.378,1080,32
697.301,load,89,34.378,1080,32
697.351,load,89,34.378,1080,32
697.402,load,89,34.378,1080,32
697.452,load,89,34.378,1080,32
697.503,load,89,34.378,1080,32
697.553,load,89,34.378,1080,32
697.604,load,89,34.378,1080,32
697.654,load,89,35.406,1237,32
697.704,load,89,35.406,1237,32
697.755,load,89,35.406,1237,32
697.805,load,89,35.406,1237,32
697.856,load,89,35.406,1237,32
697.906,load,89,35.406,1237,32
697.957,load,89,35.406,1237,32
698.007,load,89,35.406,1237,32
698.058,load,89,35.406,1237,32
698.108,load,89,35.406,1237,32
698.159,load,88,34.097,1027,32
698.209,load,88,34.097,1027,32
698.259,load,88,34.097,1027,32
698.31,load,88,34.097,1027,32
698.36,load,88,34.097,1027,32
698.411,load,88,34.097,1027,32
698.461,load,88,34.097,1027,32
698.511,load,88,34.097,1027,32
698.562,load,88,34.097,1027,32
698.612,load,88,34.097,1027,32
698.662,load,88,34.176,1230,32
698.713,load,88,34.176,1230,32
698.764,load,88,34.176,1230,32
698.814,load,88,34.176,1230,32
698.864,load,88,34.176,1230,32
698.915,load,88,34.176,1230,32
698.965,load,88,34.176,1230,32
699.016,load,88,34.176,1230,32
699.066,load,88,34.176,1230,32
699.117,load,88,34.176,1230,32
699.167,load,89,34.848,1230,32
699.218,load,89,34.848,1230,32
699.268,load,89,34.848,1230,32
699.319,load,89,34.848,1230,32
699.369,load,89,34.848,1230,32
699.42,load,89,34.848,1230,32
699.47,load,89,34.848,1230,32
699.521,load,89,34.848,1230,32
699.571,load,89,34.848,1230,32
699.622,load,89,34.848,1230,32
699.672,load,89,36.288,1222,32
699.722,load,89,36.288,1222,32
699.773,load,89,36.288,1222,32
699.823,load,89,36.288,1222,32
699.874,load,89,36.288,1222,32
699.924,load,89,36.288,1222,32
699.974,load,89,36.288,1222,32
700.025,load,89,36.288,1222,32
700.075,load,89,36.288,1222,32
700.125,load,89,36.288,1222,32
700.176,load,88,35.072,1020,32
700.226,load,88,35.072,1020,32
700.277,load,88,35.072,1020,32
700.327,load,88,35.072,1020,32
700.377,load,88,35.072,1020,32
700.428,load,88,35.072,1020,32
700.478,load,88,35.072,1020,32
700.529,load,88,35.072,1020,32
700.579,load,88,35.072,1020,32
700.629,load,88,35.072,1020,32
700.68,load,89,34.622,1222,32
700.73,load,89,34.622,1222,32
700.781,load,89,34.622,1222,32
700.831,load,89,34.622,1222,32
700.882,load,89,34.622,1222,32
700.932,load,89,34.622,1222,32
700.983,load,89,34.622,1222,32
701.033,load,89,34.622,1222,32
701.083,load,89,34.622,1222,32
701.134,load,89,34.622,1222,32
701.185,load,88,34.024,1237,32
701.235,load,88,34.024,1237,32
701.286,load,88,34.024,1237,32
701.336,load,88,34.024,1237,32
701.387,load,88,34.024,1237,32
701.437,load,88,34.024,1237,32
701.487,load,88,34.024,1237,32
701.538,load,88,34.024,1237,32
701.588,load,88,34.024,1237,32
701.639,load,88,34.024,1237,32
701.689,load,89,35.014,1215,32
701.739,load,89,35.014,1215,32
701.79,load,89,35.014,1215,32
701.84,load,89,35.014,1215,32
701.89,load,89,35.014,1215,32
701.941,load,89,35.014,1215,32
701.991,load,89,35.014,1215,32
702.041,load,89,35.014,1215,32
702.092,load,89,35.014,1215,32
702.142,load,88,33.762,1237,32
702.192,load,88,33.762,1237,32
702.243,load,88,33.762,1237,32
702.293,load,88,33.762,1237,32
702.343,load,88,33.762,1237,32
702.394,load,88,33.762,1237,32
702.444,load,88,33.762,1237,32
702.495,load,88,33.762,1237,32
702.546,load,88,33.762,1237,32
702.596,load,88,33.762,1237,32
702.647,load,89,34.52,1222,32
702.697,load,89,34.52,1222,32
702.748,load,89,34.52,1222,32
702.798,load,89,34.52,1222,32
702.848,load,89,34.52,1222,32
702.899,load,89,34.52,1222,32
702.949,load,89,34.52,1222,32
703.0,load,89,34.52,1222,32
703.05,load,89,34.52,1222,32
703.101,load,89,34.52,1222,32
703.151,load,88,33.247,1237,32
703.202,load,88,33.247,1237,32
703.252,load,88,33.247,1237,32
703.302,load,88,33.247,1237,32
703.352,load,88,33.247,1237,32
703.403,load,88,33.247,1237,32
703.454,load,88,33.247,1237,32
703.504,load,88,33.247,1237,32
703.554,load,88,33.247,1237,32
703.605,load,88,33.247,1237,32
703.655,load,89,36.079,1237,32
703.705,load,89,36.079,1237,32
703.756,load,89,36.079,1237,32
703.806,load,89,36.079,1237,32
703.856,load,89,36.079,1237,32
703.906,load,89,36.079,1237,32
703.957,load,89,36.079,1237,32
704.007,load,89,36.079,1237,32
704.058,load,89,36.079,1237,32
704.108,load,89,36.079,1237,32
704.159,load,87,32.838,1237,32
704.209,load,87,32.838,1237,32
704.259,load,87,32.838,1237,32
704.309,load,87,32.838,1237,32
704.36,load,87,32.838,1237,32
704.41,load,87,32.838,1237,32
704.46,load,87,32.838,1237,32
704.511,load,87,32.838,1237,32
704.561,load,87,32.838,1237,32
704.612,load,87,32.838,1237,32
704.662,load,89,34.661,1222,32
704.713,load,89,34.661,1222,32
704.763,load,89,34.661,1222,32
704.813,load,89,34.661,1222,32
704.864,load,89,34.661,1222,32
704.914,load,89,34.661,1222,32
704.965,load,89,34.661,1222,32
705.015,load,89,34.661,1222,32
705.065,load,89,34.661,1222,32
705.116,load,89,34.661,1222,32
705.166,load,87,32.341,1237,32
705.217,load,87,32.341,1237,32
705.267,load,87,32.341,1237,32
705.318,load,87,32.341,1237,32
705.368,load,87,32.341,1237,32
705.419,load,87,32.341,1237,32
705.469,load,87,32.341,1237,32
705.519,load,87,32.341,1237,32
705.57,load,87,32.341,1237,32
705.621,load,87,32.341,1237,32
705.671,load,89,34.301,1237,32
705.722,load,89,34.301,1237,32
705.772,load,89,34.301,1237,32
705.822,load,89,34.301,1237,32
705.873,load,89,34.301,1237,32
705.923,load,89,34.301,1237,32
705.973,load,89,34.301,1237,32
706.023,load,89,34.301,1237,32
706.074,load,89,34.301,1237,32
706.124,load,89,34.301,1237,32
706.174,load,87,32.893,1237,32
706.225,load,87,32.893,1237,32
706.275,load,87,32.893,1237,32
706.325,load,87,32.893,1237,32
706.376,load,87,32.893,1237,32
706.426,load,87,32.893,1237,32
706.477,load,87,32.893,1237,32
706.527,load,87,32.893,1237,32
706.578,load,87,32.893,1237,32
706.628,load,87,32.893,1237,32
706.678,load,89,35.476,1050,32
706.729,load,89,35.476,1050,32
706.779,load,89,35.476,1050,32
706.83,load,89,35.476,1050,32
706.88,load,89,35.476,1050,32
706.93,load,89,35.476,1050,32
706.981,load,89,35.476,1050,32
707.031,load,89,35.476,1050,32
707.082,load,89,35.476,1050,32
707.132,load,89,35.476,1050,32
707.183,load,87,32.384,1237,32
707.233,load,87,32.384,1237,32
707.284,load,87,32.384,1237,32
707.334,load,87,32.384,1237,32
707.385,load,87,32.384,1237,32
707.435,load,87,32.384,1237,32
707.486,load,87,32.384,1237,32
707.536,load,87,32.384,1237,32
707.587,load,87,32.384,1237,32
707.637,load,87,32.384,1237,32
707.687,load,89,33.808,1230,32
707.738,load,89,33.808,1230,32
707.788,load,89,33.808,1230,32
707.838,load,89,33.808,1230,32
707.889,load,89,33.808,1230,32
707.939,load,89,33.808,1230,32
707.989,load,89,33.808,1230,32
708.04,load,89,33.808,1230,32
708.091,load,89,33.808,1230,32
708.141,load,87,32.846,1237,32
708.191,load,87,32.846,1237,32
708.242,load,87,32.846,1237,32
708.292,load,87,32.846,1237,32
708.342,load,87,32.846,1237,32
708.393,load,87,32.846,1237,32
708.443,load,87,32.846,1237,32
708.494,load,87,32.846,1237,32
708.545,load,87,32.846,1237,32
708.595,load,87,32.846,1237,32
708.645,load,89,35.48,1237,32
708.696,load,89,35.48,1237,32
708.746,load,89,35.48,1237,32
708.797,load,89,35.48,1237,32
708.847,load,89,35.48,1237,32
708.898,load,89,35.48,1237,32
708.951,load,89,35.48,1237,32
709.014,load,89,35.48,1237,32
709.081,load,89,35.48,1237,32
709.131,load,89,35.48,1237,32
709.182,load,87,32.709,1237,32
709.232,load,87,32.709,1237,32
709.285,load,87,32.709,1237,32
709.336,load,87,32.709,1237,32
709.386,load,87,32.709,1237,32
709.437,load,87,32.709,1237,32
709.488,load,87,32.709,1237,32
709.538,load,87,32.709,1237,32
709.588,load,87,32.709,1237,32
709.639,load,87,32.709,1237,32
709.689,load,88,31.883,1237,32
709.74,load,88,31.883,1237,32
709.79,load,88,31.883,1237,32
709.841,load,88,31.883,1237,32
709.891,load,88,31.883,1237,32
709.942,load,88,31.883,1237,32
709.992,load,88,31.883,1237,32
710.043,load,88,31.883,1237,32
710.093,load,88,31.883,1237,32
710.143,load,89,32.963,1237,32
710.194,load,89,32.963,1237,32
710.244,load,89,32.963,1237,32
710.295,load,89,32.963,1237,32
710.345,load,89,32.963,1237,32
710.396,load,89,32.963,1237,32
710.446,load,89,32.963,1237,32
710.496,load,89,32.963,1237,32
710.547,load,89,32.963,1237,32
710.597,load,89,32.963,1237,32
710.648,load,89,35.703,1237,32
710.698,load,89,35.703,1237,32
710.748,load,89,35.703,1237,32
710.799,load,89,35.703,1237,32
710.849,load,89,35.703,1237,32
710.9,load,89,35.703,1237,32
710.95,load,89,35.703,1237,32
711.001,load,89,35.703,1237,32
711.051,load,89,35.703,1237,32
711.102,load,89,35.703,1237,32
711.152,load,88,33.664,1237,32
711.203,load,88,33.664,1237,32
711.253,load,88,33.664,1237,32
711.303,load,88,33.664,1237,32
711.354,load,88,33.664,1237,32
711.404,load,88,33.664,1237,32
711.455,load,88,33.664,1237,32
711.505,load,88,33.664,1237,32
711.555,load,88,33.664,1237,32
711.606,load,88,33.664,1237,32
711.656,load,89,34.869,1237,32
711.707,load,89,34.869,1237,32
711.757,load,89,34.869,1237,32
711.808,load,89,34.869,1237,32
711.858,load,89,34.869,1237,32
711.908,load,89,34.869,1237,32
711.959,load,89,34.869,1237,32
712.009,load,89,34.869,1237,32
712.06,load,89,34.869,1237,32
712.11,load,89,34.869,1237,32
712.16,load,88,32.993,1237,32
712.211,load,88,32.993,1237,32
712.261,load,88,32.993,1237,32
712.312,load,88,32.993,1237,32
712.362,load,88,32.993,1237,32
712.413,load,88,32.993,1237,32
712.463,load,88,32.993,1237,32
712.513,load,88,32.993,1237,32
712.564,load,88,32.993,1237,32
712.614,load,88,32.993,1237,32
712.665,load,89,34.831,1237,32
712.715,load,89,34.831,1237,32
712.766,load,89,34.831,1237,32
712.816,load,89,34.831,1237,32
712.867,load,89,34.831,1237,32
712.917,load,89,34.831,1237,32
712.968,load,89,34.831,1237,32
713.018,load,89,34.831,1237,32
713.068,load,89,34.831,1237,32
713.119,load,89,34.831,1237,32
713.17,load,87,33.15,1237,32
713.22,load,87,33.15,1237,32
713.27,load,87,33.15,1237,32
713.321,load,87,33.15,1237,32
713.371,load,87,33.15,1237,32
713.421,load,87,33.15,1237,32
713.471,load,87,33.15,1237,32
713.521,load,87,33.15,1237,32
713.572,load,87,33.15,1237,32
713.622,load,87,33.15,1237,32
713.673,load,89,35.622,1237,32
713.723,load,89,35.622,1237,32
713.773,load,89,35.622,1237,32
713.824,load,89,35.622,1237,32
713.874,load,89,35.622,1237,32
713.924,load,89,35.622,1237,32
713.975,load,89,35.622,1237,32
714.025,load,89,35.622,1237,32
714.076,load,89,35.622,1237,32
714.126,load,89,35.622,1237,32
714.176,load,87,33.022,1237,32
714.227,load,87,33.022,1237,32
714.277,load,87,33.022,1237,32
714.328,load,87,33.022,1237,32
714.378,load,87,33.022,1237,32
714.428,load,87,33.022,1237,32
714.478,load,87,33.022,1237,32
714.529,load,87,33.022,1237,32
714.579,load,87,33.022,1237,32
714.63,load,87,33.022,1237,32
714.68,load,89,35.318,1050,32
714.731,load,89,35.318,1050,32
714.781,load,89,35.318,1050,32
714.832,load,89,35.318,1050,32
714.882,load,89,35.318,1050,32
714.932,load,89,35.318,1050,32
714.983,load,89,35.318,1050,32
715.033,load,89,35.318,1050,32
715.084,load,89,35.318,1050,32
715.134,load,89,35.318,1050,32
715.185,load,87,32.401,1237,32
715.235,load,87,32.401,1237,32
715.285,load,87,32.401,1237,32
715.336,load,87,32.401,1237,32
715.386,load,87,32.401,1237,32
715.437,load,87,32.401,1237,32
715.487,load,87,32.401,1237,32
715.538,load,87,32.401,1237,32
715.588,load,87,32.401,1237,32
715.639,load,87,32.401,1237,32
715.689,load,89,34.284,1237,32
715.74,load,89,34.284,1237,32
715.79,load,89,34.284,1237,32
715.841,load,89,34.284,1237,32
715.891,load,89,34.284,1237,32
715.942,load,89,34.284,1237,32
715.992,load,89,34.284,1237,32
716.043,load,89,34.284,1237,32
716.094,load,89,34.284,1237,32
716.144,load,87,33.457,1230,32
716.195,load,87,33.457,1230,32
716.245,load,87,33.457,1230,32
716.296,load,87,33.457,1230,32
716.346,load,87,33.457,1230,32
716.396,load,87,33.457,1230,32
716.446,load,87,33.457,1230,32
716.497,load,87,33.457,1230,32
716.547,load,87,33.457,1230,32
716.598,load,87,33.457,1230,32
716.648,load,89,35.394,1012,32
716.698,load,89,35.394,1012,32
716.749,load,89,35.394,1012,32
716.8,load,89,35.394,1012,32
716.85,load,89,35.394,1012,32
716.901,load,89,35.394,1012,32
716.951,load,89,35.394,1012,32
717.001,load,89,35.394,1012,32
717.052,load,89,35.394,1012,32
717.102,load,89,35.394,1012,32
717.153,load,86,32.92,1230,32
717.203,load,86,32.92,1230,32
717.253,load,86,32.92,1230,32
717.304,load,86,32.92,1230,32
717.354,load,86,32.92,1230,32
717.405,load,86,32.92,1230,32
717.455,load,86,32.92,1230,32
717.506,load,86,32.92,1230,32
717.556,load,86,32.92,1230,32
717.607,load,86,32.92,1230,32
717.657,load,89,34.459,1237,32
717.708,load,89,34.459,1237,32
717.758,load,89,34.459,1237,32
717.809,load,89,34.459,1237,32
717.859,load,89,34.459,1237,32
717.91,load,89,34.459,1237,32
717.96,load,89,34.459,1237,32
718.01,load,89,34.459,1237,32
718.061,load,89,34.459,1237,32
718.112,load,89,34.459,1237,32
718.162,load,87,33.476,1237,32
718.213,load,87,33.476,1237,32
718.263,load,87,33.476,1237,32
718.313,load,87,33.476,1237,32
718.364,load,87,33.476,1237,32
718.414,load,87,33.476,1237,32
718.464,load,87,33.476,1237,32
718.514,load,87,33.476,1237,32
718.565,load,87,33.476,1237,32
718.616,load,87,33.476,1237,32
718.666,load,89,33.835,1237,32
718.716,load,89,33.835,1237,32
718.767,load,89,33.835,1237,32
718.817,load,89,33.835,1237,32
718.867,load,89,33.835,1237,32
718.918,load,89,33.835,1237,32
718.969,load,89,33.835,1237,32
719.019,load,89,33.835,1237,32
719.069,load,89,33.835,1237,32
719.12,load,89,33.835,1237,32
719.17,load,88,32.649,1237,32
719.221,load,88,32.649,1237,32
719.271,load,88,32.649,1237,32
719.322,load,88,32.649,1237,32
719.372,load,88,32.649,1237,32
719.423,load,88,32.649,1237,32
719.473,load,88,32.649,1237,32
719.523,load,88,32.649,1237,32
719.574,load,88,32.649,1237,32
719.624,load,88,32.649,1237,32
719.674,load,89,34.214,1237,32
719.725,load,89,34.214,1237,32
719.776,load,89,34.214,1237,32
719.826,load,89,34.214,1237,32
719.877,load,89,34.214,1237,32
719.927,load,89,34.214,1237,32
719.978,load,89,34.214,1237,32
720.028,load,89,34.214,1237,32
720.078,load,89,34.214,1237,32
720.129,load,89,34.214,1237,32
720.18,load,88,33.31,1170,32
720.23,load,88,33.31,1170,32
720.281,load,88,33.31,1170,32
720.331,load,88,33.31,1170,32
720.382,load,88,33.31,1170,32
720.432,load,88,33.31,1170,32
720.483,load,88,33.31,1170,32
720.533,load,88,33.31,1170,32
720.584,load,88,33.31,1170,32
720.634,load,88,33.31,1170,32
720.685,load,89,35.56,1237,32
720.735,load,89,35.56,1237,32
720.785,load,89,35.56,1237,32
720.836,load,89,35.56,1237,32
720.886,load,89,35.56,1237,32
720.937,load,89,35.56,1237,32
720.987,load,89,35.56,1237,32
721.038,load,89,35.56,1237,32
721.088,load,89,35.56,1237,32
721.138,load,89,35.56,1237,32
721.189,load,87,32.556,1237,32
721.24,load,87,32.556,1237,32
721.29,load,87,32.556,1237,32
721.341,load,87,32.556,1237,32
721.391,load,87,32.556,1237,32
721.442,load,87,32.556,1237,32
721.492,load,87,32.556,1237,32
721.542,load,87,32.556,1237,32
721.593,load,87,32.556,1237,32
721.643,load,89,35.169,1222,32
721.694,load,89,35.169,1222,32
721.744,load,89,35.169,1222,32
721.795,load,89,35.169,1222,32
721.845,load,89,35.169,1222,32
721.896,load,89,35.169,1222,32
721.946,load,89,35.169,1222,32
721.996,load,89,35.169,1222,32
722.047,load,89,35.169,1222,32
722.098,load,89,35.169,1222,32
722.148,load,87,32.724,1237,32
722.199,load,87,32.724,1237,32
722.249,load,87,32.724,1237,32
722.3,load,87,32.724,1237,32
722.35,load,87,32.724,1237,32
722.401,load,87,32.724,1237,32
722.451,load,87,32.724,1237,32
722.502,load,87,32.724,1237,32
722.552,load,87,32.724,1237,32
722.602,load,87,32.724,1237,32
722.653,load,89,34.716,1222,32
722.703,load,89,34.716,1222,32
722.754,load,89,34.716,1222,32
722.804,load,89,34.716,1222,32
722.854,load,89,34.716,1222,32
722.905,load,89,34.716,1222,32
722.955,load,89,34.716,1222,32
723.006,load,89,34.716,1222,32
723.056,load,89,34.716,1222,32
723.107,load,89,34.716,1222,32
723.157,load,87,32.941,1042,32
723.208,load,87,32.941,1042,32
723.258,load,87,32.941,1042,32
723.309,load,87,32.941,1042,32
723.359,load,87,32.941,1042,32
723.409,load,87,32.941,1042,32
723.46,load,87,32.941,1042,32
723.51,load,87,32.941,1042,32
723.56,load,87,32.941,1042,32
723.611,load,87,32.941,1042,32
723.661,load,89,34.623,1215,32
723.711,load,89,34.623,1215,32
723.762,load,89,34.623,1215,32
723.812,load,89,34.623,1215,32
723.863,load,89,34.623,1215,32
723.913,load,89,34.623,1215,32
723.964,load,89,34.623,1215,32
724.014,load,89,34.623,1215,32
724.064,load,89,34.623,1215,32
724.115,load,89,34.623,1215,32
724.165,load,87,33.631,1222,32
724.216,load,87,33.631,1222,32
724.266,load,87,33.631,1222,32
724.317,load,87,33.631,1222,32
724.367,load,87,33.631,1222,32
724.418,load,87,33.631,1222,32
724.468,load,87,33.631,1222,32
724.518,load,87,33.631,1222,32
724.569,load,87,33.631,1222,32
724.62,load,87,33.631,1222,32
724.67,load,89,35.106,1222,32
724.72,load,89,35.106,1222,32
724.771,load,89,35.106,1222,32
724.821,load,89,35.106,1222,32
724.872,load,89,35.106,1222,32
724.922,load,89,35.106,1222,32
724.972,load,89,35.106,1222,32
725.023,load,89,35.106,1222,32
725.073,load,89,35.106,1222,32
725.124,load,89,35.106,1222,32
725.174,load,88,34.766,1222,32
725.225,load,88,34.766,1222,32
725.275,load,88,34.766,1222,32
725.325,load,88,34.766,1222,32
725.376,load,88,34.766,1222,32
725.426,load,88,34.766,1222,32
725.477,load,88,34.766,1222,32
725.527,load,88,34.766,1222,32
725.578,load,88,34.766,1222,32
725.628,load,88,34.766,1222,32
725.678,load,89,35.516,1185,32
725.729,load,89,35.516,1185,32
725.779,load,89,35.516,1185,32
725.83,load,89,35.516,1185,32
725.88,load,89,35.516,1185,32
725.931,load,89,35.516,1185,32
725.981,load,89,35.516,1185,32
726.031,load,89,35.516,1185,32
726.082,load,89,35.516,1185,32
726.132,load,89,35.516,1185,32
726.183,load,87,34.461,1215,32
726.233,load,87,34.461,1215,32
726.283,load,87,34.461,1215,32
726.334,load,87,34.461,1215,32
726.384,load,87,34.461,1215,32
726.435,load,87,34.461,1215,32
726.485,load,87,34.461,1215,32
726.535,load,87,34.461,1215,32
726.586,load,87,34.461,1215,32
726.636,load,87,34.461,1215,32
726.687,load,89,34.53,1207,32
726.737,load,89,34.53,1207,32
726.788,load,89,34.53,1207,32
726.839,load,89,34.53,1207,32
726.889,load,89,34.53,1207,32
726.939,load,89,34.53,1207,32
726.99,load,89,34.53,1207,32
727.04,load,89,34.53,1207,32
727.09,load,89,34.53,1207,32
727.141,load,89,34.53,1207,32
727.191,load,88,35.298,1237,32
727.242,load,88,35.298,1237,32
727.292,load,88,35.298,1237,32
727.343,load,88,35.298,1237,32
727.393,load,88,35.298,1237,32
727.444,load,88,35.298,1237,32
727.494,load,88,35.298,1237,32
727.544,load,88,35.298,1237,32
727.595,load,88,35.298,1237,32
727.645,load,89,35.713,1087,32
727.696,load,89,35.713,1087,32
727.747,load,89,35.713,1087,32
727.797,load,89,35.713,1087,32
727.847,load,89,35.713,1087,32
727.898,load,89,35.713,1087,32
727.948,load,89,35.713,1087,32
727.999,load,89,35.713,1087,32
728.05,load,89,35.713,1087,32
728.1,load,89,35.713,1087,32
728.15,load,88,35.006,1237,32
728.201,load,88,35.006,1237,32
728.251,load,88,35.006,1237,32
728.302,load,88,35.006,1237,32
728.352,load,88,35.006,1237,32
728.403,load,88,35.006,1237,32
728.453,load,88,35.006,1237,32
728.503,load,88,35.006,1237,32
728.554,load,88,35.006,1237,32
728.604,load,88,35.006,1237,32
728.655,load,89,34.232,1042,32
728.705,load,89,34.232,1042,32
728.755,load,89,34.232,1042,32
728.806,load,89,34.232,1042,32
728.856,load,89,34.232,1042,32
728.907,load,89,34.232,1042,32
728.957,load,89,34.232,1042,32
729.007,load,89,34.232,1042,32
729.058,load,89,34.232,1042,32
729.109,load,89,34.232,1042,32
729.159,load,88,34.944,1222,32
729.21,load,88,34.944,1222,32
729.26,load,88,34.944,1222,32
729.31,load,88,34.944,1222,32
729.361,load,88,34.944,1222,32
729.411,load,88,34.944,1222,32
729.461,load,88,34.944,1222,32
729.512,load,88,34.944,1222,32
729.562,load,88,34.944,1222,32
729.613,load,88,34.944,1222,32
729.663,load,89,34.822,1222,32
729.713,load,89,34.822,1222,32
729.764,load,89,34.822,1222,32
729.815,load,89,34.822,1222,32
729.865,load,89,34.822,1222,32
729.916,load,89,34.822,1222,32
729.966,load,89,34.822,1222,32
730.017,load,89,34.822,1222,32
730.067,load,89,34.822,1222,32
730.118,load,89,34.822,1222,32
730.168,load,87,34.249,1110,32
730.219,load,87,34.249,1110,32
730.269,load,87,34.249,1110,32
730.319,load,87,34.249,1110,32
730.37,load,87,34.249,1110,32
730.42,load,87,34.249,1110,32
730.471,load,87,34.249,1110,32
730.521,load,87,34.249,1110,32
730.572,load,87,34.249,1110,32
730.622,load,87,34.249,1110,32
730.673,load,89,33.838,1222,32
730.723,load,89,33.838,1222,32
730.774,load,89,33.838,1222,32
730.824,load,89,33.838,1222,32
730.875,load,89,33.838,1222,32
730.926,load,89,33.838,1222,32
730.976,load,89,33.838,1222,32
731.027,load,89,33.838,1222,32
731.077,load,89,33.838,1222,32
731.127,load,89,33.838,1222,32
731.178,load,88,34.01,1237,32
731.228,load,88,34.01,1237,32
731.278,load,88,34.01,1237,32
731.329,load,88,34.01,1237,32
731.379,load,88,34.01,1237,32
731.43,load,88,34.01,1237,32
731.48,load,88,34.01,1237,32
731.531,load,88,34.01,1237,32
731.581,load,88,34.01,1237,32
731.632,load,88,34.01,1237,32
731.682,load,89,35.15,1087,32
731.732,load,89,35.15,1087,32
731.783,load,89,35.15,1087,32
731.833,load,89,35.15,1087,32
731.883,load,89,35.15,1087,32
731.934,load,89,35.15,1087,32
731.984,load,89,35.15,1087,32
732.034,load,89,35.15,1087,32
732.085,load,89,35.15,1087,32
732.135,load,89,35.15,1087,32
732.186,load,88,35.284,1237,32
732.236,load,88,35.284,1237,32
732.287,load,88,35.284,1237,32
732.337,load,88,35.284,1237,32
732.388,load,88,35.284,1237,32
732.438,load,88,35.284,1237,32
732.489,load,88,35.284,1237,32
732.539,load,88,35.284,1237,32
732.589,load,88,35.284,1237,32
732.64,load,88,35.284,1237,32
732.69,load,89,34.622,1072,32
732.74,load,89,34.622,1072,32
732.791,load,89,34.622,1072,32
732.841,load,89,34.622,1072,32
732.892,load,89,34.622,1072,32
732.942,load,89,34.622,1072,32
732.993,load,89,34.622,1072,32
733.043,load,89,34.622,1072,32
733.093,load,89,34.622,1072,32
733.143,load,88,35.593,1237,32
733.194,load,88,35.593,1237,32
733.245,load,88,35.593,1237,32
733.295,load,88,35.593,1237,32
733.346,load,88,35.593,1237,32
733.396,load,88,35.593,1237,32
733.447,load,88,35.593,1237,32
733.497,load,88,35.593,1237,32
733.547,load,88,35.593,1237,32
733.598,load,88,35.593,1237,32
733.648,load,89,35.145,1042,32
733.698,load,89,35.145,1042,32
733.749,load,89,35.145,1042,32
733.799,load,89,35.145,1042,32
733.85,load,89,35.145,1042,32
733.9,load,89,35.145,1042,32
733.951,load,89,35.145,1042,32
734.001,load,89,35.145,1042,32
734.051,load,89,35.145,1042,32
734.102,load,89,35.145,1042,32
734.153,load,89,35.477,1230,32
734.203,load,89,35.477,1230,32
734.253,load,89,35.477,1230,32
734.304,load,89,35.477,1230,32
734.354,load,89,35.477,1230,32
734.405,load,89,35.477,1230,32
734.455,load,89,35.477,1230,32
734.505,load,89,35.477,1230,32
734.556,load,89,35.477,1230,32
734.607,load,89,35.477,1230,32
734.657,load,89,34.951,1035,32
734.707,load,89,34.951,1035,32
734.758,load,89,34.951,1035,32
734.808,load,89,34.951,1035,32
734.858,load,89,34.951,1035,32
734.909,load,89,34.951,1035,32
734.959,load,89,34.951,1035,32
735.01,load,89,34.951,1035,32
735.06,load,89,34.951,1035,32
735.111,load,89,34.951,1035,32
735.161,load,89,34.817,1222,32
735.211,load,89,34.817,1222,32
735.262,load,89,34.817,1222,32
735.312,load,89,34.817,1222,32
735.362,load,89,34.817,1222,32
735.413,load,89,34.817,1222,32
735.463,load,89,34.817,1222,32
735.513,load,89,34.817,1222,32
735.564,load,89,34.817,1222,32
735.614,load,89,34.817,1222,32
735.664,load,88,33.519,1042,32
735.715,load,88,33.519,1042,32
735.765,load,88,33.519,1042,32
735.816,load,88,33.519,1042,32
735.867,load,88,33.519,1042,32
735.917,load,88,33.519,1042,32
735.967,load,88,33.519,1042,32
736.018,load,88,33.519,1042,32
736.068,load,88,33.519,1042,32
736.119,load,88,33.519,1042,32
736.169,load,88,33.996,1230,32
736.219,load,88,33.996,1230,32
736.27,load,88,33.996,1230,32
736.32,load,88,33.996,1230,32
736.37,load,88,33.996,1230,32
736.421,load,88,33.996,1230,32
736.472,load,88,33.996,1230,32
736.522,load,88,33.996,1230,32
736.572,load,88,33.996,1230,32
736.623,load,88,33.996,1230,32
736.673,load,89,34.666,1050,32
736.724,load,89,34.666,1050,32
736.774,load,89,34.666,1050,32
736.825,load,89,34.666,1050,32
736.875,load,89,34.666,1050,32
736.926,load,89,34.666,1050,32
736.976,load,89,34.666,1050,32
737.026,load,89,34.666,1050,32
737.077,load,89,34.666,1050,32
737.127,load,89,34.666,1050,32
737.178,load,89,35.709,1237,32
737.228,load,89,35.709,1237,32
737.279,load,89,35.709,1237,32
737.329,load,89,35.709,1237,32
737.379,load,89,35.709,1237,32
737.429,load,89,35.709,1237,32
737.48,load,89,35.709,1237,32
737.53,load,89,35.709,1237,32
737.581,load,89,35.709,1237,32
737.631,load,89,35.709,1237,32
737.682,load,88,34.303,1237,32
737.732,load,88,34.303,1237,32
737.782,load,88,34.303,1237,32
737.833,load,88,34.303,1237,32
737.884,load,88,34.303,1237,32
737.934,load,88,34.303,1237,32
737.984,load,88,34.303,1237,32
738.035,load,88,34.303,1237,32
738.085,load,88,34.303,1237,32
738.135,load,88,34.303,1237,32
738.186,load,89,34.903,1222,32
738.236,load,89,34.903,1222,32
738.287,load,89,34.903,1222,32
738.337,load,89,34.903,1222,32
738.387,load,89,34.903,1222,32
738.438,load,89,34.903,1222,32
738.488,load,89,34.903,1222,32
738.539,load,89,34.903,1222,32
738.589,load,89,34.903,1222,32
738.64,load,89,34.903,1222,32
738.69,load,88,33.781,1237,32
738.74,load,88,33.781,1237,32
738.791,load,88,33.781,1237,32
738.841,load,88,33.781,1237,32
738.892,load,88,33.781,1237,32
738.942,load,88,33.781,1237,32
738.993,load,88,33.781,1237,32
739.043,load,88,33.781,1237,32
739.094,load,88,33.781,1237,32
739.145,load,89,34.564,1237,32
739.195,load,89,34.564,1237,32
739.246,load,89,34.564,1237,32
739.296,load,89,34.564,1237,32
739.347,load,89,34.564,1237,32
739.397,load,89,34.564,1237,32
739.447,load,89,34.564,1237,32
739.498,load,89,34.564,1237,32
739.549,load,89,34.564,1237,32
739.599,load,89,34.564,1237,32
739.649,load,88,33.668,1237,32
739.7,load,88,33.668,1237,32
739.75,load,88,33.668,1237,32
739.801,load,88,33.668,1237,32
739.851,load,88,33.668,1237,32
739.901,load,88,33.668,1237,32
739.952,load,88,33.668,1237,32
740.002,load,88,33.668,1237,32
740.053,load,88,33.668,1237,32
740.103,load,88,33.668,1237,32
740.154,load,89,34.486,1222,32
740.204,load,89,34.486,1222,32
740.254,load,89,34.486,1222,32
740.305,load,89,34.486,1222,32
740.356,load,89,34.486,1222,32
740.406,load,89,34.486,1222,32
740.457,load,89,34.486,1222,32
740.507,load,89,34.486,1222,32
740.558,load,89,34.486,1222,32
740.608,load,89,34.486,1222,32
740.659,load,89,33.97,1237,32
740.709,load,89,33.97,1237,32
740.76,load,89,33.97,1237,32
740.81,load,89,33.97,1237,32
740.861,load,89,33.97,1237,32
740.911,load,89,33.97,1237,32
740.962,load,89,33.97,1237,32
741.012,load,89,33.97,1237,32
741.063,load,89,33.97,1237,32
741.113,load,89,33.97,1237,32
741.164,load,89,36.174,1237,32
741.214,load,89,36.174,1237,32
741.264,load,89,36.174,1237,32
741.315,load,89,36.174,1237,32
741.366,load,89,36.174,1237,32
741.416,load,89,36.174,1237,32
741.466,load,89,36.174,1237,32
741.517,load,89,36.174,1237,32
741.567,load,89,36.174,1237,32
741.618,load,89,36.174,1237,32
741.668,load,88,33.471,1237,32
741.718,load,88,33.471,1237,32
741.769,load,88,33.471,1237,32
741.82,load,88,33.471,1237,32
741.87,load,88,33.471,1237,32
741.921,load,88,33.471,1237,32
741.971,load,88,33.471,1237,32
742.021,load,88,33.471,1237,32
742.072,load,88,33.471,1237,32
742.122,load,88,33.471,1237,32
742.173,load,89,34.945,1230,32
742.223,load,89,34.945,1230,32
742.274,load,89,34.945,1230,32
742.324,load,89,34.945,1230,32
742.375,load,89,34.945,1230,32
742.426,load,89,34.945,1230,32
742.476,load,89,34.945,1230,32
742.526,load,89,34.945,1230,32
742.576,load,89,34.945,1230,32
742.627,load,89,34.945,1230,32
742.677,load,88,32.976,1237,32
742.727,load,88,32.976,1237,32
742.778,load,88,32.976,1237,32
742.828,load,88,32.976,1237,32
742.879,load,88,32.976,1237,32
742.929,load,88,32.976,1237,32
742.98,load,88,32.976,1237,32
743.03,load,88,32.976,1237,32
743.08,load,88,32.976,1237,32
743.131,load,88,32.976,1237,32
743.181,load,89,34.894,1237,32
743.232,load,89,34.894,1237,32
743.282,load,89,34.894,1237,32
743.333,load,89,34.894,1237,32
743.383,load,89,34.894,1237,32
743.434,load,89,34.894,1237,32
743.484,load,89,34.894,1237,32
743.534,load,89,34.894,1237,32
743.585,load,89,34.894,1237,32
743.636,load,89,34.894,1237,32
743.686,load,87,32.6,1237,32
743.737,load,87,32.6,1237,32
743.787,load,87,32.6,1237,32
743.838,load,87,32.6,1237,32
743.888,load,87,32.6,1237,32
743.939,load,87,32.6,1237,32
743.99,load,87,32.6,1237,32
744.04,load,87,32.6,1237,32
744.091,load,87,32.6,1237,32
744.141,load,87,32.6,1237,32
744.192,load,89,34.333,1207,32
744.242,load,89,34.333,1207,32
744.292,load,89,34.333,1207,32
744.343,load,89,34.333,1207,32
744.393,load,89,34.333,1207,32
744.443,load,89,34.333,1207,32
744.494,load,89,34.333,1207,32
744.544,load,89,34.333,1207,32
744.594,load,89,34.333,1207,32
744.645,load,87,32.675,1237,32
744.695,load,87,32.675,1237,32
744.745,load,87,32.675,1237,32
744.796,load,87,32.675,1237,32
744.846,load,87,32.675,1237,32
744.896,load,87,32.675,1237,32
744.947,load,87,32.675,1237,32
744.997,load,87,32.675,1237,32
745.047,load,87,32.675,1237,32
745.098,load,87,32.675,1237,32
745.148,load,89,35.55,1057,32
745.199,load,89,35.55,1057,32
745.249,load,89,35.55,1057,32
745.299,load,89,35.55,1057,32
745.35,load,89,35.55,1057,32
745.4,load,89,35.55,1057,32
745.45,load,89,35.55,1057,32
745.501,load,89,35.55,1057,32
745.551,load,89,35.55,1057,32
745.602,load,89,35.55,1057,32
745.652,load,87,32.554,1237,32
745.702,load,87,32.554,1237,32
745.753,load,87,32.554,1237,32
745.803,load,87,32.554,1237,32
745.853,load,87,32.554,1237,32
745.904,load,87,32.554,1237,32
745.954,load,87,32.554,1237,32
746.005,load,87,32.554,1237,32
746.055,load,87,32.554,1237,32
746.105,load,87,32.554,1237,32
746.156,load,89,34.948,1065,32
746.207,load,89,34.948,1065,32
746.257,load,89,34.948,1065,32
746.308,load,89,34.948,1065,32
746.358,load,89,34.948,1065,32
746.408,load,89,34.948,1065,32
746.459,load,89,34.948,1065,32
746.51,load,89,34.948,1065,32
746.56,load,89,34.948,1065,32
746.61,load,89,34.948,1065,32
746.661,load,87,33.287,1237,32
746.711,load,87,33.287,1237,32
746.761,load,87,33.287,1237,32
746.812,load,87,33.287,1237,32
746.862,load,87,33.287,1237,32
746.913,load,87,33.287,1237,32
746.963,load,87,33.287,1237,32
747.014,load,87,33.287,1237,32
747.064,load,87,33.287,1237,32
747.115,load,87,33.287,1237,32
747.165,load,89,34.672,1087,32
747.215,load,89,34.672,1087,32
747.266,load,89,34.672,1087,32
747.316,load,89,34.672,1087,32
747.367,load,89,34.672,1087,32
747.418,load,89,34.672,1087,32
747.468,load,89,34.672,1087,32
747.518,load,89,34.672,1087,32
747.569,load,89,34.672,1087,32
747.619,load,89,34.672,1087,32
747.67,load,87,33.077,1237,32
747.72,load,87,33.077,1237,32
747.771,load,87,33.077,1237,32
747.821,load,87,33.077,1237,32
747.871,load,87,33.077,1237,32
747.922,load,87,33.077,1237,32
747.972,load,87,33.077,1237,32
748.023,load,87,33.077,1237,32
748.073,load,87,33.077,1237,32
748.124,load,87,33.077,1237,32
748.174,load,89,34.888,1237,32
748.225,load,89,34.888,1237,32
748.275,load,89,34.888,1237,32
748.325,load,89,34.888,1237,32
748.376,load,89,34.888,1237,32
748.427,load,89,34.888,1237,32
748.477,load,89,34.888,1237,32
748.528,load,89,34.888,1237,32
748.578,load,89,34.888,1237,32
748.628,load,89,34.888,1237,32
748.679,load,87,34.418,1230,32
748.729,load,87,34.418,1230,32
748.78,load,87,34.418,1230,32
748.83,load,87,34.418,1230,32
748.88,load,87,34.418,1230,32
748.931,load,87,34.418,1230,32
748.981,load,87,34.418,1230,32
749.032,load,87,34.418,1230,32
749.082,load,87,34.418,1230,32
749.133,load,87,34.418,1230,32
749.183,load,89,35.315,1222,32
749.233,load,89,35.315,1222,32
749.284,load,89,35.315,1222,32
749.334,load,89,35.315,1222,32
749.385,load,89,35.315,1222,32
749.435,load,89,35.315,1222,32
749.486,load,89,35.315,1222,32
749.536,load,89,35.315,1222,32
749.587,load,89,35.315,1222,32
749.638,load,89,35.315,1222,32
749.688,load,87,33.665,1207,32
749.739,load,87,33.665,1207,32
749.789,load,87,33.665,1207,32
749.84,load,87,33.665,1207,32
749.89,load,87,33.665,1207,32
749.94,load,87,33.665,1207,32
749.991,load,87,33.665,1207,32
750.041,load,87,33.665,1207,32
750.092,load,87,33.665,1207,32
750.142,load,87,33.665,1207,32
750.193,load,89,33.769,1222,32
750.243,load,89,33.769,1222,32
750.294,load,89,33.769,1222,32
750.344,load,89,33.769,1222,32
750.395,load,89,33.769,1222,32
750.445,load,89,33.769,1222,32
750.496,load,89,33.769,1222,32
750.546,load,89,33.769,1222,32
750.597,load,89,33.769,1222,32
750.647,load,88,34.586,1237,32
750.698,load,88,34.586,1237,32
750.748,load,88,34.586,1237,32
750.799,load,88,34.586,1237,32
750.85,load,88,34.586,1237,32
750.9,load,88,34.586,1237,32
750.951,load,88,34.586,1237,32
751.001,load,88,34.586,1237,32
751.051,load,88,34.586,1237,32
751.102,load,88,34.586,1237,32
751.152,load,89,35.829,1065,32
751.203,load,89,35.829,1065,32
751.253,load,89,35.829,1065,32
751.304,load,89,35.829,1065,32
751.354,load,89,35.829,1065,32
751.405,load,89,35.829,1065,32
751.455,load,89,35.829,1065,32
751.506,load,89,35.829,1065,32
751.556,load,89,35.829,1065,32
751.607,load,89,35.829,1065,32
751.657,load,88,34.952,1237,32
751.708,load,88,34.952,1237,32
751.758,load,88,34.952,1237,32
751.808,load,88,34.952,1237,32
751.859,load,88,34.952,1237,32
751.909,load,88,34.952,1237,32
751.959,load,88,34.952,1237,32
752.01,load,88,34.952,1237,32
752.06,load,88,34.952,1237,32
752.11,load,88,34.952,1237,32
752.16,load,89,34.997,1005,32
752.211,load,89,34.997,1005,32
752.262,load,89,34.997,1005,32
752.312,load,89,34.997,1005,32
752.362,load,89,34.997,1005,32
752.412,load,89,34.997,1005,32
752.463,load,89,34.997,1005,32
752.514,load,89,34.997,1005,32
752.564,load,89,34.997,1005,32
752.615,load,89,34.997,1005,32
752.665,load,88,35.1,1222,32
752.716,load,88,35.1,1222,32
752.767,load,88,35.1,1222,32
752.817,load,88,35.1,1222,32
752.867,load,88,35.1,1222,32
752.918,load,88,35.1,1222,32
752.968,load,88,35.1,1222,32
753.018,load,88,35.1,1222,32
753.069,load,88,35.1,1222,32
753.119,load,88,35.1,1222,32
753.17,load,89,34.789,1207,32
753.22,load,89,34.789,1207,32
753.271,load,89,34.789,1207,32
753.321,load,89,34.789,1207,32
753.371,load,89,34.789,1207,32
753.421,load,89,34.789,1207,32
753.472,load,89,34.789,1207,32
753.523,load,89,34.789,1207,32
753.573,load,89,34.789,1207,32
753.624,load,89,34.789,1207,32
753.674,load,89,35.673,1237,32
753.725,load,89,35.673,1237,32
753.775,load,89,35.673,1237,32
753.825,load,89,35.673,1237,32
753.876,load,89,35.673,1237,32
753.926,load,89,35.673,1237,32
753.977,load,89,35.673,1237,32
754.027,load,89,35.673,1237,32
754.078,load,89,35.673,1237,32
754.128,load,89,35.673,1237,32
754.179,load,88,35.253,1042,32
754.229,load,88,35.253,1042,32
754.28,load,88,35.253,1042,32
754.33,load,88,35.253,1042,32
754.381,load,88,35.253,1042,32
754.431,load,88,35.253,1042,32
754.481,load,88,35.253,1042,32
754.532,load,88,35.253,1042,32
754.582,load,88,35.253,1042,32
754.633,load,88,35.253,1042,32
754.683,load,89,34.38,1237,32
754.734,load,89,34.38,1237,32
754.784,load,89,34.38,1237,32
754.835,load,89,34.38,1237,32
754.885,load,89,34.38,1237,32
754.935,load,89,34.38,1237,32
754.985,load,89,34.38,1237,32
755.036,load,89,34.38,1237,32
755.086,load,89,34.38,1237,32
755.136,load,89,34.38,1237,32
755.187,load,88,34.153,1057,32
755.237,load,88,34.153,1057,32
755.287,load,88,34.153,1057,32
755.337,load,88,34.153,1057,32
755.389,load,88,34.153,1057,32
755.439,load,88,34.153,1057,32
755.49,load,88,34.153,1057,32
755.54,load,88,34.153,1057,32
755.59,load,88,34.153,1057,32
755.64,load,88,34.153,1057,32
755.691,load,88,34.016,1237,32
755.741,load,88,34.016,1237,32
755.792,load,88,34.016,1237,32
755.842,load,88,34.016,1237,32
755.892,load,88,34.016,1237,32
755.943,load,88,34.016,1237,32
755.993,load,88,34.016,1237,32
756.044,load,88,34.016,1237,32
756.094,load,88,34.016,1237,32
756.145,load,88,34.016,1237,32
756.195,load,89,34.331,1237,32
756.246,load,89,34.331,1237,32
756.296,load,89,34.331,1237,32
756.346,load,89,34.331,1237,32
756.397,load,89,34.331,1237,32
756.447,load,89,34.331,1237,32
756.498,load,89,34.331,1237,32
756.548,load,89,34.331,1237,32
756.599,load,89,34.331,1237,32
756.649,load,88,34.714,1237,32
756.7,load,88,34.714,1237,32
756.75,load,88,34.714,1237,32
756.801,load,88,34.714,1237,32
756.851,load,88,34.714,1237,32
756.901,load,88,34.714,1237,32
756.952,load,88,34.714,1237,32
757.002,load,88,34.714,1237,32
757.053,load,88,34.714,1237,32
757.103,load,88,34.714,1237,32
757.153,load,88,33.978,1042,32
757.203,load,88,33.978,1042,32
757.254,load,88,33.978,1042,32
757.304,load,88,33.978,1042,32
757.355,load,88,33.978,1042,32
757.405,load,88,33.978,1042,32
757.455,load,88,33.978,1042,32
757.506,load,88,33.978,1042,32
757.556,load,88,33.978,1042,32
757.607,load,88,33.978,1042,32
757.657,load,88,33.44,1237,32
757.708,load,88,33.44,1237,32
757.758,load,88,33.44,1237,32
757.808,load,88,33.44,1237,32
757.859,load,88,33.44,1237,32
757.909,load,88,33.44,1237,32
757.96,load,88,33.44,1237,32
758.01,load,88,33.44,1237,32
758.061,load,88,33.44,1237,32
758.111,load,88,33.44,1237,32
758.162,load,89,33.718,1237,32
758.212,load,89,33.718,1237,32
758.263,load,89,33.718,1237,32
758.313,load,89,33.718,1237,32
758.363,load,89,33.718,1237,32
758.413,load,89,33.718,1237,32
758.464,load,89,33.718,1237,32
758.514,load,89,33.718,1237,32
758.564,load,89,33.718,1237,32
758.615,load,89,33.718,1237,32
758.665,load,88,34.191,1237,32
758.716,load,88,34.191,1237,32
758.767,load,88,34.191,1237,32
758.817,load,88,34.191,1237,32
758.867,load,88,34.191,1237,32
758.918,load,88,34.191,1237,32
758.969,load,88,34.191,1237,32
759.019,load,88,34.191,1237,32
759.07,load,88,34.191,1237,32
759.12,load,88,34.191,1237,32
759.17,load,89,34.672,1237,32
759.221,load,89,34.672,1237,32
759.271,load,89,34.672,1237,32
759.322,load,89,34.672,1237,32
759.372,load,89,34.672,1237,32
759.422,load,89,34.672,1237,32
759.472,load,89,34.672,1237,32
759.523,load,89,34.672,1237,32
759.573,load,89,34.672,1237,32
759.623,load,89,34.672,1237,32
759.674,load,87,33.855,1177,32
759.725,load,87,33.855,1177,32
759.775,load,87,33.855,1177,32
759.826,load,87,33.855,1177,32
759.876,load,87,33.855,1177,32
759.926,load,87,33.855,1177,32
759.977,load,87,33.855,1177,32
760.027,load,87,33.855,1177,32
760.077,load,87,33.855,1177,32
760.128,load,87,33.855,1177,32
760.178,load,89,34.627,1237,32
760.229,load,89,34.627,1237,32
760.279,load,89,34.627,1237,32
760.329,load,89,34.627,1237,32
760.379,load,89,34.627,1237,32
760.43,load,89,34.627,1237,32
760.48,load,89,34.627,1237,32
760.531,load,89,34.627,1237,32
760.581,load,89,34.627,1237,32
760.632,load,89,34.627,1237,32
760.682,load,87,33.587,1065,32
760.733,load,87,33.587,1065,32
760.783,load,87,33.587,1065,32
760.833,load,87,33.587,1065,32
760.884,load,87,33.587,1065,32
760.934,load,87,33.587,1065,32
760.984,load,87,33.587,1065,32
761.035,load,87,33.587,1065,32
761.085,load,87,33.587,1065,32
761.135,load,87,33.587,1065,32
761.186,load,88,34.57,997,32
761.236,load,88,34.57,997,32
761.286,load,88,34.57,997,32
761.337,load,88,34.57,997,32
761.387,load,88,34.57,997,32
761.438,load,88,34.57,997,32
761.488,load,88,34.57,997,32
761.538,load,88,34.57,997,32
761.589,load,88,34.57,997,32
761.639,load,88,34.57,997,32
761.689,load,86,31.982,1237,32
761.74,load,86,31.982,1237,32
761.79,load,86,31.982,1237,32
761.841,load,86,31.982,1237,32
761.891,load,86,31.982,1237,32
761.942,load,86,31.982,1237,32
761.993,load,86,31.982,1237,32
762.043,load,86,31.982,1237,32
762.093,load,86,31.982,1237,32
762.144,load,86,31.982,1237,32
762.194,load,89,31.826,1237,32
762.245,load,89,31.826,1237,32
762.295,load,89,31.826,1237,32
762.346,load,89,31.826,1237,32
762.396,load,89,31.826,1237,32
762.448,load,89,31.826,1237,32
762.504,load,89,31.826,1237,32
762.555,load,89,31.826,1237,32
762.606,load,89,31.826,1237,32
762.656,load,87,33.636,1237,32
762.707,load,87,33.636,1237,32
762.76,load,87,33.636,1237,32
762.816,load,87,33.636,1237,32
762.868,load,87,33.636,1237,32
762.92,load,87,33.636,1237,32
762.971,load,87,33.636,1237,32
763.023,load,87,33.636,1237,32
763.074,load,87,33.636,1237,32
763.125,load,87,33.636,1237,32
763.175,load,85,27.747,1665,32
763.226,load,85,27.747,1665,32
763.277,load,85,27.747,1665,32
763.327,load,85,27.747,1665,32
763.378,load,85,27.747,1665,32
763.428,load,85,27.747,1665,32
763.479,load,85,27.747,1665,32
763.529,load,85,27.747,1665,32
763.581,load,85,27.747,1665,32
763.631,load,85,27.747,1665,32
763.683,load,88,25.39,1237,32
763.738,load,88,25.39,1237,32
763.792,load,88,25.39,1237,32
763.842,load,88,25.39,1237,32
763.893,load,88,25.39,1237,32
763.943,load,88,25.39,1237,32
763.994,load,88,25.39,1237,32
764.045,load,88,25.39,1237,32
764.095,load,88,25.39,1237,32
764.146,load,88,25.39,1237,32
764.197,load,88,32.287,1237,32
764.248,load,88,32.287,1237,32
764.298,load,88,32.287,1237,32
764.349,load,88,32.287,1237,32
764.399,load,88,32.287,1237,32
764.45,load,88,32.287,1237,32
764.501,load,88,32.287,1237,32
764.552,load,88,32.287,1237,32
764.602,load,88,32.287,1237,32
764.652,load,86,29.764,1380,32
764.703,load,86,29.764,1380,32
764.758,load,86,29.764,1380,32
764.809,load,86,29.764,1380,32
764.859,load,86,29.764,1380,32
764.91,load,86,29.764,1380,32
764.96,load,86,29.764,1380,32
765.011,load,86,29.764,1380,32
765.062,load,86,29.764,1380,32
765.113,load,86,29.764,1380,32
765.163,load,88,29.76,1237,32
765.213,load,88,29.76,1237,32
765.264,load,88,29.76,1237,32
765.314,load,88,29.76,1237,32
765.364,load,88,29.76,1237,32
765.415,load,88,29.76,1237,32
765.466,load,88,29.76,1237,32
765.516,load,88,29.76,1237,32
765.566,load,88,29.76,1237,32
765.617,load,88,29.76,1237,32
765.668,load,87,33.588,1237,32
765.718,load,87,33.588,1237,32
765.768,load,87,33.588,1237,32
765.819,load,87,33.588,1237,32
765.869,load,87,33.588,1237,32
765.92,load,87,33.588,1237,32
765.97,load,87,33.588,1237,32
766.021,load,87,33.588,1237,32
766.071,load,87,33.588,1237,32
766.122,load,87,33.588,1237,32
766.172,load,89,35.575,1237,32
766.222,load,89,35.575,1237,32
766.272,load,89,35.575,1237,32
766.323,load,89,35.575,1237,32
766.373,load,89,35.575,1237,32
766.424,load,89,35.575,1237,32
766.474,load,89,35.575,1237,32
766.525,load,89,35.575,1237,32
766.575,load,89,35.575,1237,32
766.625,load,89,35.575,1237,32
766.676,load,86,33.414,1237,32
766.726,load,86,33.414,1237,32
766.776,load,86,33.414,1237,32
766.827,load,86,33.414,1237,32
766.877,load,86,33.414,1237,32
766.928,load,86,33.414,1237,32
766.978,load,86,33.414,1237,32
767.028,load,86,33.414,1237,32
767.079,load,86,33.414,1237,32
767.129,load,86,33.414,1237,32
767.179,load,89,35.902,1237,32
767.23,load,89,35.902,1237,32
767.28,load,89,35.902,1237,32
767.33,load,89,35.902,1237,32
767.381,load,89,35.902,1237,32
767.431,load,89,35.902,1237,32
767.482,load,89,35.902,1237,32
767.532,load,89,35.902,1237,32
767.583,load,89,35.902,1237,32
767.633,load,89,35.902,1237,32
767.684,load,87,32.732,1237,32
767.734,load,87,32.732,1237,32
767.784,load,87,32.732,1237,32
767.834,load,87,32.732,1237,32
767.885,load,87,32.732,1237,32
767.935,load,87,32.732,1237,32
767.985,load,87,32.732,1237,32
768.036,load,87,32.732,1237,32
768.086,load,87,32.732,1237,32
768.136,load,87,32.732,1237,32
768.187,load,89,35.213,1237,32
768.238,load,89,35.213,1237,32
768.288,load,89,35.213,1237,32
768.339,load,89,35.213,1237,32
768.389,load,89,35.213,1237,32
768.44,load,89,35.213,1237,32
768.49,load,89,35.213,1237,32
768.541,load,89,35.213,1237,32
768.591,load,89,35.213,1237,32
768.642,load,89,35.213,1237,32
768.692,load,88,33.766,1230,32
768.743,load,88,33.766,1230,32
768.793,load,88,33.766,1230,32
768.844,load,88,33.766,1230,32
768.894,load,88,33.766,1230,32
768.944,load,88,33.766,1230,32
768.994,load,88,33.766,1230,32
769.045,load,88,33.766,1230,32
769.095,load,88,33.766,1230,32
769.145,load,88,33.766,1230,32
769.196,load,89,35.942,1057,32
769.246,load,89,35.942,1057,32
769.297,load,89,35.942,1057,32
769.347,load,89,35.942,1057,32
769.398,load,89,35.942,1057,32
769.448,load,89,35.942,1057,32
769.498,load,89,35.942,1057,32
769.549,load,89,35.942,1057,32
769.6,load,89,35.942,1057,32
769.65,load,88,33.479,1237,32
769.7,load,88,33.479,1237,32
769.751,load,88,33.479,1237,32
769.801,load,88,33.479,1237,32
769.852,load,88,33.479,1237,32
769.902,load,88,33.479,1237,32
769.953,load,88,33.479,1237,32
770.003,load,88,33.479,1237,32
770.054,load,88,33.479,1237,32
770.104,load,88,33.479,1237,32
770.154,load,89,35.109,1065,32
770.205,load,89,35.109,1065,32
770.256,load,89,35.109,1065,32
770.306,load,89,35.109,1065,32
770.357,load,89,35.109,1065,32
770.407,load,89,35.109,1065,32
770.457,load,89,35.109,1065,32
770.507,load,89,35.109,1065,32
770.558,load,89,35.109,1065,32
770.608,load,89,35.109,1065,32
770.659,load,88,34.199,1237,32
770.709,load,88,34.199,1237,32
770.76,load,88,34.199,1237,32
770.81,load,88,34.199,1237,32
770.861,load,88,34.199,1237,32
770.911,load,88,34.199,1237,32
770.962,load,88,34.199,1237,32
771.012,load,88,34.199,1237,32
771.062,load,88,34.199,1237,32
771.113,load,88,34.199,1237,32
771.163,load,89,34.754,1237,32
771.213,load,89,34.754,1237,32
771.264,load,89,34.754,1237,32
771.314,load,89,34.754,1237,32
771.364,load,89,34.754,1237,32
771.415,load,89,34.754,1237,32
771.465,load,89,34.754,1237,32
771.515,load,89,34.754,1237,32
771.566,load,89,34.754,1237,32
771.616,load,89,34.754,1237,32
771.667,load,88,34.601,1237,32
771.717,load,88,34.601,1237,32
771.768,load,88,34.601,1237,32
771.818,load,88,34.601,1237,32
771.869,load,88,34.601,1237,32
771.919,load,88,34.601,1237,32
771.97,load,88,34.601,1237,32
772.02,load,88,34.601,1237,32
772.071,load,88,34.601,1237,32
772.121,load,88,34.601,1237,32
772.171,load,89,35.558,1020,32
772.221,load,89,35.558,1020,32
772.272,load,89,35.558,1020,32
772.322,load,89,35.558,1020,32
772.373,load,89,35.558,1020,32
772.423,load,89,35.558,1020,32
772.474,load,89,35.558,1020,32
772.525,load,89,35.558,1020,32
772.575,load,89,35.558,1020,32
772.625,load,89,35.558,1020,32
772.676,load,87,33.612,1237,32
772.726,load,87,33.612,1237,32
772.777,load,87,33.612,1237,32
772.827,load,87,33.612,1237,32
772.877,load,87,33.612,1237,32
772.928,load,87,33.612,1237,32
772.978,load,87,33.612,1237,32
773.029,load,87,33.612,1237,32
773.079,load,87,33.612,1237,32
773.13,load,87,33.612,1237,32
773.18,load,89,33.972,1222,32
773.231,load,89,33.972,1222,32
773.281,load,89,33.972,1222,32
773.331,load,89,33.972,1222,32
773.382,load,89,33.972,1222,32
773.432,load,89,33.972,1222,32
773.482,load,89,33.972,1222,32
773.532,load,89,33.972,1222,32
773.583,load,89,33.972,1222,32
773.633,load,89,33.972,1222,32
773.684,load,88,34.513,1215,32
773.734,load,88,34.513,1215,32
773.784,load,88,34.513,1215,32
773.835,load,88,34.513,1215,32
773.885,load,88,34.513,1215,32
773.936,load,88,34.513,1215,32
773.986,load,88,34.513,1215,32
774.037,load,88,34.513,1215,32
774.087,load,88,34.513,1215,32
774.138,load,88,34.513,1215,32
774.188,load,89,35.697,1207,32
774.239,load,89,35.697,1207,32
774.289,load,89,35.697,1207,32
774.34,load,89,35.697,1207,32
774.39,load,89,35.697,1207,32
774.44,load,89,35.697,1207,32
774.49,load,89,35.697,1207,32
774.541,load,89,35.697,1207,32
774.591,load,89,35.697,1207,32
774.642,load,89,35.697,1207,32
774.692,load,89,35.579,1237,32
774.743,load,89,35.579,1237,32
774.794,load,89,35.579,1237,32
774.844,load,89,35.579,1237,32
774.895,load,89,35.579,1237,32
774.945,load,89,35.579,1237,32
774.995,load,89,35.579,1237,32
775.046,load,89,35.579,1237,32
775.097,load,89,35.579,1237,32
775.147,load,89,35.579,1237,32
775.197,load,89,36.132,1057,32
775.248,load,89,36.132,1057,32
775.298,load,89,36.132,1057,32
775.348,load,89,36.132,1057,32
775.399,load,89,36.132,1057,32
775.449,load,89,36.132,1057,32
775.5,load,89,36.132,1057,32
775.55,load,89,36.132,1057,32
775.601,load,89,36.132,1057,32
775.651,load,88,35.077,1237,32
775.702,load,88,35.077,1237,32
775.752,load,88,35.077,1237,32
775.802,load,88,35.077,1237,32
775.852,load,88,35.077,1237,32
775.903,load,88,35.077,1237,32
775.953,load,88,35.077,1237,32
776.004,load,88,35.077,1237,32
776.054,load,88,35.077,1237,32
776.105,load,88,35.077,1237,32
776.155,load,89,34.813,1050,32
776.205,load,89,34.813,1050,32
776.255,load,89,34.813,1050,32
776.306,load,89,34.813,1050,32
776.356,load,89,34.813,1050,32
776.407,load,89,34.813,1050,32
776.458,load,89,34.813,1050,32
776.508,load,89,34.813,1050,32
776.559,load,89,34.813,1050,32
776.609,load,89,34.813,1050,32
776.66,load,89,35.376,1230,32
776.71,load,89,35.376,1230,32
776.761,load,89,35.376,1230,32
776.811,load,89,35.376,1230,32
776.862,load,89,35.376,1230,32
776.912,load,89,35.376,1230,32
776.963,load,89,35.376,1230,32
777.013,load,89,35.376,1230,32
777.063,load,89,35.376,1230,32
777.113,load,89,35.376,1230,32
777.164,load,89,35.07,1020,32
777.214,load,89,35.07,1020,32
777.265,load,89,35.07,1020,32
777.315,load,89,35.07,1020,32
777.366,load,89,35.07,1020,32
777.416,load,89,35.07,1020,32
777.467,load,89,35.07,1020,32
777.517,load,89,35.07,1020,32
777.568,load,89,35.07,1020,32
777.618,load,89,35.07,1020,32
777.669,load,89,35.105,1222,32
777.719,load,89,35.105,1222,32
777.769,load,89,35.105,1222,32
777.82,load,89,35.105,1222,32
777.87,load,89,35.105,1222,32
777.92,load,89,35.105,1222,32
777.971,load,89,35.105,1222,32
778.021,load,89,35.105,1222,32
778.072,load,89,35.105,1222,32
778.122,load,89,35.105,1222,32
778.172,load,89,34.55,990,32
778.222,load,89,34.55,990,32
778.273,load,89,34.55,990,32
778.323,load,89,34.55,990,32
778.374,load,89,34.55,990,32
778.425,load,89,34.55,990,32
778.475,load,89,34.55,990,32
778.525,load,89,34.55,990,32
778.576,load,89,34.55,990,32
778.626,load,89,34.55,990,32
778.677,load,89,34.813,1237,32
778.727,load,89,34.813,1237,32
778.777,load,89,34.813,1237,32
778.828,load,89,34.813,1237,32
778.878,load,89,34.813,1237,32
778.928,load,89,34.813,1237,32
778.979,load,89,34.813,1237,32
779.029,load,89,34.813,1237,32
779.08,load,89,34.813,1237,32
779.131,load,89,34.813,1237,32
779.181,load,89,34.453,1087,32
779.231,load,89,34.453,1087,32
779.282,load,89,34.453,1087,32
779.333,load,89,34.453,1087,32
779.383,load,89,34.453,1087,32
779.433,load,89,34.453,1087,32
779.484,load,89,34.453,1087,32
779.534,load,89,34.453,1087,32
779.585,load,89,34.453,1087,32
779.635,load,89,34.453,1087,32
779.686,load,89,34.628,1237,32
779.737,load,89,34.628,1237,32
779.787,load,89,34.628,1237,32
779.837,load,89,34.628,1237,32
779.888,load,89,34.628,1237,32
779.938,load,89,34.628,1237,32
779.989,load,89,34.628,1237,32
780.039,load,89,34.628,1237,32
780.09,load,89,34.628,1237,32
780.14,load,89,34.628,1237,32
780.191,load,89,34.245,1087,32
780.241,load,89,34.245,1087,32
780.291,load,89,34.245,1087,32
780.342,load,89,34.245,1087,32
780.392,load,89,34.245,1087,32
780.443,load,89,34.245,1087,32
780.493,load,89,34.245,1087,32
780.544,load,89,34.245,1087,32
780.594,load,89,34.245,1087,32
780.645,load,89,34.245,1087,32
780.695,load,89,35.121,1237,32
780.745,load,89,35.121,1237,32
780.795,load,89,35.121,1237,32
780.846,load,89,35.121,1237,32
780.897,load,89,35.121,1237,32
780.947,load,89,35.121,1237,32
780.997,load,89,35.121,1237,32
781.048,load,89,35.121,1237,32
781.098,load,89,35.121,1237,32
781.148,load,89,35.121,1237,32
781.199,load,89,34.953,1065,32
781.249,load,89,34.953,1065,32
781.3,load,89,34.953,1065,32
781.35,load,89,34.953,1065,32
781.4,load,89,34.953,1065,32
781.451,load,89,34.953,1065,32
781.501,load,89,34.953,1065,32
781.552,load,89,34.953,1065,32
781.602,load,89,34.953,1065,32
781.653,load,89,34.976,1237,32
781.703,load,89,34.976,1237,32
781.754,load,89,34.976,1237,32
781.804,load,89,34.976,1237,32
781.854,load,89,34.976,1237,32
781.905,load,89,34.976,1237,32
781.955,load,89,34.976,1237,32
782.006,load,89,34.976,1237,32
782.056,load,89,34.976,1237,32
782.106,load,89,34.976,1237,32
782.157,load,89,34.138,1027,32
782.207,load,89,34.138,1027,32
782.258,load,89,34.138,1027,32
782.308,load,89,34.138,1027,32
782.359,load,89,34.138,1027,32
782.41,load,89,34.138,1027,32
782.46,load,89,34.138,1027,32
782.511,load,89,34.138,1027,32
782.561,load,89,34.138,1027,32
782.611,load,89,34.138,1027,32
782.661,load,89,35.199,1222,32
782.712,load,89,35.199,1222,32
782.762,load,89,35.199,1222,32
782.813,load,89,35.199,1222,32
782.863,load,89,35.199,1222,32
782.913,load,89,35.199,1222,32
782.964,load,89,35.199,1222,32
783.014,load,89,35.199,1222,32
783.065,load,89,35.199,1222,32
783.115,load,89,35.199,1222,32
783.166,load,88,34.525,922,32
783.216,load,88,34.525,922,32
783.267,load,88,34.525,922,32
783.317,load,88,34.525,922,32
783.368,load,88,34.525,922,32
783.418,load,88,34.525,922,32
783.469,load,88,34.525,922,32
783.52,load,88,34.525,922,32
783.57,load,88,34.525,922,32
783.62,load,88,34.525,922,32
783.671,load,89,34.337,1192,32
783.722,load,89,34.337,1192,32
783.772,load,89,34.337,1192,32
783.822,load,89,34.337,1192,32
783.872,load,89,34.337,1192,32
783.923,load,89,34.337,1192,32
783.973,load,89,34.337,1192,32
784.024,load,89,34.337,1192,32
784.074,load,89,34.337,1192,32
784.124,load,89,34.337,1192,32
784.175,load,89,33.897,1207,32
784.225,load,89,33.897,1207,32
784.275,load,89,33.897,1207,32
784.326,load,89,33.897,1207,32
784.376,load,89,33.897,1207,32
784.426,load,89,33.897,1207,32
784.477,load,89,33.897,1207,32
784.528,load,89,33.897,1207,32
784.578,load,89,33.897,1207,32
784.628,load,89,33.897,1207,32
784.679,load,89,35.728,1237,32
784.729,load,89,35.728,1237,32
784.78,load,89,35.728,1237,32
784.83,load,89,35.728,1237,32
784.881,load,89,35.728,1237,32
784.931,load,89,35.728,1237,32
784.981,load,89,35.728,1237,32
785.032,load,89,35.728,1237,32
785.082,load,89,35.728,1237,32
785.132,load,89,35.728,1237,32
785.183,load,88,35.574,1237,32
785.233,load,88,35.574,1237,32
785.283,load,88,35.574,1237,32
785.334,load,88,35.574,1237,32
785.385,load,88,35.574,1237,32
785.435,load,88,35.574,1237,32
785.485,load,88,35.574,1237,32
785.535,load,88,35.574,1237,32
785.586,load,88,35.574,1237,32
785.636,load,88,35.574,1237,32
785.687,load,89,36.059,1020,32
785.737,load,89,36.059,1020,32
785.787,load,89,36.059,1020,32
785.838,load,89,36.059,1020,32
785.888,load,89,36.059,1020,32
785.939,load,89,36.059,1020,32
785.989,load,89,36.059,1020,32
786.04,load,89,36.059,1020,32
786.09,load,89,36.059,1020,32
786.141,load,89,36.059,1020,32
786.191,load,87,33.863,1237,32
786.242,load,87,33.863,1237,32
786.292,load,87,33.863,1237,32
786.343,load,87,33.863,1237,32
786.393,load,87,33.863,1237,32
786.444,load,87,33.863,1237,32
786.494,load,87,33.863,1237,32
786.545,load,87,33.863,1237,32
786.595,load,87,33.863,1237,32
786.645,load,87,33.863,1237,32
786.696,load,89,33.636,1207,32
786.746,load,89,33.636,1207,32
786.797,load,89,33.636,1207,32
786.848,load,89,33.636,1207,32
786.898,load,89,33.636,1207,32
786.948,load,89,33.636,1207,32
786.999,load,89,33.636,1207,32
787.05,load,89,33.636,1207,32
787.1,load,89,33.636,1207,32
787.151,load,87,34.027,1237,32
787.201,load,87,34.027,1237,32
787.252,load,87,34.027,1237,32
787.302,load,87,34.027,1237,32
787.353,load,87,34.027,1237,32
787.403,load,87,34.027,1237,32
787.454,load,87,34.027,1237,32
787.504,load,87,34.027,1237,32
787.555,load,87,34.027,1237,32
787.605,load,87,34.027,1237,32
787.655,load,89,35.724,1237,32
787.706,load,89,35.724,1237,32
787.756,load,89,35.724,1237,32
787.806,load,89,35.724,1237,32
787.857,load,89,35.724,1237,32
787.907,load,89,35.724,1237,32
787.958,load,89,35.724,1237,32
788.009,load,89,35.724,1237,32
788.059,load,89,35.724,1237,32
788.11,load,89,35.724,1237,32
788.16,load,87,33.522,1237,32
788.211,load,87,33.522,1237,32
788.261,load,87,33.522,1237,32
788.312,load,87,33.522,1237,32
788.362,load,87,33.522,1237,32
788.413,load,87,33.522,1237,32
788.463,load,87,33.522,1237,32
788.513,load,87,33.522,1237,32
788.563,load,87,33.522,1237,32
788.614,load,87,33.522,1237,32
788.664,load,89,35.34,1237,32
788.715,load,89,35.34,1237,32
788.765,load,89,35.34,1237,32
788.816,load,89,35.34,1237,32
788.866,load,89,35.34,1237,32
788.917,load,89,35.34,1237,32
788.967,load,89,35.34,1237,32
789.017,load,89,35.34,1237,32
789.068,load,89,35.34,1237,32
789.118,load,89,35.34,1237,32
789.169,load,87,33.317,1237,32
789.219,load,87,33.317,1237,32
789.27,load,87,33.317,1237,32
789.32,load,87,33.317,1237,32
789.371,load,87,33.317,1237,32
789.421,load,87,33.317,1237,32
789.472,load,87,33.317,1237,32
789.522,load,87,33.317,1237,32
789.573,load,87,33.317,1237,32
789.623,load,87,33.317,1237,32
789.674,load,89,34.807,1237,32
789.724,load,89,34.807,1237,32
789.775,load,89,34.807,1237,32
789.825,load,89,34.807,1237,32
789.875,load,89,34.807,1237,32
789.926,load,89,34.807,1237,32
789.976,load,89,34.807,1237,32
790.027,load,89,34.807,1237,32
790.077,load,89,34.807,1237,32
790.127,load,89,34.807,1237,32
790.178,load,86,32.831,1237,32
790.228,load,86,32.831,1237,32
790.279,load,86,32.831,1237,32
790.329,load,86,32.831,1237,32
790.379,load,86,32.831,1237,32
790.43,load,86,32.831,1237,32
790.48,load,86,32.831,1237,32
790.531,load,86,32.831,1237,32
790.581,load,86,32.831,1237,32
790.632,load,86,32.831,1237,32
790.682,load,89,34.534,1215,32
790.732,load,89,34.534,1215,32
790.783,load,89,34.534,1215,32
790.833,load,89,34.534,1215,32
790.884,load,89,34.534,1215,32
790.934,load,89,34.534,1215,32
790.985,load,89,34.534,1215,32
791.035,load,89,34.534,1215,32
791.086,load,89,34.534,1215,32
791.137,load,89,34.534,1215,32
791.187,load,87,32.972,1020,32
791.238,load,87,32.972,1020,32
791.288,load,87,32.972,1020,32
791.339,load,87,32.972,1020,32
791.389,load,87,32.972,1020,32
791.439,load,87,32.972,1020,32
791.49,load,87,32.972,1020,32
791.54,load,87,32.972,1020,32
791.59,load,87,32.972,1020,32
791.641,load,87,32.972,1020,32
791.691,load,89,35.359,1215,32
791.742,load,89,35.359,1215,32
791.792,load,89,35.359,1215,32
791.843,load,89,35.359,1215,32
791.893,load,89,35.359,1215,32
791.944,load,89,35.359,1215,32
791.994,load,89,35.359,1215,32
792.044,load,89,35.359,1215,32
792.095,load,89,35.359,1215,32
792.145,load,89,35.359,1215,32
792.196,load,86,32.316,1237,32
792.246,load,86,32.316,1237,32
792.297,load,86,32.316,1237,32
792.347,load,86,32.316,1237,32
792.397,load,86,32.316,1237,32
792.448,load,86,32.316,1237,32
792.498,load,86,32.316,1237,32
792.549,load,86,32.316,1237,32
792.599,load,86,32.316,1237,32
792.65,load,86,32.316,1237,32
792.7,load,89,34.37,1237,32
792.751,load,89,34.37,1237,32
792.801,load,89,34.37,1237,32
792.851,load,89,34.37,1237,32
792.902,load,89,34.37,1237,32
792.952,load,89,34.37,1237,32
793.003,load,89,34.37,1237,32
793.053,load,89,34.37,1237,32
793.104,load,89,34.37,1237,32
793.154,load,88,33.369,1237,32
793.205,load,88,33.369,1237,32
793.255,load,88,33.369,1237,32
793.306,load,88,33.369,1237,32
793.357,load,88,33.369,1237,32
793.408,load,88,33.369,1237,32
793.458,load,88,33.369,1237,32
793.508,load,88,33.369,1237,32
793.559,load,88,33.369,1237,32
793.609,load,88,33.369,1237,32
793.659,load,89,36.085,1080,32
793.71,load,89,36.085,1080,32
793.76,load,89,36.085,1080,32
793.81,load,89,36.085,1080,32
793.861,load,89,36.085,1080,32
793.912,load,89,36.085,1080,32
793.962,load,89,36.085,1080,32
794.012,load,89,36.085,1080,32
794.063,load,89,36.085,1080,32
794.114,load,89,36.085,1080,32
794.164,load,88,33.305,1237,32
794.215,load,88,33.305,1237,32
794.265,load,88,33.305,1237,32
794.316,load,88,33.305,1237,32
794.366,load,88,33.305,1237,32
794.417,load,88,33.305,1237,32
794.467,load,88,33.305,1237,32
794.518,load,88,33.305,1237,32
794.568,load,88,33.305,1237,32
794.618,load,88,33.305,1237,32
794.669,load,89,35.251,1230,32
794.719,load,89,35.251,1230,32
794.77,load,89,35.251,1230,32
794.82,load,89,35.251,1230,32
794.87,load,89,35.251,1230,32
794.921,load,89,35.251,1230,32
794.972,load,89,35.251,1230,32
795.022,load,89,35.251,1230,32
795.072,load,89,35.251,1230,32
795.123,load,89,35.251,1230,32
795.174,load,88,33.851,1237,32
795.224,load,88,33.851,1237,32
795.274,load,88,33.851,1237,32
795.325,load,88,33.851,1237,32
795.375,load,88,33.851,1237,32
795.426,load,88,33.851,1237,32
795.476,load,88,33.851,1237,32
795.527,load,88,33.851,1237,32
795.577,load,88,33.851,1237,32
795.627,load,88,33.851,1237,32
795.678,load,88,34.891,1042,32
795.729,load,88,34.891,1042,32
795.779,load,88,34.891,1042,32
795.829,load,88,34.891,1042,32
795.88,load,88,34.891,1042,32
795.93,load,88,34.891,1042,32
795.98,load,88,34.891,1042,32
796.031,load,88,34.891,1042,32
796.081,load,88,34.891,1042,32
796.131,load,88,34.891,1042,32
796.182,load,88,33.546,1222,32
796.232,load,88,33.546,1222,32
796.283,load,88,33.546,1222,32
796.333,load,88,33.546,1222,32
796.383,load,88,33.546,1222,32
796.434,load,88,33.546,1222,32
796.484,load,88,33.546,1222,32
796.535,load,88,33.546,1222,32
796.586,load,88,33.546,1222,32
796.636,load,88,33.546,1222,32
796.686,load,89,34.066,1222,32
796.737,load,89,34.066,1222,32
796.787,load,89,34.066,1222,32
796.837,load,89,34.066,1222,32
796.888,load,89,34.066,1222,32
796.939,load,89,34.066,1222,32
796.989,load,89,34.066,1222,32
797.04,load,89,34.066,1222,32
797.09,load,89,34.066,1222,32
797.141,load,89,34.066,1222,32
797.191,load,88,34.711,1222,32
797.241,load,88,34.711,1222,32
797.292,load,88,34.711,1222,32
797.342,load,88,34.711,1222,32
797.393,load,88,34.711,1222,32
797.443,load,88,34.711,1222,32
797.494,load,88,34.711,1222,32
797.544,load,88,34.711,1222,32
797.594,load,88,34.711,1222,32
797.645,load,88,34.711,1222,32
797.695,load,89,35.303,1200,32
797.745,load,89,35.303,1200,32
797.796,load,89,35.303,1200,32
797.846,load,89,35.303,1200,32
797.897,load,89,35.303,1200,32
797.947,load,89,35.303,1200,32
797.998,load,89,35.303,1200,32
798.049,load,89,35.303,1200,32
798.099,load,89,35.303,1200,32
798.15,load,89,35.303,1200,32
798.2,load,89,36.057,1237,32
798.251,load,89,36.057,1237,32
798.301,load,89,36.057,1237,32
798.352,load,89,36.057,1237,32
798.402,load,89,36.057,1237,32
798.453,load,89,36.057,1237,32
798.503,load,89,36.057,1237,32
798.553,load,89,36.057,1237,32
798.603,load,89,36.057,1237,32
798.654,load,88,35.541,1050,32
798.704,load,88,35.541,1050,32
798.755,load,88,35.541,1050,32
798.805,load,88,35.541,1050,32
798.856,load,88,35.541,1050,32
798.906,load,88,35.541,1050,32
798.957,load,88,35.541,1050,32
799.007,load,88,35.541,1050,32
799.058,load,88,35.541,1050,32
799.108,load,88,35.541,1050,32
799.159,load,89,34.829,1237,32
799.209,load,89,34.829,1237,32
799.26,load,89,34.829,1237,32
799.31,load,89,34.829,1237,32
799.36,load,89,34.829,1237,32
799.411,load,89,34.829,1237,32
799.461,load,89,34.829,1237,32
799.512,load,89,34.829,1237,32
799.562,load,89,34.829,1237,32
799.613,load,89,34.829,1237,32
799.663,load,88,34.333,1042,32
799.714,load,88,34.333,1042,32
799.764,load,88,34.333,1042,32
799.815,load,88,34.333,1042,32
799.865,load,88,34.333,1042,32
799.916,load,88,34.333,1042,32
799.966,load,88,34.333,1042,32
800.017,load,88,34.333,1042,32
800.067,load,88,34.333,1042,32
800.118,load,88,34.333,1042,32
800.169,load,89,34.933,1237,32
800.219,load,89,34.933,1237,32
800.27,load,89,34.933,1237,32
800.32,load,89,34.933,1237,32
800.37,load,89,34.933,1237,32
800.42,load,89,34.933,1237,32
800.471,load,89,34.933,1237,32
800.521,load,89,34.933,1237,32
800.572,load,89,34.933,1237,32
800.622,load,89,34.933,1237,32
800.673,load,89,34.853,1057,32
800.723,load,89,34.853,1057,32
800.774,load,89,34.853,1057,32
800.824,load,89,34.853,1057,32
800.875,load,89,34.853,1057,32
800.926,load,89,34.853,1057,32
800.976,load,89,34.853,1057,32
801.026,load,89,34.853,1057,32
801.077,load,89,34.853,1057,32
801.128,load,89,34.853,1057,32
801.178,load,89,35.428,1222,32
801.229,load,89,35.428,1222,32
801.279,load,89,35.428,1222,32
801.33,load,89,35.428,1222,32
801.38,load,89,35.428,1222,32
801.431,load,89,35.428,1222,32
801.481,load,89,35.428,1222,32
801.531,load,89,35.428,1222,32
801.582,load,89,35.428,1222,32
801.632,load,89,35.428,1222,32
801.683,load,88,34.078,1080,32
801.733,load,88,34.078,1080,32
801.784,load,88,34.078,1080,32
801.834,load,88,34.078,1080,32
801.885,load,88,34.078,1080,32
801.935,load,88,34.078,1080,32
801.986,load,88,34.078,1080,32
802.036,load,88,34.078,1080,32
802.087,load,88,34.078,1080,32
802.137,load,88,34.078,1080,32
802.188,load,89,34.529,1230,32
802.238,load,89,34.529,1230,32
802.289,load,89,34.529,1230,32
802.339,load,89,34.529,1230,32
802.39,load,89,34.529,1230,32
802.44,load,89,34.529,1230,32
802.49,load,89,34.529,1230,32
802.541,load,89,34.529,1230,32
802.591,load,89,34.529,1230,32
802.641,load,89,34.529,1230,32
802.692,load,89,35.157,1162,32
802.742,load,89,35.157,1162,32
802.793,load,89,35.157,1162,32
802.843,load,89,35.157,1162,32
802.894,load,89,35.157,1162,32
802.944,load,89,35.157,1162,32
802.994,load,89,35.157,1162,32
803.045,load,89,35.157,1162,32
803.095,load,89,35.157,1162,32
803.145,load,89,35.157,1162,32
803.196,load,89,34.666,1237,32
803.246,load,89,34.666,1237,32
803.297,load,89,34.666,1237,32
803.347,load,89,34.666,1237,32
803.398,load,89,34.666,1237,32
803.448,load,89,34.666,1237,32
803.499,load,89,34.666,1237,32
803.549,load,89,34.666,1237,32
803.6,load,89,34.666,1237,32
803.65,load,89,34.666,1237,32
803.701,load,89,34.443,1065,32
803.751,load,89,34.443,1065,32
803.801,load,89,34.443,1065,32
803.852,load,89,34.443,1065,32
803.902,load,89,34.443,1065,32
803.953,load,89,34.443,1065,32
804.003,load,89,34.443,1065,32
804.054,load,89,34.443,1065,32
804.104,load,89,34.443,1065,32
804.155,load,89,35.711,1237,32
804.205,load,89,35.711,1237,32
804.255,load,89,35.711,1237,32
804.306,load,89,35.711,1237,32
804.356,load,89,35.711,1237,32
804.407,load,89,35.711,1237,32
804.457,load,89,35.711,1237,32
804.508,load,89,35.711,1237,32
804.558,load,89,35.711,1237,32
804.609,load,89,35.711,1237,32
804.659,load,88,34.353,1237,32
804.709,load,88,34.353,1237,32
804.76,load,88,34.353,1237,32
804.811,load,88,34.353,1237,32
804.861,load,88,34.353,1237,32
804.912,load,88,34.353,1237,32
804.962,load,88,34.353,1237,32
805.013,load,88,34.353,1237,32
805.063,load,88,34.353,1237,32
805.114,load,88,34.353,1237,32
805.164,load,89,34.775,1237,32
805.215,load,89,34.775,1237,32
805.265,load,89,34.775,1237,32
805.316,load,89,34.775,1237,32
805.366,load,89,34.775,1237,32
805.416,load,89,34.775,1237,32
805.467,load,89,34.775,1237,32
805.517,load,89,34.775,1237,32
805.567,load,89,34.775,1237,32
805.618,load,89,34.775,1237,32
805.668,load,88,34.709,1237,32
805.719,load,88,34.709,1237,32
805.769,load,88,34.709,1237,32
805.819,load,88,34.709,1237,32
805.87,load,88,34.709,1237,32
805.92,load,88,34.709,1237,32
805.97,load,88,34.709,1237,32
806.021,load,88,34.709,1237,32
806.071,load,88,34.709,1237,32
806.122,load,88,34.709,1237,32
806.172,load,89,35.906,1035,32
806.222,load,89,35.906,1035,32
806.273,load,89,35.906,1035,32
806.323,load,89,35.906,1035,32
806.373,load,89,35.906,1035,32
806.423,load,89,35.906,1035,32
806.474,load,89,35.906,1035,32
806.524,load,89,35.906,1035,32
806.574,load,89,35.906,1035,32
806.625,load,89,35.906,1035,32
806.675,load,87,33.954,1237,32
806.725,load,87,33.954,1237,32
806.776,load,87,33.954,1237,32
806.826,load,87,33.954,1237,32
806.876,load,87,33.954,1237,32
806.927,load,87,33.954,1237,32
806.978,load,87,33.954,1237,32
807.028,load,87,33.954,1237,32
807.079,load,87,33.954,1237,32
807.129,load,87,33.954,1237,32
807.179,load,89,34.612,1230,32
807.23,load,89,34.612,1230,32
807.28,load,89,34.612,1230,32
807.33,load,89,34.612,1230,32
807.381,load,89,34.612,1230,32
807.431,load,89,34.612,1230,32
807.481,load,89,34.612,1230,32
807.532,load,89,34.612,1230,32
807.582,load,89,34.612,1230,32
807.633,load,89,34.612,1230,32
807.683,load,87,34.081,1237,32
807.734,load,87,34.081,1237,32
807.785,load,87,34.081,1237,32
807.835,load,87,34.081,1237,32
807.886,load,87,34.081,1237,32
807.936,load,87,34.081,1237,32
807.987,load,87,34.081,1237,32
808.037,load,87,34.081,1237,32
808.087,load,87,34.081,1237,32
808.138,load,87,34.081,1237,32
808.189,load,89,34.906,1222,32
808.239,load,89,34.906,1222,32
808.289,load,89,34.906,1222,32
808.339,load,89,34.906,1222,32
808.39,load,89,34.906,1222,32
808.44,load,89,34.906,1222,32
808.491,load,89,34.906,1222,32
808.541,load,89,34.906,1222,32
808.592,load,89,34.906,1222,32
808.643,load,89,34.906,1222,32
808.693,load,87,32.852,1237,32
808.743,load,87,32.852,1237,32
808.794,load,87,32.852,1237,32
808.845,load,87,32.852,1237,32
808.895,load,87,32.852,1237,32
808.946,load,87,32.852,1237,32
808.996,load,87,32.852,1237,32
809.047,load,87,32.852,1237,32
809.097,load,87,32.852,1237,32
809.147,load,87,32.852,1237,32
809.198,load,89,35.151,1192,32
809.248,load,89,35.151,1192,32
809.299,load,89,35.151,1192,32
809.349,load,89,35.151,1192,32
809.399,load,89,35.151,1192,32
809.449,load,89,35.151,1192,32
809.5,load,89,35.151,1192,32
809.55,load,89,35.151,1192,32
809.6,load,89,35.151,1192,32
809.651,load,89,35.151,1192,32
809.701,load,88,33.069,1237,32
809.751,load,88,33.069,1237,32
809.802,load,88,33.069,1237,32
809.852,load,88,33.069,1237,32
809.902,load,88,33.069,1237,32
809.952,load,88,33.069,1237,32
810.003,load,88,33.069,1237,32
810.053,load,88,33.069,1237,32
810.104,load,88,33.069,1237,32
810.154,load,89,35.99,1065,32
810.205,load,89,35.99,1065,32
810.255,load,89,35.99,1065,32
810.306,load,89,35.99,1065,32
810.356,load,89,35.99,1065,32
810.406,load,89,35.99,1065,32
810.457,load,89,35.99,1065,32
810.507,load,89,35.99,1065,32
810.558,load,89,35.99,1065,32
810.608,load,89,35.99,1065,32
810.659,load,87,32.905,1162,32
810.709,load,87,32.905,1162,32
810.76,load,87,32.905,1162,32
810.81,load,87,32.905,1162,32
810.861,load,87,32.905,1162,32
810.911,load,87,32.905,1162,32
810.961,load,87,32.905,1162,32
811.012,load,87,32.905,1162,32
811.062,load,87,32.905,1162,32
811.113,load,87,32.905,1162,32
811.163,load,89,33.918,1005,32
811.214,load,89,33.918,1005,32
811.264,load,89,33.918,1005,32
811.315,load,89,33.918,1005,32
811.365,load,89,33.918,1005,32
811.416,load,89,33.918,1005,32
811.466,load,89,33.918,1005,32
811.516,load,89,33.918,1005,32
811.567,load,89,33.918,1005,32
811.617,load,89,33.918,1005,32
811.668,load,88,32.834,1230,32
811.718,load,88,32.834,1230,32
811.768,load,88,32.834,1230,32
811.819,load,88,32.834,1230,32
811.869,load,88,32.834,1230,32
811.92,load,88,32.834,1230,32
811.97,load,88,32.834,1230,32
812.021,load,88,32.834,1230,32
812.071,load,88,32.834,1230,32
812.122,load,88,32.834,1230,32
812.172,load,89,34.604,1027,32
812.222,load,89,34.604,1027,32
812.272,load,89,34.604,1027,32
812.323,load,89,34.604,1027,32
812.373,load,89,34.604,1027,32
812.423,load,89,34.604,1027,32
812.474,load,89,34.604,1027,32
812.524,load,89,34.604,1027,32
812.575,load,89,34.604,1027,32
812.625,load,89,34.604,1027,32
812.676,load,88,33.664,1237,32
812.726,load,88,33.664,1237,32
812.777,load,88,33.664,1237,32
812.827,load,88,33.664,1237,32
812.878,load,88,33.664,1237,32
812.928,load,88,33.664,1237,32
812.979,load,88,33.664,1237,32
813.029,load,88,33.664,1237,32
813.079,load,88,33.664,1237,32
813.13,load,88,33.664,1237,32
813.18,load,89,35.003,1072,32
813.231,load,89,35.003,1072,32
813.281,load,89,35.003,1072,32
813.331,load,89,35.003,1072,32
813.381,load,89,35.003,1072,32
813.432,load,89,35.003,1072,32
813.482,load,89,35.003,1072,32
813.533,load,89,35.003,1072,32
813.583,load,89,35.003,1072,32
813.634,load,89,35.003,1072,32
813.684,load,88,34.086,1237,32
813.735,load,88,34.086,1237,32
813.785,load,88,34.086,1237,32
813.835,load,88,34.086,1237,32
813.886,load,88,34.086,1237,32
813.936,load,88,34.086,1237,32
813.987,load,88,34.086,1237,32
814.037,load,88,34.086,1237,32
814.088,load,88,34.086,1237,32
814.138,load,88,34.086,1237,32
814.188,load,88,34.326,1080,32
814.239,load,88,34.326,1080,32
814.289,load,88,34.326,1080,32
814.34,load,88,34.326,1080,32
814.39,load,88,34.326,1080,32
814.44,load,88,34.326,1080,32
814.491,load,88,34.326,1080,32
814.541,load,88,34.326,1080,32
814.592,load,88,34.326,1080,32
814.642,load,88,34.326,1080,32
814.693,load,88,33.753,1237,32
814.743,load,88,33.753,1237,32
814.793,load,88,33.753,1237,32
814.844,load,88,33.753,1237,32
814.894,load,88,33.753,1237,32
814.945,load,88,33.753,1237,32
814.995,load,88,33.753,1237,32
815.045,load,88,33.753,1237,32
815.096,load,88,33.753,1237,32
815.146,load,88,33.753,1237,32
815.197,load,89,34.952,1050,32
815.248,load,89,34.952,1050,32
815.298,load,89,34.952,1050,32
815.348,load,89,34.952,1050,32
815.399,load,89,34.952,1050,32
815.449,load,89,34.952,1050,32
815.5,load,89,34.952,1050,32
815.551,load,89,34.952,1050,32
815.601,load,89,34.952,1050,32
815.651,load,89,34.952,1050,32
815.702,load,88,34.965,1230,32
815.752,load,88,34.965,1230,32
815.803,load,88,34.965,1230,32
815.853,load,88,34.965,1230,32
815.904,load,88,34.965,1230,32
815.954,load,88,34.965,1230,32
816.005,load,88,34.965,1230,32
816.055,load,88,34.965,1230,32
816.106,load,88,34.965,1230,32
816.156,load,89,34.807,1072,32
816.206,load,89,34.807,1072,32
816.257,load,89,34.807,1072,32
816.307,load,89,34.807,1072,32
816.358,load,89,34.807,1072,32
816.408,load,89,34.807,1072,32
816.458,load,89,34.807,1072,32
816.509,load,89,34.807,1072,32
816.559,load,89,34.807,1072,32
816.609,load,89,34.807,1072,32
816.66,load,89,34.837,1237,32
816.71,load,89,34.837,1237,32
816.761,load,89,34.837,1237,32
816.811,load,89,34.837,1237,32
816.862,load,89,34.837,1237,32
816.912,load,89,34.837,1237,32
816.963,load,89,34.837,1237,32
817.013,load,89,34.837,1237,32
817.063,load,89,34.837,1237,32
817.114,load,89,34.837,1237,32
817.165,load,89,34.963,1042,32
817.215,load,89,34.963,1042,32
817.265,load,89,34.963,1042,32
817.316,load,89,34.963,1042,32
817.366,load,89,34.963,1042,32
817.417,load,89,34.963,1042,32
817.467,load,89,34.963,1042,32
817.518,load,89,34.963,1042,32
817.568,load,89,34.963,1042,32
817.618,load,89,34.963,1042,32
817.669,load,89,34.721,1215,32
817.719,load,89,34.721,1215,32
817.77,load,89,34.721,1215,32
817.82,load,89,34.721,1215,32
817.871,load,89,34.721,1215,32
817.921,load,89,34.721,1215,32
817.972,load,89,34.721,1215,32
818.022,load,89,34.721,1215,32
818.072,load,89,34.721,1215,32
818.123,load,89,34.721,1215,32
818.173,load,89,34.103,997,32
818.223,load,89,34.103,997,32
818.274,load,89,34.103,997,32
818.324,load,89,34.103,997,32
818.375,load,89,34.103,997,32
818.425,load,89,34.103,997,32
818.475,load,89,34.103,997,32
818.526,load,89,34.103,997,32
818.577,load,89,34.103,997,32
818.627,load,89,34.103,997,32
818.678,load,88,34.613,1222,32
818.728,load,88,34.613,1222,32
818.779,load,88,34.613,1222,32
818.829,load,88,34.613,1222,32
818.879,load,88,34.613,1222,32
818.93,load,88,34.613,1222,32
818.98,load,88,34.613,1222,32
819.031,load,88,34.613,1222,32
819.081,load,88,34.613,1222,32
819.132,load,88,34.613,1222,32
819.182,load,89,34.404,1207,32
819.232,load,89,34.404,1207,32
819.283,load,89,34.404,1207,32
819.333,load,89,34.404,1207,32
819.384,load,89,34.404,1207,32
819.434,load,89,34.404,1207,32
819.484,load,89,34.404,1207,32
819.535,load,89,34.404,1207,32
819.585,load,89,34.404,1207,32
819.635,load,89,34.404,1207,32
819.686,load,89,35.652,1237,32
819.736,load,89,35.652,1237,32
819.787,load,89,35.652,1237,32
819.837,load,89,35.652,1237,32
819.887,load,89,35.652,1237,32
819.938,load,89,35.652,1237,32
819.988,load,89,35.652,1237,32
820.039,load,89,35.652,1237,32
820.09,load,89,35.652,1237,32
820.14,load,89,35.652,1237,32
820.191,load,89,35.441,1057,32
820.241,load,89,35.441,1057,32
820.291,load,89,35.441,1057,32
820.342,load,89,35.441,1057,32
820.392,load,89,35.441,1057,32
820.442,load,89,35.441,1057,32
820.493,load,89,35.441,1057,32
820.543,load,89,35.441,1057,32
820.594,load,89,35.441,1057,32
820.644,load,89,35.441,1057,32
820.694,load,89,35.128,1237,32
820.745,load,89,35.128,1237,32
820.796,load,89,35.128,1237,32
820.846,load,89,35.128,1237,32
820.896,load,89,35.128,1237,32
820.946,load,89,35.128,1237,32
820.997,load,89,35.128,1237,32
821.048,load,89,35.128,1237,32
821.098,load,89,35.128,1237,32
821.148,load,89,35.128,1237,32
821.199,load,88,34.338,1065,32
821.249,load,88,34.338,1065,32
821.299,load,88,34.338,1065,32
821.35,load,88,34.338,1065,32
821.401,load,88,34.338,1065,32
821.451,load,88,34.338,1065,32
821.502,load,88,34.338,1065,32
821.552,load,88,34.338,1065,32
821.602,load,88,34.338,1065,32
821.653,load,88,34.338,1065,32
821.703,load,89,35.247,1237,32
821.753,load,89,35.247,1237,32
821.803,load,89,35.247,1237,32
821.854,load,89,35.247,1237,32
821.904,load,89,35.247,1237,32
821.955,load,89,35.247,1237,32
822.005,load,89,35.247,1237,32
822.056,load,89,35.247,1237,32
822.106,load,89,35.247,1237,32
822.156,load,88,34.501,997,32
822.207,load,88,34.501,997,32
822.257,load,88,34.501,997,32
822.307,load,88,34.501,997,32
822.358,load,88,34.501,997,32
822.408,load,88,34.501,997,32
822.459,load,88,34.501,997,32
822.509,load,88,34.501,997,32
822.56,load,88,34.501,997,32
822.61,load,88,34.501,997,32
822.661,load,89,33.44,1237,32
822.711,load,89,33.44,1237,32
822.761,load,89,33.44,1237,32
822.812,load,89,33.44,1237,32
822.862,load,89,33.44,1237,32
822.913,load,89,33.44,1237,32
822.963,load,89,33.44,1237,32
823.014,load,89,33.44,1237,32
823.064,load,89,33.44,1237,32
823.114,load,89,33.44,1237,32
823.165,load,89,33.437,1095,32
823.215,load,89,33.437,1095,32
823.265,load,89,33.437,1095,32
823.315,load,89,33.437,1095,32
823.366,load,89,33.437,1095,32
823.416,load,89,33.437,1095,32
823.467,load,89,33.437,1095,32
823.517,load,89,33.437,1095,32
823.567,load,89,33.437,1095,32
823.618,load,89,33.437,1095,32
823.668,load,89,35.427,1237,32
823.719,load,89,35.427,1237,32
823.77,load,89,35.427,1237,32
823.82,load,89,35.427,1237,32
823.87,load,89,35.427,1237,32
823.921,load,89,35.427,1237,32
823.971,load,89,35.427,1237,32
824.021,load,89,35.427,1237,32
824.072,load,89,35.427,1237,32
824.122,load,89,35.427,1237,32
824.172,load,88,34.743,1042,32
824.223,load,88,34.743,1042,32
824.273,load,88,34.743,1042,32
824.324,load,88,34.743,1042,32
824.374,load,88,34.743,1042,32
824.425,load,88,34.743,1042,32
824.475,load,88,34.743,1042,32
824.526,load,88,34.743,1042,32
824.576,load,88,34.743,1042,32
824.627,load,88,34.743,1042,32
824.677,load,88,34.232,1230,32
824.727,load,88,34.232,1230,32
824.778,load,88,34.232,1230,32
824.828,load,88,34.232,1230,32
824.878,load,88,34.232,1230,32
824.929,load,88,34.232,1230,32
824.979,load,88,34.232,1230,32
825.029,load,88,34.232,1230,32
825.08,load,88,34.232,1230,32
825.131,load,88,34.232,1230,32
825.181,load,89,33.634,1050,32
825.231,load,89,33.634,1050,32
825.282,load,89,33.634,1050,32
825.332,load,89,33.634,1050,32
825.383,load,89,33.634,1050,32
825.433,load,89,33.634,1050,32
825.484,load,89,33.634,1050,32
825.534,load,89,33.634,1050,32
825.585,load,89,33.634,1050,32
825.635,load,89,33.634,1050,32
825.685,load,89,35.037,1222,32
825.735,load,89,35.037,1222,32
825.786,load,89,35.037,1222,32
825.836,load,89,35.037,1222,32
825.886,load,89,35.037,1222,32
825.937,load,89,35.037,1222,32
825.987,load,89,35.037,1222,32
826.038,load,89,35.037,1222,32
826.088,load,89,35.037,1222,32
826.139,load,89,35.037,1222,32
826.189,load,89,34.875,1057,32
826.239,load,89,34.875,1057,32
826.29,load,89,34.875,1057,32
826.34,load,89,34.875,1057,32
826.391,load,89,34.875,1057,32
826.441,load,89,34.875,1057,32
826.492,load,89,34.875,1057,32
826.542,load,89,34.875,1057,32
826.593,load,89,34.875,1057,32
826.644,load,89,34.875,1057,32
826.694,load,89,34.935,1222,32
826.745,load,89,34.935,1222,32
826.795,load,89,34.935,1222,32
826.845,load,89,34.935,1222,32
826.896,load,89,34.935,1222,32
826.946,load,89,34.935,1222,32
826.996,load,89,34.935,1222,32
827.047,load,89,34.935,1222,32
827.097,load,89,34.935,1222,32
827.148,load,89,34.935,1222,32
827.198,load,88,34.535,1237,32
827.248,load,88,34.535,1237,32
827.299,load,88,34.535,1237,32
827.349,load,88,34.535,1237,32
827.399,load,88,34.535,1237,32
827.45,load,88,34.535,1237,32
827.5,load,88,34.535,1237,32
827.551,load,88,34.535,1237,32
827.601,load,88,34.535,1237,32
827.651,load,88,34.535,1237,32
827.702,load,89,35.124,1222,32
827.752,load,89,35.124,1222,32
827.802,load,89,35.124,1222,32
827.853,load,89,35.124,1222,32
827.903,load,89,35.124,1222,32
827.954,load,89,35.124,1222,32
828.004,load,89,35.124,1222,32
828.054,load,89,35.124,1222,32
828.105,load,89,35.124,1222,32
828.155,load,88,34.555,1237,32
828.206,load,88,34.555,1237,32
828.256,load,88,34.555,1237,32
828.307,load,88,34.555,1237,32
828.358,load,88,34.555,1237,32
828.408,load,88,34.555,1237,32
828.458,load,88,34.555,1237,32
828.508,load,88,34.555,1237,32
828.559,load,88,34.555,1237,32
828.609,load,88,34.555,1237,32
828.66,load,89,35.044,1207,32
828.71,load,89,35.044,1207,32
828.761,load,89,35.044,1207,32
828.811,load,89,35.044,1207,32
828.861,load,89,35.044,1207,32
828.911,load,89,35.044,1207,32
828.961,load,89,35.044,1207,32
829.012,load,89,35.044,1207,32
829.062,load,89,35.044,1207,32
829.112,load,89,35.044,1207,32
829.163,load,88,34.692,1237,32
829.213,load,88,34.692,1237,32
829.264,load,88,34.692,1237,32
829.314,load,88,34.692,1237,32
829.364,load,88,34.692,1237,32
829.415,load,88,34.692,1237,32
829.465,load,88,34.692,1237,32
829.516,load,88,34.692,1237,32
829.566,load,88,34.692,1237,32
829.617,load,88,34.692,1237,32
829.667,load,89,35.215,1192,32
829.718,load,89,35.215,1192,32
829.768,load,89,35.215,1192,32
829.819,load,89,35.215,1192,32
829.869,load,89,35.215,1192,32
829.92,load,89,35.215,1192,32
829.97,load,89,35.215,1192,32
830.021,load,89,35.215,1192,32
830.071,load,89,35.215,1192,32
830.122,load,89,35.215,1192,32
830.172,load,87,33.784,1237,32
830.223,load,87,33.784,1237,32
830.273,load,87,33.784,1237,32
830.324,load,87,33.784,1237,32
830.374,load,87,33.784,1237,32
830.424,load,87,33.784,1237,32
830.475,load,87,33.784,1237,32
830.525,load,87,33.784,1237,32
830.576,load,87,33.784,1237,32
830.626,load,87,33.784,1237,32
830.677,load,89,35.015,1237,32
830.727,load,89,35.015,1237,32
830.778,load,89,35.015,1237,32
830.828,load,89,35.015,1237,32
830.879,load,89,35.015,1237,32
830.929,load,89,35.015,1237,32
830.979,load,89,35.015,1237,32
831.03,load,89,35.015,1237,32
831.08,load,89,35.015,1237,32
831.131,load,89,35.015,1237,32
831.181,load,87,33.294,1237,32
831.232,load,87,33.294,1237,32
831.282,load,87,33.294,1237,32
831.332,load,87,33.294,1237,32
831.383,load,87,33.294,1237,32
831.433,load,87,33.294,1237,32
831.484,load,87,33.294,1237,32
831.534,load,87,33.294,1237,32
831.585,load,87,33.294,1237,32
831.635,load,87,33.294,1237,32
831.686,load,89,35.177,1237,32
831.736,load,89,35.177,1237,32
831.787,load,89,35.177,1237,32
831.837,load,89,35.177,1237,32
831.888,load,89,35.177,1237,32
831.938,load,89,35.177,1237,32
831.989,load,89,35.177,1237,32
832.039,load,89,35.177,1237,32
832.09,load,89,35.177,1237,32
832.14,load,89,35.177,1237,32
832.19,load,87,33.435,1237,32
832.241,load,87,33.435,1237,32
832.291,load,87,33.435,1237,32
832.341,load,87,33.435,1237,32
832.392,load,87,33.435,1237,32
832.442,load,87,33.435,1237,32
832.493,load,87,33.435,1237,32
832.543,load,87,33.435,1237,32
832.594,load,87,33.435,1237,32
832.644,load,87,33.435,1237,32
832.694,load,89,34.881,1222,32
832.745,load,89,34.881,1222,32
832.795,load,89,34.881,1222,32
832.845,load,89,34.881,1222,32
832.896,load,89,34.881,1222,32
832.946,load,89,34.881,1222,32
832.997,load,89,34.881,1222,32
833.047,load,89,34.881,1222,32
833.098,load,89,34.881,1222,32
833.148,load,89,34.881,1222,32
833.199,load,87,32.861,1020,32
833.249,load,87,32.861,1020,32
833.299,load,87,32.861,1020,32
833.35,load,87,32.861,1020,32
833.4,load,87,32.861,1020,32
833.451,load,87,32.861,1020,32
833.501,load,87,32.861,1020,32
833.552,load,87,32.861,1020,32
833.602,load,87,32.861,1020,32
833.653,load,87,32.861,1020,32
833.703,load,89,34.702,1200,32
833.753,load,89,34.702,1200,32
833.804,load,89,34.702,1200,32
833.854,load,89,34.702,1200,32
833.905,load,89,34.702,1200,32
833.955,load,89,34.702,1200,32
834.005,load,89,34.702,1200,32
834.056,load,89,34.702,1200,32
834.106,load,89,34.702,1200,32
834.157,load,88,32.998,1222,32
834.207,load,88,32.998,1222,32
834.258,load,88,32.998,1222,32
834.308,load,88,32.998,1222,32
834.358,load,88,32.998,1222,32
834.409,load,88,32.998,1222,32
834.459,load,88,32.998,1222,32
834.51,load,88,32.998,1222,32
834.56,load,88,32.998,1222,32
834.611,load,88,32.998,1222,32
834.661,load,89,35.486,1222,32
834.711,load,89,35.486,1222,32
834.761,load,89,35.486,1222,32
834.812,load,89,35.486,1222,32
834.863,load,89,35.486,1222,32
834.913,load,89,35.486,1222,32
834.963,load,89,35.486,1222,32
835.014,load,89,35.486,1222,32
835.064,load,89,35.486,1222,32
835.115,load,89,35.486,1222,32
835.165,load,87,32.948,1237,32
835.215,load,87,32.948,1237,32
835.266,load,87,32.948,1237,32
835.316,load,87,32.948,1237,32
835.367,load,87,32.948,1237,32
835.417,load,87,32.948,1237,32
835.468,load,87,32.948,1237,32
835.518,load,87,32.948,1237,32
835.569,load,87,32.948,1237,32
835.619,load,87,32.948,1237,32
835.67,load,89,35.262,1065,32
835.72,load,89,35.262,1065,32
835.771,load,89,35.262,1065,32
835.821,load,89,35.262,1065,32
835.871,load,89,35.262,1065,32
835.921,load,89,35.262,1065,32
835.972,load,89,35.262,1065,32
836.022,load,89,35.262,1065,32
836.072,load,89,35.262,1065,32
836.123,load,89,35.262,1065,32
836.173,load,88,33.878,1237,32
836.224,load,88,33.878,1237,32
836.275,load,88,33.878,1237,32
836.325,load,88,33.878,1237,32
836.375,load,88,33.878,1237,32
836.426,load,88,33.878,1237,32
836.476,load,88,33.878,1237,32
836.526,load,88,33.878,1237,32
836.577,load,88,33.878,1237,32
836.628,load,88,33.878,1237,32
836.678,load,89,35.145,1020,32
836.729,load,89,35.145,1020,32
836.779,load,89,35.145,1020,32
836.83,load,89,35.145,1020,32
836.88,load,89,35.145,1020,32
836.93,load,89,35.145,1020,32
836.981,load,89,35.145,1020,32
837.031,load,89,35.145,1020,32
837.082,load,89,35.145,1020,32
837.132,load,89,35.145,1020,32
837.183,load,88,33.448,1237,32
837.233,load,88,33.448,1237,32
837.283,load,88,33.448,1237,32
837.334,load,88,33.448,1237,32
837.384,load,88,33.448,1237,32
837.434,load,88,33.448,1237,32
837.485,load,88,33.448,1237,32
837.535,load,88,33.448,1237,32
837.585,load,88,33.448,1237,32
837.636,load,88,33.448,1237,32
837.687,load,88,33.895,997,32
837.737,load,88,33.895,997,32
837.788,load,88,33.895,997,32
837.838,load,88,33.895,997,32
837.888,load,88,33.895,997,32
837.939,load,88,33.895,997,32
837.989,load,88,33.895,997,32
838.039,load,88,33.895,997,32
838.09,load,88,33.895,997,32
838.14,load,88,33.895,997,32
838.19,load,88,33.173,1222,32
838.241,load,88,33.173,1222,32
838.291,load,88,33.173,1222,32
838.341,load,88,33.173,1222,32
838.392,load,88,33.173,1222,32
838.442,load,88,33.173,1222,32
838.493,load,88,33.173,1222,32
838.543,load,88,33.173,1222,32
838.594,load,88,33.173,1222,32
838.645,load,88,33.173,1222,32
838.695,load,89,33.645,1222,32
838.746,load,89,33.645,1222,32
838.796,load,89,33.645,1222,32
838.846,load,89,33.645,1222,32
838.897,load,89,33.645,1222,32
838.947,load,89,33.645,1222,32
838.998,load,89,33.645,1222,32
839.048,load,89,33.645,1222,32
839.099,load,89,33.645,1222,32
839.149,load,89,33.645,1222,32
839.199,load,88,34.031,1237,32
839.25,load,88,34.031,1237,32
839.3,load,88,34.031,1237,32
839.351,load,88,34.031,1237,32
839.401,load,88,34.031,1237,32
839.451,load,88,34.031,1237,32
839.502,load,88,34.031,1237,32
839.552,load,88,34.031,1237,32
839.602,load,88,34.031,1237,32
839.653,load,88,34.031,1237,32
839.703,load,89,35.147,1050,32
839.753,load,89,35.147,1050,32
839.804,load,89,35.147,1050,32
839.854,load,89,35.147,1050,32
839.905,load,89,35.147,1050,32
839.955,load,89,35.147,1050,32
840.006,load,89,35.147,1050,32
840.056,load,89,35.147,1050,32
840.107,load,89,35.147,1050,32
840.157,load,89,34.799,1230,32
840.207,load,88,34.799,1230,32
840.258,load,88,34.799,1230,32
840.308,load,88,34.799,1230,32
840.359,load,88,34.799,1230,32
840.409,load,88,34.799,1230,32
840.46,load,88,34.799,1230,32
840.51,load,88,34.799,1230,32
840.561,load,88,34.799,1230,32
840.612,load,88,34.799,1230,32
840.662,load,89,35.055,1065,32
840.712,load,89,35.055,1065,32
840.763,load,89,35.055,1065,32
840.813,load,89,35.055,1065,32
840.864,load,89,35.055,1065,32
840.914,load,89,35.055,1065,32
840.965,load,89,35.055,1065,32
841.015,load,89,35.055,1065,32
841.066,load,89,35.055,1065,32
841.116,load,89,35.055,1065,32
841.166,load,88,35.515,1237,32
841.216,load,88,35.515,1237,32
841.267,load,88,35.515,1237,32
841.318,load,88,35.515,1237,32
841.368,load,88,35.515,1237,32
841.418,load,88,35.515,1237,32
841.468,load,88,35.515,1237,32
841.519,load,88,35.515,1237,32
841.569,load,88,35.515,1237,32
841.62,load,88,35.515,1237,32
841.67,load,88,34.331,1057,32
841.72,load,88,34.331,1057,32
841.771,load,88,34.331,1057,32
841.822,load,88,34.331,1057,32
841.872,load,88,34.331,1057,32
841.922,load,88,34.331,1057,32
841.973,load,88,34.331,1057,32
842.023,load,88,34.331,1057,32
842.073,load,88,34.331,1057,32
842.124,load,88,34.331,1057,32
842.174,load,88,33.605,1230,32
842.224,load,88,33.605,1230,32
842.275,load,88,33.605,1230,32
842.325,load,88,33.605,1230,32
842.375,load,88,33.605,1230,32
842.426,load,88,33.605,1230,32
842.476,load,88,33.605,1230,32
842.527,load,88,33.605,1230,32
842.578,load,88,33.605,1230,32
842.628,load,88,33.605,1230,32
842.678,load,89,34.127,1222,32
842.729,load,89,34.127,1222,32
842.779,load,89,34.127,1222,32
842.83,load,89,34.127,1222,32
842.88,load,89,34.127,1222,32
842.93,load,89,34.127,1222,32
842.981,load,89,34.127,1222,32
843.031,load,89,34.127,1222,32
843.081,load,89,34.127,1222,32
843.132,load,89,34.127,1222,32
843.182,load,89,36.045,1237,32
843.233,load,89,36.045,1237,32
843.283,load,89,36.045,1237,32
843.334,load,89,36.045,1237,32
843.384,load,89,36.045,1237,32
843.434,load,89,36.045,1237,32
843.484,load,89,36.045,1237,32
843.535,load,89,36.045,1237,32
843.585,load,89,36.045,1237,32
843.636,load,89,36.045,1237,32
843.686,load,89,35.735,1042,32
843.737,load,89,35.735,1042,32
843.787,load,89,35.735,1042,32
843.838,load,89,35.735,1042,32
843.888,load,89,35.735,1042,32
843.939,load,89,35.735,1042,32
843.989,load,89,35.735,1042,32
844.04,load,89,35.735,1042,32
844.09,load,89,35.735,1042,32
844.14,load,89,35.735,1042,32
844.191,load,88,33.593,1237,32
844.241,load,88,33.593,1237,32
844.291,load,88,33.593,1237,32
844.342,load,88,33.593,1237,32
844.392,load,88,33.593,1237,32
844.443,load,88,33.593,1237,32
844.494,load,88,33.593,1237,32
844.544,load,88,33.593,1237,32
844.595,load,88,33.593,1237,32
844.645,load,88,33.593,1237,32
844.695,load,88,33.27,1050,32
844.746,load,88,33.27,1050,32
844.796,load,88,33.27,1050,32
844.847,load,88,33.27,1050,32
844.897,load,88,33.27,1050,32
844.947,load,88,33.27,1050,32
844.998,load,88,33.27,1050,32
845.048,load,88,33.27,1050,32
845.099,load,88,33.27,1050,32
845.15,load,88,33.27,1050,32
845.2,load,88,35.034,1237,32
845.25,load,88,35.034,1237,32
845.301,load,88,35.034,1237,32
845.351,load,88,35.034,1237,32
845.401,load,88,35.034,1237,32
845.452,load,88,35.034,1237,32
845.502,load,88,35.034,1237,32
845.553,load,88,35.034,1237,32
845.603,load,88,35.034,1237,32
845.653,load,88,35.034,1237,32
845.704,load,89,35.029,1080,32
845.754,load,89,35.029,1080,32
845.804,load,89,35.029,1080,32
845.855,load,89,35.029,1080,32
845.905,load,89,35.029,1080,32
845.956,load,89,35.029,1080,32
846.006,load,89,35.029,1080,32
846.056,load,89,35.029,1080,32
846.106,load,89,35.029,1080,32
846.157,load,89,35.029,1080,32
846.207,load,89,35.979,1237,32
846.257,load,89,35.979,1237,32
846.308,load,89,35.979,1237,32
846.358,load,89,35.979,1237,32
846.409,load,89,35.979,1237,32
846.46,load,89,35.979,1237,32
846.51,load,89,35.979,1237,32
846.56,load,89,35.979,1237,32
846.611,load,89,35.979,1237,32
846.661,load,88,34.245,967,32
846.711,load,88,34.245,967,32
846.762,load,88,34.245,967,32
846.812,load,88,34.245,967,32
846.863,load,88,34.245,967,32
846.913,load,88,34.245,967,32
846.964,load,88,34.245,967,32
847.014,load,88,34.245,967,32
847.065,load,88,34.245,967,32
847.115,load,88,34.245,967,32
847.165,load,88,33.219,1215,32
847.216,load,88,33.219,1215,32
847.266,load,88,33.219,1215,32
847.317,load,88,33.219,1215,32
847.367,load,88,33.219,1215,32
847.418,load,88,33.219,1215,32
847.468,load,88,33.219,1215,32
847.519,load,88,33.219,1215,32
847.569,load,88,33.219,1215,32
847.62,load,88,33.219,1215,32
847.67,load,89,33.877,1162,32
847.72,load,89,33.877,1162,32
847.771,load,89,33.877,1162,32
847.821,load,89,33.877,1162,32
847.872,load,89,33.877,1162,32
847.922,load,89,33.877,1162,32
847.973,load,89,33.877,1162,32
848.023,load,89,33.877,1162,32
848.073,load,89,33.877,1162,32
848.124,load,89,33.877,1162,32
848.174,load,89,35.649,1237,32
848.225,load,89,35.649,1237,32
848.275,load,89,35.649,1237,32
848.325,load,89,35.649,1237,32
848.376,load,89,35.649,1237,32
848.427,load,89,35.649,1237,32
848.477,load,89,35.649,1237,32
848.528,load,89,35.649,1237,32
848.578,load,89,35.649,1237,32
848.629,load,89,35.649,1237,32
848.679,load,88,34.758,1035,32
848.729,load,88,34.758,1035,32
848.78,load,88,34.758,1035,32
848.83,load,88,34.758,1035,32
848.88,load,88,34.758,1035,32
848.931,load,88,34.758,1035,32
848.981,load,88,34.758,1035,32
849.031,load,88,34.758,1035,32
849.082,load,88,34.758,1035,32
849.132,load,88,34.758,1035,32
849.183,load,89,35.003,1237,32
849.233,load,89,35.003,1237,32
849.284,load,89,35.003,1237,32
849.334,load,89,35.003,1237,32
849.385,load,89,35.003,1237,32
849.435,load,89,35.003,1237,32
849.486,load,89,35.003,1237,32
849.536,load,89,35.003,1237,32
849.587,load,89,35.003,1237,32
849.637,load,89,35.003,1237,32
849.687,load,89,34.483,1087,32
849.738,load,89,34.483,1087,32
849.788,load,89,34.483,1087,32
849.839,load,89,34.483,1087,32
849.889,load,89,34.483,1087,32
849.939,load,89,34.483,1087,32
849.99,load,89,34.483,1087,32
850.04,load,89,34.483,1087,32
850.091,load,89,34.483,1087,32
850.141,load,89,34.483,1087,32
850.192,load,89,35.763,1237,32
850.242,load,89,35.763,1237,32
850.293,load,89,35.763,1237,32
850.343,load,89,35.763,1237,32
850.393,load,89,35.763,1237,32
850.443,load,89,35.763,1237,32
850.494,load,89,35.763,1237,32
850.544,load,89,35.763,1237,32
850.595,load,89,35.763,1237,32
850.645,load,89,35.763,1237,32
850.695,load,88,34.141,1237,32
850.746,load,88,34.141,1237,32
850.797,load,88,34.141,1237,32
850.847,load,88,34.141,1237,32
850.898,load,88,34.141,1237,32
850.948,load,88,34.141,1237,32
850.999,load,88,34.141,1237,32
851.049,load,88,34.141,1237,32
851.099,load,88,34.141,1237,32
851.15,load,88,34.141,1237,32
851.2,load,89,35.62,1222,32
851.25,load,89,35.62,1222,32
851.301,load,89,35.62,1222,32
851.351,load,89,35.62,1222,32
851.402,load,89,35.62,1222,32
851.452,load,89,35.62,1222,32
851.502,load,89,35.62,1222,32
851.553,load,89,35.62,1222,32
851.603,load,89,35.62,1222,32
851.654,load,89,35.62,1222,32
851.704,load,87,32.492,1312,32
851.755,load,87,32.492,1312,32
851.805,load,87,32.492,1312,32
851.856,load,87,32.492,1312,32
851.906,load,87,32.492,1312,32
851.957,load,87,32.492,1312,32
852.007,load,87,32.492,1312,32
852.058,load,87,32.492,1312,32
852.108,load,87,32.492,1312,32
852.159,load,89,33.644,1222,32
852.209,load,89,33.644,1222,32
852.259,load,89,33.644,1222,32
852.31,load,89,33.644,1222,32
852.361,load,89,33.644,1222,32
852.411,load,89,33.644,1222,32
852.461,load,89,33.644,1222,32
852.512,load,89,33.644,1222,32
852.562,load,89,33.644,1222,32
852.613,load,89,33.644,1222,32
852.663,load,88,32.86,1237,32
852.713,load,88,32.86,1237,32
852.764,load,88,32.86,1237,32
852.815,load,88,32.86,1237,32
852.865,load,88,32.86,1237,32
852.916,load,88,32.86,1237,32
852.966,load,88,32.86,1237,32
853.016,load,88,32.86,1237,32
853.067,load,88,32.86,1237,32
853.117,load,88,32.86,1237,32
853.167,load,89,35.999,1237,32
853.218,load,89,35.999,1237,32
853.268,load,89,35.999,1237,32
853.319,load,89,35.999,1237,32
853.369,load,89,35.999,1237,32
853.42,load,89,35.999,1237,32
853.471,load,89,35.999,1237,32
853.521,load,89,35.999,1237,32
853.571,load,89,35.999,1237,32
853.622,load,89,35.999,1237,32
853.672,load,87,33.46,1237,32
853.723,load,87,33.46,1237,32
853.773,load,87,33.46,1237,32
853.824,load,87,33.46,1237,32
853.874,load,87,33.46,1237,32
853.925,load,87,33.46,1237,32
853.975,load,87,33.46,1237,32
854.025,load,87,33.46,1237,32
854.076,load,87,33.46,1237,32
854.126,load,87,33.46,1237,32
854.176,load,89,35.133,1065,32
854.227,load,89,35.133,1065,32
854.277,load,89,35.133,1065,32
854.328,load,89,35.133,1065,32
854.378,load,89,35.133,1065,32
854.428,load,89,35.133,1065,32
854.478,load,89,35.133,1065,32
854.529,load,89,35.133,1065,32
854.58,load,89,35.133,1065,32
854.63,load,89,35.133,1065,32
854.681,load,86,33.311,1162,32
854.731,load,86,33.311,1162,32
854.782,load,86,33.311,1162,32
854.834,load,86,33.311,1162,32
854.884,load,86,33.311,1162,32
854.935,load,86,33.311,1162,32
854.985,load,86,33.311,1162,32
855.035,load,86,33.311,1162,32
855.086,load,86,33.311,1162,32
855.137,load,86,33.311,1162,32
855.187,load,89,34.619,1222,32
855.238,load,89,34.619,1222,32
855.288,load,89,34.619,1222,32
855.338,load,89,34.619,1222,32
855.389,load,89,34.619,1222,32
855.439,load,89,34.619,1222,32
855.49,load,89,34.619,1222,32
855.541,load,89,34.619,1222,32
855.591,load,89,34.619,1222,32
855.641,load,89,34.619,1222,32
855.692,load,87,34.025,1020,32
855.742,load,87,34.025,1020,32
855.793,load,87,34.025,1020,32
855.843,load,87,34.025,1020,32
855.894,load,87,34.025,1020,32
855.944,load,87,34.025,1020,32
855.995,load,87,34.025,1020,32
856.045,load,87,34.025,1020,32
856.096,load,87,34.025,1020,32
856.146,load,87,34.025,1020,32
856.196,load,89,34.509,1222,32
856.247,load,89,34.509,1222,32
856.297,load,89,34.509,1222,32
856.347,load,89,34.509,1222,32
856.398,load,89,34.509,1222,32
856.449,load,89,34.509,1222,32
856.499,load,89,34.509,1222,32
856.55,load,89,34.509,1222,32
856.6,load,89,34.509,1222,32
856.65,load,89,34.509,1222,32
856.701,load,88,34.831,1237,32
856.752,load,88,34.831,1237,32
856.802,load,88,34.831,1237,32
856.853,load,88,34.831,1237,32
856.903,load,88,34.831,1237,32
856.953,load,88,34.831,1237,32
857.004,load,88,34.831,1237,32
857.055,load,88,34.831,1237,32
857.105,load,88,34.831,1237,32
857.156,load,88,34.831,1237,32
857.206,load,89,35.987,997,32
857.256,load,89,35.987,997,32
857.307,load,89,35.987,997,32
857.357,load,89,35.987,997,32
857.407,load,89,35.987,997,32
857.458,load,89,35.987,997,32
857.508,load,89,35.987,997,32
857.558,load,89,35.987,997,32
857.609,load,89,35.987,997,32
857.66,load,88,35.266,1222,32
857.71,load,88,35.266,1222,32
857.761,load,88,35.266,1222,32
857.811,load,88,35.266,1222,32
857.861,load,88,35.266,1222,32
857.912,load,88,35.266,1222,32
857.962,load,88,35.266,1222,32
858.012,load,88,35.266,1222,32
858.063,load,88,35.266,1222,32
858.114,load,88,35.266,1222,32
858.164,load,89,34.887,997,32
858.214,load,89,34.887,997,32
858.265,load,89,34.887,997,32
858.315,load,89,34.887,997,32
858.366,load,89,34.887,997,32
858.416,load,89,34.887,997,32
858.466,load,89,34.887,997,32
858.517,load,89,34.887,997,32
858.568,load,89,34.887,997,32
858.618,load,89,34.887,997,32
858.669,load,87,34.49,1140,1
858.719,load,87,34.49,1140,1
858.769,load,87,34.49,1140,1
858.82,load,87,34.49,1140,1
858.87,load,87,34.49,1140,1
858.921,load,87,34.49,1140,1
858.971,load,87,34.49,1140,1
859.022,load,87,34.49,1140,1
859.072,load,87,34.49,1140,1
859.122,load,87,34.49,1140,1
859.173,load,89,34.309,1192,32
859.224,load,89,34.309,1192,32
859.274,load,89,34.309,1192,32
859.325,load,89,34.309,1192,32
859.375,load,89,34.309,1192,32
859.425,load,89,34.309,1192,32
859.476,load,89,34.309,1192,32
859.526,load,89,34.309,1192,32
859.577,load,89,34.309,1192,32
859.627,load,89,34.309,1192,32
859.677,load,89,35.722,1237,32
859.728,load,89,35.722,1237,32
859.778,load,89,35.722,1237,32
859.829,load,89,35.722,1237,32
859.879,load,89,35.722,1237,32
859.93,load,89,35.722,1237,32
859.98,load,89,35.722,1237,32
860.03,load,89,35.722,1237,32
860.081,load,89,35.722,1237,32
860.131,load,89,35.722,1237,32
860.181,load,89,35.754,1057,32
860.232,load,89,35.754,1057,32
860.282,load,89,35.754,1057,32
860.333,load,89,35.754,1057,32
860.383,load,89,35.754,1057,32
860.434,load,89,35.754,1057,32
860.485,load,89,35.754,1057,32
860.535,load,89,35.754,1057,32
860.586,load,89,35.754,1057,32
860.636,load,89,35.754,1057,32
860.687,load,89,35.103,1230,32
860.737,load,89,35.103,1230,32
860.787,load,89,35.103,1230,32
860.838,load,89,35.103,1230,32
860.888,load,89,35.103,1230,32
860.939,load,89,35.103,1230,32
860.989,load,89,35.103,1230,32
861.04,load,89,35.103,1230,32
861.09,load,89,35.103,1230,32
861.141,load,89,35.103,1230,32
861.191,load,89,34.812,1087,32
861.242,load,89,34.812,1087,32
861.292,load,89,34.812,1087,32
861.343,load,89,34.812,1087,32
861.393,load,89,34.812,1087,32
861.443,load,89,34.812,1087,32
861.494,load,89,34.812,1087,32
861.544,load,89,34.812,1087,32
861.595,load,89,34.812,1087,32
861.645,load,89,34.812,1087,32
861.696,load,89,36.006,1237,32
861.746,load,89,36.006,1237,32
861.796,load,89,36.006,1237,32
861.847,load,89,36.006,1237,32
861.897,load,89,36.006,1237,32
861.948,load,89,36.006,1237,32
861.998,load,89,36.006,1237,32
862.049,load,89,36.006,1237,32
862.099,load,89,36.006,1237,32
862.149,load,89,36.006,1237,32
862.2,load,89,34.798,1065,32
862.251,load,89,34.798,1065,32
862.301,load,89,34.798,1065,32
862.351,load,89,34.798,1065,32
862.402,load,89,34.798,1065,32
862.453,load,89,34.798,1065,32
862.503,load,89,34.798,1065,32
862.553,load,89,34.798,1065,32
862.603,load,89,34.798,1065,32
862.654,load,89,34.798,1065,32
862.704,load,88,34.234,1222,1
862.754,load,88,34.234,1222,1
862.805,load,88,34.234,1222,1
862.855,load,88,34.234,1222,1
862.906,load,88,34.234,1222,1
862.956,load,88,34.234,1222,1
863.006,load,88,34.234,1222,1
863.057,load,88,34.234,1222,1
863.107,load,88,34.234,1222,1
863.158,load,88,34.234,1222,1
863.208,load,88,33.374,1020,32
863.258,load,88,33.374,1020,32
863.309,load,88,33.374,1020,32
863.359,load,88,33.374,1020,32
863.41,load,88,33.374,1020,32
863.46,load,88,33.374,1020,32
863.511,load,88,33.374,1020,32
863.561,load,88,33.374,1020,32
863.612,load,88,33.374,1020,32
863.662,load,88,33.902,1222,32
863.712,load,88,33.902,1222,32
863.763,load,88,33.902,1222,32
863.813,load,88,33.902,1222,32
863.863,load,88,33.902,1222,32
863.913,load,88,33.902,1222,32
863.964,load,88,33.902,1222,32
864.014,load,88,33.902,1222,32
864.065,load,88,33.902,1222,32
864.116,load,88,33.902,1222,32
864.166,load,89,34.714,1207,32
864.216,load,89,34.714,1207,32
864.267,load,89,34.714,1207,32
864.317,load,89,34.714,1207,32
864.368,load,89,34.714,1207,32
864.418,load,89,34.714,1207,32
864.468,load,89,34.714,1207,32
864.519,load,89,34.714,1207,32
864.569,load,89,34.714,1207,32
864.62,load,89,34.714,1207,32
864.67,load,89,36.45,1237,32
864.72,load,89,36.45,1237,32
864.771,load,89,36.45,1237,32
864.821,load,89,36.45,1237,32
864.871,load,89,36.45,1237,32
864.922,load,89,36.45,1237,32
864.972,load,89,36.45,1237,32
865.023,load,89,36.45,1237,32
865.073,load,89,36.45,1237,32
865.123,load,89,36.45,1237,32
865.174,load,89,34.815,1117,32
865.224,load,89,34.815,1117,32
865.275,load,89,34.815,1117,32
865.325,load,89,34.815,1117,32
865.376,load,89,34.815,1117,32
865.426,load,89,34.815,1117,32
865.477,load,89,34.815,1117,32
865.527,load,89,34.815,1117,32
865.578,load,89,34.815,1117,32
865.628,load,89,34.815,1117,32
865.678,load,89,34.625,1237,32
865.729,load,89,34.625,1237,32
865.779,load,89,34.625,1237,32
865.83,load,89,34.625,1237,32
865.88,load,89,34.625,1237,32
865.931,load,89,34.625,1237,32
865.981,load,89,34.625,1237,32
866.031,load,89,34.625,1237,32
866.082,load,89,34.625,1237,32
866.132,load,89,34.625,1237,32
866.183,load,89,34.381,1237,32
866.233,load,89,34.381,1237,32
866.283,load,89,34.381,1237,32
866.334,load,89,34.381,1237,32
866.384,load,89,34.381,1237,32
866.435,load,89,34.381,1237,32
866.485,load,89,34.381,1237,32
866.535,load,89,34.381,1237,32
866.585,load,89,34.381,1237,32
866.636,load,89,34.381,1237,32
866.686,load,89,35.324,1237,32
866.737,load,89,35.324,1237,32
866.787,load,89,35.324,1237,32
866.838,load,89,35.324,1237,32
866.889,load,89,35.324,1237,32
866.939,load,89,35.324,1237,32
866.989,load,89,35.324,1237,32
867.04,load,89,35.324,1237,32
867.09,load,89,35.324,1237,32
867.14,load,89,35.324,1237,32
867.19,load,89,33.818,1237,32
867.241,load,89,33.818,1237,32
867.292,load,89,33.818,1237,32
867.342,load,89,33.818,1237,32
867.393,load,89,33.818,1237,32
867.443,load,89,33.818,1237,32
867.493,load,89,33.818,1237,32
867.544,load,89,33.818,1237,32
867.594,load,89,33.818,1237,32
867.644,load,89,33.818,1237,32
867.694,load,89,35.384,1222,32
867.745,load,89,35.384,1222,32
867.795,load,89,35.384,1222,32
867.846,load,89,35.384,1222,32
867.896,load,89,35.384,1222,32
867.947,load,89,35.384,1222,32
867.997,load,89,35.384,1222,32
868.048,load,89,35.384,1222,32
868.098,load,89,35.384,1222,32
868.149,load,89,35.384,1222,32
868.199,load,88,32.576,1237,32
868.25,load,88,32.576,1237,32
868.3,load,88,32.576,1237,32
868.35,load,88,32.576,1237,32
868.401,load,88,32.576,1237,32
868.451,load,88,32.576,1237,32
868.501,load,88,32.576,1237,32
868.552,load,88,32.576,1237,32
868.602,load,88,32.576,1237,32
868.653,load,88,32.576,1237,32
868.703,load,89,34.034,1237,32
868.753,load,89,34.034,1237,32
868.804,load,89,34.034,1237,32
868.854,load,89,34.034,1237,32
868.904,load,89,34.034,1237,32
868.955,load,89,34.034,1237,32
869.005,load,89,34.034,1237,32
869.056,load,89,34.034,1237,32
869.106,load,89,34.034,1237,32
869.156,load,89,34.034,1237,32
869.207,load,88,33.331,1237,32
869.257,load,88,33.331,1237,32
869.308,load,88,33.331,1237,32
869.358,load,88,33.331,1237,32
869.408,load,88,33.331,1237,32
869.459,load,88,33.331,1237,32
869.509,load,88,33.331,1237,32
869.56,load,88,33.331,1237,32
869.61,load,88,33.331,1237,32
869.66,load,88,33.331,1237,32
869.711,load,89,35.291,1237,32
869.761,load,89,35.291,1237,32
869.811,load,89,35.291,1237,32
869.862,load,89,35.291,1237,32
869.912,load,89,35.291,1237,32
869.963,load,89,35.291,1237,32
870.013,load,89,35.291,1237,32
870.063,load,89,35.291,1237,32
870.114,load,89,35.291,1237,32
870.164,load,88,33.234,1237,32
870.215,load,88,33.234,1237,32
870.265,load,88,33.234,1237,32
870.316,load,88,33.234,1237,32
870.366,load,88,33.234,1237,32
870.416,load,88,33.234,1237,32
870.467,load,88,33.234,1237,32
870.517,load,88,33.234,1237,32
870.568,load,88,33.234,1237,32
870.618,load,88,33.234,1237,32
870.669,load,89,35.473,1020,32
870.719,load,89,35.473,1020,32
870.769,load,89,35.473,1020,32
870.82,load,89,35.473,1020,32
870.87,load,89,35.473,1020,32
870.921,load,89,35.473,1020,32
870.971,load,89,35.473,1020,32
871.022,load,89,35.473,1020,32
871.072,load,89,35.473,1020,32
871.122,load,89,35.473,1020,32
871.173,load,87,32.336,1237,32
871.223,load,87,32.336,1237,32
871.274,load,87,32.336,1237,32
871.324,load,87,32.336,1237,32
871.374,load,87,32.336,1237,32
871.425,load,87,32.336,1237,32
871.475,load,87,32.336,1237,32
871.526,load,87,32.336,1237,32
871.576,load,87,32.336,1237,32
871.626,load,87,32.336,1237,32
871.677,load,89,34.133,1222,32
871.727,load,89,34.133,1222,32
871.777,load,89,34.133,1222,32
871.828,load,89,34.133,1222,32
871.878,load,89,34.133,1222,32
871.929,load,89,34.133,1222,32
871.979,load,89,34.133,1222,32
872.03,load,89,34.133,1222,32
872.08,load,89,34.133,1222,32
872.131,load,89,34.133,1222,32
872.181,load,87,32.865,1237,32
872.232,load,87,32.865,1237,32
872.283,load,87,32.865,1237,32
872.333,load,87,32.865,1237,32
872.384,load,87,32.865,1237,32
872.434,load,87,32.865,1237,32
872.484,load,87,32.865,1237,32
872.534,load,87,32.865,1237,32
872.585,load,87,32.865,1237,32
872.636,load,87,32.865,1237,32
872.686,load,89,35.116,1222,32
872.737,load,89,35.116,1222,32
872.787,load,89,35.116,1222,32
872.837,load,89,35.116,1222,32
872.888,load,89,35.116,1222,32
872.938,load,89,35.116,1222,32
872.989,load,89,35.116,1222,32
873.04,load,89,35.116,1222,32
873.09,load,89,35.116,1222,32
873.14,load,89,35.116,1222,32
873.191,load,87,33.611,1237,32
873.241,load,87,33.611,1237,32
873.292,load,87,33.611,1237,32
873.342,load,87,33.611,1237,32
873.392,load,87,33.611,1237,32
873.443,load,87,33.611,1237,32
873.493,load,87,33.611,1237,32
873.544,load,87,33.611,1237,32
873.594,load,87,33.611,1237,32
873.645,load,87,33.611,1237,32
873.695,load,89,35.293,1222,32
873.746,load,89,35.293,1222,32
873.796,load,89,35.293,1222,32
873.847,load,89,35.293,1222,32
873.897,load,89,35.293,1222,32
873.948,load,89,35.293,1222,32
873.998,load,89,35.293,1222,32
874.049,load,89,35.293,1222,32
874.1,load,89,35.293,1222,32
874.151,load,89,35.293,1222,32
874.201,load,88,34.693,1200,32
874.252,load,88,34.693,1200,32
874.302,load,88,34.693,1200,32
874.352,load,88,34.693,1200,32
874.402,load,88,34.693,1200,32
874.453,load,88,34.693,1200,32
874.503,load,88,34.693,1200,32
874.553,load,88,34.693,1200,32
874.603,load,88,34.693,1200,32
874.654,load,88,34.693,1200,32
874.704,load,89,35.671,1207,32
874.755,load,89,35.671,1207,32
874.805,load,89,35.671,1207,32
874.855,load,89,35.671,1207,32
874.906,load,89,35.671,1207,32
874.956,load,89,35.671,1207,32
875.006,load,89,35.671,1207,32
875.056,load,89,35.671,1207,32
875.107,load,89,35.671,1207,32
875.157,load,89,35.671,1207,32
875.208,load,87,34.345,1140,32
875.258,load,87,34.345,1140,32
875.309,load,87,34.345,1140,32
875.359,load,87,34.345,1140,32
875.41,load,87,34.345,1140,32
875.46,load,87,34.345,1140,32
875.511,load,87,34.345,1140,32
875.561,load,87,34.345,1140,32
875.612,load,87,34.345,1140,32
875.662,load,89,34.114,1200,32
875.713,load,89,34.114,1200,32
875.763,load,89,34.114,1200,32
875.813,load,89,34.114,1200,32
875.864,load,89,34.114,1200,32
875.914,load,89,34.114,1200,32
875.964,load,89,34.114,1200,32
876.015,load,89,34.114,1200,32
876.066,load,89,34.114,1200,32
876.116,load,89,34.114,1200,32
876.166,load,88,34.884,1237,32
876.217,load,88,34.884,1237,32
876.267,load,88,34.884,1237,32
876.318,load,88,34.884,1237,32
876.369,load,88,34.884,1237,32
876.419,load,88,34.884,1237,32
876.469,load,88,34.884,1237,32
876.52,load,88,34.884,1237,32
876.571,load,88,34.884,1237,32
876.621,load,88,34.884,1237,32
876.671,load,89,35.711,1087,32
876.722,load,89,35.711,1087,32
876.772,load,89,35.711,1087,32
876.823,load,89,35.711,1087,32
876.873,load,89,35.711,1087,32
876.924,load,89,35.711,1087,32
876.974,load,89,35.711,1087,32
877.025,load,89,35.711,1087,32
877.075,load,89,35.711,1087,32
877.125,load,89,35.711,1087,32
877.176,load,88,34.414,1237,32
877.226,load,88,34.414,1237,32
877.277,load,88,34.414,1237,32
877.327,load,88,34.414,1237,32
877.378,load,88,34.414,1237,32
877.428,load,88,34.414,1237,32
877.478,load,88,34.414,1237,32
877.529,load,88,34.414,1237,32
877.579,load,88,34.414,1237,32
877.63,load,88,34.414,1237,32
877.68,load,89,33.724,1050,32
877.731,load,89,33.724,1050,32
877.781,load,89,33.724,1050,32
877.831,load,89,33.724,1050,32
877.882,load,89,33.724,1050,32
877.932,load,89,33.724,1050,32
877.982,load,89,33.724,1050,32
878.033,load,89,33.724,1050,32
878.083,load,89,33.724,1050,32
878.133,load,89,33.724,1050,32
878.184,load,88,35.262,1237,32
878.234,load,88,35.262,1237,32
878.285,load,88,35.262,1237,32
878.335,load,88,35.262,1237,32
878.385,load,88,35.262,1237,32
878.436,load,88,35.262,1237,32
878.486,load,88,35.262,1237,32
878.537,load,88,35.262,1237,32
878.587,load,88,35.262,1237,32
878.637,load,88,35.262,1237,32
878.688,load,88,34.406,1057,32
878.738,load,88,34.406,1057,32
878.789,load,88,34.406,1057,32
878.839,load,88,34.406,1057,32
878.89,load,88,34.406,1057,32
878.94,load,88,34.406,1057,32
878.99,load,88,34.406,1057,32
879.04,load,88,34.406,1057,32
879.091,load,88,34.406,1057,32
879.141,load,88,34.406,1057,32
879.192,load,88,34.587,1230,32
879.242,load,88,34.587,1230,32
879.292,load,88,34.587,1230,32
879.343,load,88,34.587,1230,32
879.393,load,88,34.587,1230,32
879.443,load,88,34.587,1230,32
879.494,load,88,34.587,1230,32
879.544,load,88,34.587,1230,32
879.595,load,88,34.587,1230,32
879.645,load,88,34.587,1230,32
879.695,load,89,34.316,1050,32
879.746,load,89,34.316,1050,32
879.796,load,89,34.316,1050,32
879.846,load,89,34.316,1050,32
879.897,load,89,34.316,1050,32
879.947,load,89,34.316,1050,32
879.997,load,89,34.316,1050,32
880.048,load,89,34.316,1050,32
880.098,load,89,34.316,1050,32
880.149,load,89,34.316,1050,32
880.2,load,88,34.392,1222,1
880.25,load,88,34.392,1222,1
880.301,load,88,34.392,1222,1
880.351,load,88,34.392,1222,1
880.402,load,88,34.392,1222,1
880.452,load,88,34.392,1222,1
880.503,load,88,34.392,1222,1
880.553,load,88,34.392,1222,1
880.603,load,88,34.392,1222,1
880.654,load,88,34.392,1222,1
880.705,load,89,34.69,1222,32
880.755,load,89,34.69,1222,32
880.805,load,89,34.69,1222,32
880.855,load,89,34.69,1222,32
880.906,load,89,34.69,1222,32
880.956,load,89,34.69,1222,32
881.007,load,89,34.69,1222,32
881.057,load,89,34.69,1222,32
881.108,load,89,34.69,1222,32
881.158,load,89,34.69,1222,32
881.208,load,89,35.895,1237,32
881.259,load,89,35.895,1237,32
881.309,load,89,35.895,1237,32
881.36,load,89,35.895,1237,32
881.41,load,89,35.895,1237,32
881.46,load,89,35.895,1237,32
881.511,load,89,35.895,1237,32
881.561,load,89,35.895,1237,32
881.611,load,89,35.895,1237,32
881.662,load,89,35.456,1050,32
881.712,load,89,35.456,1050,32
881.763,load,89,35.456,1050,32
881.813,load,89,35.456,1050,32
881.864,load,89,35.456,1050,32
881.914,load,89,35.456,1050,32
881.965,load,89,35.456,1050,32
882.015,load,89,35.456,1050,32
882.066,load,89,35.456,1050,32
882.117,load,89,35.456,1050,32
882.167,load,89,35.688,1237,32
882.218,load,89,35.688,1237,32
882.268,load,89,35.688,1237,32
882.318,load,89,35.688,1237,32
882.369,load,89,35.688,1237,32
882.419,load,89,35.688,1237,32
882.47,load,89,35.688,1237,32
882.52,load,89,35.688,1237,32
882.571,load,89,35.688,1237,32
882.621,load,89,35.688,1237,32
882.672,load,88,33.805,997,32
882.722,load,88,33.805,997,32
882.772,load,88,33.805,997,32
882.823,load,88,33.805,997,32
882.873,load,88,33.805,997,32
882.924,load,88,33.805,997,32
882.974,load,88,33.805,997,32
883.025,load,88,33.805,997,32
883.075,load,88,33.805,997,32
883.126,load,88,33.805,997,32
883.176,load,89,33.971,1237,32
883.226,load,89,33.971,1237,32
883.277,load,89,33.971,1237,32
883.327,load,89,33.971,1237,32
883.378,load,89,33.971,1237,32
883.428,load,89,33.971,1237,32
883.478,load,89,33.971,1237,32
883.528,load,89,33.971,1237,32
883.579,load,89,33.971,1237,32
883.629,load,89,33.971,1237,32
883.68,load,89,34.296,1080,32
883.731,load,89,34.296,1080,32
883.781,load,89,34.296,1080,32
883.831,load,89,34.296,1080,32
883.881,load,89,34.296,1080,32
883.932,load,89,34.296,1080,32
883.982,load,89,34.296,1080,32
884.033,load,89,34.296,1080,32
884.083,load,89,34.296,1080,32
884.134,load,89,34.296,1080,32
884.184,load,89,34.743,1222,32
884.235,load,89,34.743,1222,32
884.286,load,89,34.743,1222,32
884.336,load,89,34.743,1222,32
884.386,load,89,34.743,1222,32
884.437,load,89,34.743,1222,32
884.488,load,89,34.743,1222,32
884.538,load,89,34.743,1222,32
884.589,load,89,34.743,1222,32
884.639,load,89,34.743,1222,32
884.689,load,88,33.915,1042,32
884.74,load,88,33.915,1042,32
884.79,load,88,33.915,1042,32
884.84,load,88,33.915,1042,32
884.891,load,88,33.915,1042,32
884.941,load,88,33.915,1042,32
884.992,load,88,33.915,1042,32
885.042,load,88,33.915,1042,32
885.093,load,88,33.915,1042,32
885.143,load,88,33.915,1042,32
885.194,load,88,34.184,1237,32
885.244,load,88,34.184,1237,32
885.295,load,88,34.184,1237,32
885.345,load,88,34.184,1237,32
885.396,load,88,34.184,1237,32
885.447,load,88,34.184,1237,32
885.497,load,88,34.184,1237,32
885.548,load,88,34.184,1237,32
885.598,load,88,34.184,1237,32
885.649,load,88,34.184,1237,32
885.699,load,89,34.725,1027,32
885.75,load,89,34.725,1027,32
885.8,load,89,34.725,1027,32
885.85,load,89,34.725,1027,32
885.901,load,89,34.725,1027,32
885.951,load,89,34.725,1027,32
886.002,load,89,34.725,1027,32
886.053,load,89,34.725,1027,32
886.103,load,89,34.725,1027,32
886.153,load,89,34.725,1027,32
886.204,load,89,36.076,1222,32
886.254,load,89,36.076,1222,32
886.304,load,89,36.076,1222,32
886.354,load,89,36.076,1222,32
886.405,load,89,36.076,1222,32
886.455,load,89,36.076,1222,32
886.506,load,89,36.076,1222,32
886.556,load,89,36.076,1222,32
886.607,load,89,36.076,1222,32
886.657,load,89,36.076,1222,32
886.707,load,88,34.766,1005,32
886.758,load,88,34.766,1005,32
886.808,load,88,34.766,1005,32
886.859,load,88,34.766,1005,32
886.909,load,88,34.766,1005,32
886.959,load,88,34.766,1005,32
887.01,load,88,34.766,1005,32
887.061,load,88,34.766,1005,32
887.111,load,88,34.766,1005,32
887.161,load,88,34.766,1005,32
887.212,load,89,34.482,1237,32
887.263,load,89,34.482,1237,32
887.313,load,89,34.482,1237,32
887.364,load,89,34.482,1237,32
887.414,load,89,34.482,1237,32
887.465,load,89,34.482,1237,32
887.515,load,89,34.482,1237,32
887.566,load,89,34.482,1237,32
887.616,load,89,34.482,1237,32
887.667,load,89,34.531,1020,32
887.717,load,89,34.531,1020,32
887.768,load,89,34.531,1020,32
887.818,load,89,34.531,1020,32
887.869,load,89,34.531,1020,32
887.919,load,89,34.531,1020,32
887.969,load,89,34.531,1020,32
888.02,load,89,34.531,1020,32
888.07,load,89,34.531,1020,32
888.121,load,89,34.531,1020,32
888.171,load,89,34.603,1222,32
888.222,load,89,34.603,1222,32
888.272,load,89,34.603,1222,32
888.323,load,89,34.603,1222,32
888.373,load,89,34.603,1222,32
888.423,load,89,34.603,1222,32
888.473,load,89,34.603,1222,32
888.523,load,89,34.603,1222,32
888.574,load,89,34.603,1222,32
888.624,load,89,34.603,1222,32
888.674,load,88,33.648,907,32
888.725,load,88,33.648,907,32
888.775,load,88,33.648,907,32
888.825,load,88,33.648,907,32
888.876,load,88,33.648,907,32
888.927,load,88,33.648,907,32
888.977,load,88,33.648,907,32
889.027,load,88,33.648,907,32
889.078,load,88,33.648,907,32
889.128,load,88,33.648,907,32
889.179,load,88,34.291,1200,32
889.229,load,88,34.291,1200,32
889.28,load,88,34.291,1200,32
889.33,load,88,34.291,1200,32
889.38,load,88,34.291,1200,32
889.431,load,88,34.291,1200,32
889.481,load,88,34.291,1200,32
889.531,load,88,34.291,1200,32
889.582,load,88,34.291,1200,32
889.632,load,88,34.291,1200,32
889.683,load,89,34.418,1192,32
889.733,load,89,34.418,1192,32
889.783,load,89,34.418,1192,32
889.835,load,89,34.418,1192,32
889.885,load,89,34.418,1192,32
889.936,load,89,34.418,1192,32
889.986,load,89,34.418,1192,32
890.037,load,89,34.418,1192,32
890.087,load,89,34.418,1192,32
890.138,load,89,34.418,1192,32
890.188,load,89,35.751,1237,32
890.238,load,89,35.751,1237,32
890.289,load,89,35.751,1237,32
890.339,load,89,35.751,1237,32
890.39,load,89,35.751,1237,32
890.44,load,89,35.751,1237,32
890.49,load,89,35.751,1237,32
890.541,load,89,35.751,1237,32
890.591,load,89,35.751,1237,32
890.641,load,89,35.751,1237,32
890.692,load,88,34.348,1117,32
890.742,load,88,34.348,1117,32
890.793,load,88,34.348,1117,32
890.843,load,88,34.348,1117,32
890.893,load,88,34.348,1117,32
890.944,load,88,34.348,1117,32
890.994,load,88,34.348,1117,32
891.045,load,88,34.348,1117,32
891.096,load,88,34.348,1117,32
891.146,load,88,34.348,1117,32
891.197,load,89,34.597,1237,32
891.247,load,89,34.597,1237,32
891.297,load,89,34.597,1237,32
891.348,load,89,34.597,1237,32
891.399,load,89,34.597,1237,32
891.449,load,89,34.597,1237,32
891.5,load,89,34.597,1237,32
891.55,load,89,34.597,1237,32
891.601,load,89,34.597,1237,32
891.651,load,89,34.597,1237,32
891.702,load,89,33.844,1237,32
891.752,load,89,33.844,1237,32
891.803,load,89,33.844,1237,32
891.853,load,89,33.844,1237,32
891.904,load,89,33.844,1237,32
891.954,load,89,33.844,1237,32
892.005,load,89,33.844,1237,32
892.056,load,89,33.844,1237,32
892.106,load,89,33.844,1237,32
892.157,load,89,33.844,1237,32
892.207,load,89,35.575,1230,32
892.257,load,89,35.575,1230,32
892.308,load,89,35.575,1230,32
892.358,load,89,35.575,1230,32
892.409,load,89,35.575,1230,32
892.459,load,89,35.575,1230,32
892.509,load,89,35.575,1230,32
892.56,load,89,35.575,1230,32
892.61,load,89,35.575,1230,32
892.66,load,89,35.575,1230,32
892.711,load,88,33.663,1237,32
892.761,load,88,33.663,1237,32
892.811,load,88,33.663,1237,32
892.862,load,88,33.663,1237,32
892.912,load,88,33.663,1237,32
892.963,load,88,33.663,1237,32
893.013,load,88,33.663,1237,32
893.063,load,88,33.663,1237,32
893.114,load,88,33.663,1237,32
893.164,load,89,34.619,1207,32
893.214,load,89,34.619,1207,32
893.265,load,89,34.619,1207,32
893.315,load,89,34.619,1207,32
893.366,load,89,34.619,1207,32
893.416,load,89,34.619,1207,32
893.466,load,89,34.619,1207,32
893.517,load,89,34.619,1207,32
893.567,load,89,34.619,1207,32
893.618,load,89,34.619,1207,32
893.668,load,88,33.063,1237,32
893.719,load,88,33.063,1237,32
893.769,load,88,33.063,1237,32
893.82,load,88,33.063,1237,32
893.87,load,88,33.063,1237,32
893.921,load,88,33.063,1237,32
893.972,load,88,33.063,1237,32
894.022,load,88,33.063,1237,32
894.072,load,88,33.063,1237,32
894.123,load,88,33.063,1237,32
894.173,load,89,35.185,1237,32
894.224,load,89,35.185,1237,32
894.274,load,89,35.185,1237,32
894.325,load,89,35.185,1237,32
894.375,load,89,35.185,1237,32
894.425,load,89,35.185,1237,32
894.476,load,89,35.185,1237,32
894.526,load,89,35.185,1237,32
894.576,load,89,35.185,1237,32
894.627,load,89,35.185,1237,32
894.677,load,87,32.586,1237,32
894.727,load,87,32.586,1237,32
894.778,load,87,32.586,1237,32
894.828,load,87,32.586,1237,32
894.878,load,87,32.586,1237,32
894.929,load,87,32.586,1237,32
894.979,load,87,32.586,1237,32
895.03,load,87,32.586,1237,32
895.081,load,87,32.586,1237,32
895.131,load,87,32.586,1237,32
895.182,load,89,34.139,1222,32
895.232,load,89,34.139,1222,32
895.283,load,89,34.139,1222,32
895.333,load,89,34.139,1222,32
895.384,load,89,34.139,1222,32
895.434,load,89,34.139,1222,32
895.485,load,89,34.139,1222,32
895.535,load,89,34.139,1222,32
895.585,load,89,34.139,1222,32
895.635,load,89,34.139,1222,32
895.686,load,87,32.773,1237,32
895.736,load,87,32.773,1237,32
895.786,load,87,32.773,1237,32
895.837,load,87,32.773,1237,32
895.887,load,87,32.773,1237,32
895.938,load,87,32.773,1237,32
895.988,load,87,32.773,1237,32
896.039,load,87,32.773,1237,32
896.089,load,87,32.773,1237,32
896.14,load,87,32.773,1237,32
896.19,load,89,35.812,1222,32
896.24,load,89,35.812,1222,32
896.291,load,89,35.812,1222,32
896.341,load,89,35.812,1222,32
896.392,load,89,35.812,1222,32
896.442,load,89,35.812,1222,32
896.492,load,89,35.812,1222,32
896.543,load,89,35.812,1222,32
896.593,load,89,35.812,1222,32
896.644,load,89,35.812,1222,32
896.694,load,87,32.387,1237,32
896.745,load,87,32.387,1237,32
896.795,load,87,32.387,1237,32
896.846,load,87,32.387,1237,32
896.896,load,87,32.387,1237,32
896.947,load,87,32.387,1237,32
896.997,load,87,32.387,1237,32
897.047,load,87,32.387,1237,32
897.098,load,87,32.387,1237,32
897.148,load,87,32.387,1237,32
897.199,load,89,34.292,1222,32
897.249,load,89,34.292,1222,32
897.299,load,89,34.292,1222,32
897.35,load,89,34.292,1222,32
897.4,load,89,34.292,1222,32
897.451,load,89,34.292,1222,32
897.501,load,89,34.292,1222,32
897.552,load,89,34.292,1222,32
897.602,load,89,34.292,1222,32
897.652,load,89,34.292,1222,32
897.703,load,87,33.684,1020,32
897.753,load,87,33.684,1020,32
897.804,load,87,33.684,1020,32
897.854,load,87,33.684,1020,32
897.904,load,87,33.684,1020,32
897.956,load,87,33.684,1020,32
898.006,load,87,33.684,1020,32
898.056,load,87,33.684,1020,32
898.107,load,87,33.684,1020,32
898.157,load,87,33.684,1020,32
898.208,load,89,35.395,1215,32
898.258,load,89,35.395,1215,32
898.309,load,89,35.395,1215,32
898.359,load,89,35.395,1215,32
898.41,load,89,35.395,1215,32
898.46,load,89,35.395,1215,32
898.51,load,89,35.395,1215,32
898.561,load,89,35.395,1215,32
898.611,load,89,35.395,1215,32
898.662,load,89,35.395,1215,32
898.713,load,87,33.674,1222,32
898.763,load,87,33.674,1222,32
898.814,load,87,33.674,1222,32
898.864,load,87,33.674,1222,32
898.914,load,87,33.674,1222,32
898.965,load,87,33.674,1222,32
899.015,load,87,33.674,1222,32
899.065,load,87,33.674,1222,32
899.116,load,87,33.674,1222,32
899.166,load,89,35.124,1020,32
899.217,load,89,35.124,1020,32
899.268,load,89,35.124,1020,32
899.318,load,89,35.124,1020,32
899.368,load,89,35.124,1020,32
899.419,load,89,35.124,1020,32
899.469,load,89,35.124,1020,32
899.519,load,89,35.124,1020,32
899.57,load,89,35.124,1020,32
899.62,load,89,35.124,1020,32
899.67,load,87,33.593,1230,32
899.721,load,87,33.593,1230,32
899.772,load,87,33.593,1230,32
899.822,load,87,33.593,1230,32
899.873,load,87,33.593,1230,32
899.923,load,87,33.593,1230,32
899.974,load,87,33.593,1230,32
900.024,load,87,33.593,1230,32
900.074,load,87,33.593,1230,32
900.125,load,87,33.593,1230,32
900.175,load,89,34.696,1042,32
900.226,load,89,34.696,1042,32
900.276,load,89,34.696,1042,32
900.326,load,89,34.696,1042,32
900.376,load,89,34.696,1042,32
900.427,load,89,34.696,1042,32
900.477,load,89,34.696,1042,32
900.528,load,89,34.696,1042,32
900.578,load,89,34.696,1042,32
900.629,load,89,34.696,1042,32
900.679,load,87,34.446,1237,32
900.729,load,87,34.446,1237,32
900.78,load,87,34.446,1237,32
900.83,load,87,34.446,1237,32
900.88,load,87,34.446,1237,32
900.931,load,87,34.446,1237,32
900.981,load,87,34.446,1237,32
901.031,load,87,34.446,1237,32
901.081,load,87,34.446,1237,32
901.132,load,87,34.446,1237,32
901.183,load,89,34.136,1042,32
901.233,load,89,34.136,1042,32
901.283,load,89,34.136,1042,32
901.334,load,89,34.136,1042,32
901.384,load,89,34.136,1042,32
901.435,load,89,34.136,1042,32
901.485,load,89,34.136,1042,32
901.536,load,89,34.136,1042,32
901.586,load,89,34.136,1042,32
901.636,load,89,34.136,1042,32
901.687,load,87,34.12,1222,32
901.737,load,87,34.12,1222,32
901.788,load,87,34.12,1222,32
901.838,load,87,34.12,1222,32
901.889,load,87,34.12,1222,32
901.939,load,87,34.12,1222,32
901.989,load,87,34.12,1222,32
902.04,load,87,34.12,1222,32
902.09,load,87,34.12,1222,32
902.141,load,87,34.12,1222,32
902.191,load,89,34.621,1222,32
902.242,load,89,34.621,1222,32
902.292,load,89,34.621,1222,32
902.343,load,89,34.621,1222,32
902.393,load,89,34.621,1222,32
902.443,load,89,34.621,1222,32
902.494,load,89,34.621,1222,32
902.544,load,89,34.621,1222,32
902.594,load,89,34.621,1222,32
902.645,load,89,34.621,1222,32
902.695,load,88,35.859,1237,32
902.746,load,88,35.859,1237,32
902.796,load,88,35.859,1237,32
902.846,load,88,35.859,1237,32
902.897,load,88,35.859,1237,32
902.947,load,88,35.859,1237,32
902.997,load,88,35.859,1237,32
903.048,load,88,35.859,1237,32
903.098,load,88,35.859,1237,32
903.149,load,88,35.859,1237,32
903.199,load,89,35.67,1080,32
903.25,load,89,35.67,1080,32
903.3,load,89,35.67,1080,32
903.35,load,89,35.67,1080,32
903.401,load,89,35.67,1080,32
903.451,load,89,35.67,1080,32
903.501,load,89,35.67,1080,32
903.552,load,89,35.67,1080,32
903.602,load,89,35.67,1080,32
903.653,load,89,35.67,1080,32
903.703,load,88,35.091,1237,32
903.754,load,88,35.091,1237,32
903.804,load,88,35.091,1237,32
903.855,load,88,35.091,1237,32
903.905,load,88,35.091,1237,32
903.955,load,88,35.091,1237,32
904.006,load,88,35.091,1237,32
904.056,load,88,35.091,1237,32
904.107,load,88,35.091,1237,32
904.157,load,88,35.091,1237,32
904.207,load,89,34.79,1072,32
904.258,load,89,34.79,1072,32
904.309,load,89,34.79,1072,32
904.359,load,89,34.79,1072,32
904.409,load,89,34.79,1072,32
904.46,load,89,34.79,1072,32
904.51,load,89,34.79,1072,32
904.561,load,89,34.79,1072,32
904.611,load,89,34.79,1072,32
904.662,load,89,34.79,1072,32
904.712,load,89,35.926,1237,32
904.762,load,89,35.926,1237,32
904.813,load,89,35.926,1237,32
904.863,load,89,35.926,1237,32
904.914,load,89,35.926,1237,32
904.964,load,89,35.926,1237,32
905.014,load,89,35.926,1237,32
905.064,load,89,35.926,1237,32
905.115,load,89,35.926,1237,32
905.165,load,88,34.229,1027,32
905.216,load,88,34.229,1027,32
905.266,load,88,34.229,1027,32
905.316,load,88,34.229,1027,32
905.367,load,88,34.229,1027,32
905.417,load,88,34.229,1027,32
905.468,load,88,34.229,1027,32
905.518,load,88,34.229,1027,32
905.568,load,88,34.229,1027,32
905.619,load,88,34.229,1027,32
905.669,load,88,34.336,1222,32
905.72,load,88,34.336,1222,32
905.77,load,88,34.336,1222,32
905.821,load,88,34.336,1222,32
905.871,load,88,34.336,1222,32
905.921,load,88,34.336,1222,32
905.972,load,88,34.336,1222,32
906.022,load,88,34.336,1222,32
906.073,load,88,34.336,1222,32
906.123,load,88,34.336,1222,32
906.173,load,89,34.568,930,32
906.224,load,89,34.568,930,32
906.274,load,89,34.568,930,32
906.324,load,89,34.568,930,32
906.375,load,89,34.568,930,32
906.425,load,89,34.568,930,32
906.476,load,89,34.568,930,32
906.526,load,89,34.568,930,32
906.576,load,89,34.568,930,32
906.627,load,89,34.568,930,32
906.677,load,89,35.177,1237,32
906.728,load,89,35.177,1237,32
906.778,load,89,35.177,1237,32
906.829,load,89,35.177,1237,32
906.879,load,89,35.177,1237,32
906.929,load,89,35.177,1237,32
906.98,load,89,35.177,1237,32
907.03,load,89,35.177,1237,32
907.081,load,89,35.177,1237,32
907.132,load,89,35.177,1237,32
907.182,load,89,34.394,1065,32
907.233,load,89,34.394,1065,32
907.283,load,89,34.394,1065,32
907.333,load,89,34.394,1065,32
907.384,load,89,34.394,1065,32
907.434,load,89,34.394,1065,32
907.484,load,89,34.394,1065,32
907.535,load,89,34.394,1065,32
907.585,load,89,34.394,1065,32
907.635,load,89,34.394,1065,32
907.685,load,89,35.441,1230,32
907.736,load,89,35.441,1230,32
907.786,load,89,35.441,1230,32
907.836,load,89,35.441,1230,32
907.887,load,89,35.441,1230,32
907.937,load,89,35.441,1230,32
907.988,load,89,35.441,1230,32
908.038,load,89,35.441,1230,32
908.089,load,89,35.441,1230,32
908.139,load,89,35.441,1230,32
908.189,load,89,34.881,1042,32
908.24,load,89,34.881,1042,32
908.29,load,89,34.881,1042,32
908.34,load,89,34.881,1042,32
908.391,load,89,34.881,1042,32
908.441,load,89,34.881,1042,32
908.492,load,89,34.881,1042,32
908.542,load,89,34.881,1042,32
908.592,load,89,34.881,1042,32
908.643,load,89,34.881,1042,32
908.693,load,89,35.524,1230,32
908.744,load,89,35.524,1230,32
908.794,load,89,35.524,1230,32
908.844,load,89,35.524,1230,32
908.895,load,89,35.524,1230,32
908.945,load,89,35.524,1230,32
908.996,load,89,35.524,1230,32
909.046,load,89,35.524,1230,32
909.097,load,89,35.524,1230,32
909.147,load,89,35.524,1230,32
909.197,load,89,34.654,1192,32
909.248,load,89,34.654,1192,32
909.298,load,89,34.654,1192,32
909.349,load,89,34.654,1192,32
909.399,load,89,34.654,1192,32
909.45,load,89,34.654,1192,32
909.5,load,89,34.654,1192,32
909.55,load,89,34.654,1192,32
909.6,load,89,34.654,1192,32
909.651,load,89,34.654,1192,32
909.701,load,89,34.807,1222,32
909.751,load,89,34.807,1222,32
909.802,load,89,34.807,1222,32
909.852,load,89,34.807,1222,32
909.903,load,89,34.807,1222,32
909.953,load,89,34.807,1222,32
910.004,load,89,34.807,1222,32
910.054,load,89,34.807,1222,32
910.105,cool,89,34.807,1222,32
910.155,cool,89,34.807,1222,32
910.205,cool,89,33.609,1237,32
910.255,cool,89,33.609,1237,32
910.306,cool,89,33.609,1237,32
910.356,cool,89,33.609,1237,32
910.407,cool,89,33.609,1237,32
910.457,cool,89,33.609,1237,32
910.508,cool,89,33.609,1237,32
910.558,cool,89,33.609,1237,32
910.609,cool,89,33.609,1237,32
910.659,cool,89,33.609,1237,32
910.709,cool,85,27.752,1237,32
910.76,cool,85,27.752,1237,32
910.81,cool,85,27.752,1237,32
910.861,cool,85,27.752,1237,32
910.911,cool,85,27.752,1237,32
910.962,cool,85,27.752,1237,32
911.012,cool,85,27.752,1237,32
911.062,cool,85,27.752,1237,32
911.113,cool,85,27.752,1237,32
911.163,cool,85,27.752,1237,32
911.213,cool,85,21.219,1807,32
911.264,cool,85,21.219,1807,32
911.314,cool,85,21.219,1807,32
911.365,cool,85,21.219,1807,32
911.415,cool,85,21.219,1807,32
911.466,cool,85,21.219,1807,32
911.516,cool,85,21.219,1807,32
911.567,cool,85,21.219,1807,32
911.617,cool,85,21.219,1807,32
911.667,cool,85,21.219,1807,32
911.718,cool,85,21.219,1807,32
911.768,cool,85,21.219,1807,32
911.818,cool,85,21.219,1807,32
911.869,cool,85,21.219,1807,32
911.919,cool,85,21.219,1807,32
911.969,cool,85,21.219,1807,32
912.02,cool,85,21.219,1807,32
912.07,cool,85,21.219,1807,32
912.121,cool,85,21.219,1807,32
912.171,cool,85,24.288,337,1
912.221,cool,85,24.288,337,1
912.272,cool,85,24.288,337,1
912.322,cool,85,24.288,337,1
912.373,cool,85,24.288,337,1
912.423,cool,85,24.288,337,1
912.474,cool,85,24.288,337,1
912.524,cool,85,24.288,337,1
912.574,cool,85,24.288,337,1
912.625,cool,85,24.288,337,1
912.675,cool,85,24.288,337,1
912.725,cool,85,24.288,337,1
912.776,cool,85,24.288,337,1
912.826,cool,85,24.288,337,1
912.877,cool,85,24.288,337,1
912.927,cool,85,24.288,337,1
912.978,cool,85,24.288,337,1
913.028,cool,85,24.288,337,1
913.079,cool,85,24.288,337,1
913.129,cool,85,24.288,337,1
913.18,cool,83,19.351,210,1
913.23,cool,83,19.351,210,1
913.281,cool,83,19.351,210,1
913.331,cool,83,19.351,210,1
913.381,cool,83,19.351,210,1
913.432,cool,83,19.351,210,1
913.482,cool,83,19.351,210,1
913.532,cool,83,19.351,210,1
913.583,cool,83,19.351,210,1
913.633,cool,83,19.351,210,1
913.683,cool,83,19.351,210,1
913.734,cool,83,19.351,210,1
913.784,cool,83,19.351,210,1
913.834,cool,83,19.351,210,1
913.885,cool,83,19.351,210,1
913.936,cool,83,19.351,210,1
913.986,cool,83,19.351,210,1
914.036,cool,83,19.351,210,1
914.087,cool,83,19.351,210,1
914.137,cool,83,19.351,210,1
914.187,cool,82,14.174,210,1
914.238,cool,82,14.174,210,1
914.288,cool,82,14.174,210,1
914.339,cool,82,14.174,210,1
914.389,cool,82,14.174,210,1
914.44,cool,82,14.174,210,1
914.49,cool,82,14.174,210,1
914.54,cool,82,14.174,210,1
914.591,cool,82,14.174,210,1
914.641,cool,82,14.174,210,1
914.692,cool,82,14.174,210,1
914.742,cool,82,14.174,210,1
914.793,cool,82,14.174,210,1
914.843,cool,82,14.174,210,1
914.894,cool,82,14.174,210,1
914.944,cool,82,14.174,210,1
914.994,cool,82,14.174,210,1
915.045,cool,82,14.174,210,1
915.095,cool,82,14.174,210,1
915.145,cool,82,14.174,210,1
915.196,cool,81,13.421,210,1
915.246,cool,81,13.421,210,1
915.297,cool,81,13.421,210,1
915.348,cool,81,13.421,210,1
915.398,cool,81,13.421,210,1
915.448,cool,81,13.421,210,1
915.499,cool,81,13.421,210,1
915.549,cool,81,13.421,210,1
915.599,cool,81,13.421,210,1
915.65,cool,81,13.421,210,1
915.7,cool,81,13.421,210,1
915.75,cool,81,13.421,210,1
915.801,cool,81,13.421,210,1
915.851,cool,81,13.421,210,1
915.901,cool,81,13.421,210,1
915.952,cool,81,13.421,210,1
916.002,cool,81,13.421,210,1
916.053,cool,81,13.421,210,1
916.103,cool,81,13.421,210,1
916.153,cool,81,13.421,210,1
916.204,cool,80,10.854,210,1
916.254,cool,80,10.854,210,1
916.304,cool,80,10.854,210,1
916.355,cool,80,10.854,210,1
916.405,cool,80,10.854,210,1
916.455,cool,80,10.854,210,1
916.506,cool,80,10.854,210,1
916.557,cool,80,10.854,210,1
916.607,cool,80,10.854,210,1
916.658,cool,80,10.854,210,1
916.708,cool,80,10.854,210,1
916.759,cool,80,10.854,210,1
916.809,cool,80,10.854,210,1
916.86,cool,80,10.854,210,1
916.91,cool,80,10.854,210,1
916.961,cool,80,10.854,210,1
917.011,cool,80,10.854,210,1
917.061,cool,80,10.854,210,1
917.112,cool,80,10.854,210,1
917.162,cool,80,10.854,210,1
917.213,cool,79,8.586,210,1
917.263,cool,79,8.586,210,1
917.313,cool,79,8.586,210,1
917.363,cool,79,8.586,210,1
917.414,cool,79,8.586,210,1
917.464,cool,79,8.586,210,1
917.515,cool,79,8.586,210,1
917.565,cool,79,8.586,210,1
917.616,cool,79,8.586,210,1
917.666,cool,79,8.586,210,1
917.716,cool,79,8.586,210,1
917.767,cool,79,8.586,210,1
917.817,cool,79,8.586,210,1
917.868,cool,79,8.586,210,1
917.919,cool,79,8.586,210,1
917.969,cool,79,8.586,210,1
918.019,cool,79,8.586,210,1
918.07,cool,79,8.586,210,1
918.121,cool,79,8.586,210,1
918.171,cool,79,8.357,210,1
918.222,cool,79,8.357,210,1
918.272,cool,79,8.357,210,1
918.323,cool,79,8.357,210,1
918.373,cool,79,8.357,210,1
918.424,cool,79,8.357,210,1
918.474,cool,79,8.357,210,1
918.524,cool,79,8.357,210,1
918.575,cool,79,8.357,210,1
918.625,cool,79,8.357,210,1
918.675,cool,79,8.357,210,1
918.725,cool,79,8.357,210,1
918.776,cool,79,8.357,210,1
918.826,cool,79,8.357,210,1
918.876,cool,79,8.357,210,1
918.927,cool,79,8.357,210,1
918.977,cool,79,8.357,210,1
919.028,cool,79,8.357,210,1
919.079,cool,79,8.357,210,1
919.129,cool,79,8.357,210,1
919.179,cool,79,8.283,210,1
919.23,cool,79,8.283,210,1
919.28,cool,79,8.283,210,1
919.33,cool,79,8.283,210,1
919.38,cool,79,8.283,210,1
919.431,cool,79,8.283,210,1
919.482,cool,79,8.283,210,1
919.532,cool,79,8.283,210,1
919.583,cool,79,8.283,210,1
919.634,cool,79,8.283,210,1
919.684,cool,79,8.283,210,1
919.734,cool,79,8.283,210,1
919.785,cool,79,8.283,210,1
919.835,cool,79,8.283,210,1
919.886,cool,79,8.283,210,1
919.936,cool,79,8.283,210,1
919.987,cool,79,8.283,210,1
920.037,cool,79,8.283,210,1
920.087,cool,79,8.283,210,1
920.138,cool,79,8.283,210,1
920.188,cool,78,8.173,210,1
920.239,cool,78,8.173,210,1
920.289,cool,78,8.173,210,1
920.34,cool,78,8.173,210,1
920.39,cool,78,8.173,210,1
920.441,cool,78,8.173,210,1
920.491,cool,78,8.173,210,1
920.542,cool,78,8.173,210,1
920.592,cool,78,8.173,210,1
920.643,cool,78,8.173,210,1
920.697,cool,78,8.173,210,1
920.747,cool,78,8.173,210,1
920.798,cool,78,8.173,210,1
920.848,cool,78,8.173,210,1
920.899,cool,78,8.173,210,1
920.949,cool,78,8.173,210,1
921.0,cool,78,8.173,210,1
921.05,cool,78,8.173,210,1
921.1,cool,78,8.173,210,1
921.151,cool,78,8.173,210,1
921.201,cool,78,8.087,210,1
921.252,cool,78,8.087,210,1
921.302,cool,78,8.087,210,1
921.353,cool,78,8.087,210,1
921.403,cool,78,8.087,210,1
921.453,cool,78,8.087,210,1
921.504,cool,78,8.087,210,1
921.554,cool,78,8.087,210,1
921.605,cool,78,8.087,210,1
921.655,cool,78,8.087,210,1
921.705,cool,78,8.087,210,1
921.756,cool,78,8.087,210,1
921.806,cool,78,8.087,210,1
921.857,cool,78,8.087,210,1
921.907,cool,78,8.087,210,1
921.957,cool,78,8.087,210,1
922.008,cool,78,8.087,210,1
922.058,cool,78,8.087,210,1
922.109,cool,78,8.087,210,1
922.159,cool,78,8.087,210,1
922.21,cool,78,8.066,210,1
922.26,cool,78,8.066,210,1
922.311,cool,78,8.066,210,1
922.361,cool,78,8.066,210,1
922.411,cool,78,8.066,210,1
922.462,cool,78,8.066,210,1
922.512,cool,78,8.066,210,1
922.563,cool,78,8.066,210,1
922.613,cool,78,8.066,210,1
922.664,cool,78,8.066,210,1
922.714,cool,78,8.066,210,1
922.764,cool,78,8.066,210,1
922.814,cool,78,8.066,210,1
922.865,cool,78,8.066,210,1
922.915,cool,78,8.066,210,1
922.966,cool,78,8.066,210,1
923.016,cool,78,8.066,210,1
923.066,cool,78,8.066,210,1
923.117,cool,78,8.066,210,1
923.167,cool,78,8.066,210,1
923.217,cool,78,8.022,210,1
923.268,cool,78,8.022,210,1
923.318,cool,78,8.022,210,1
923.369,cool,78,8.022,210,1
923.419,cool,78,8.022,210,1
923.469,cool,78,8.022,210,1
923.52,cool,78,8.022,210,1
923.571,cool,78,8.022,210,1
923.621,cool,78,8.022,210,1
923.672,cool,78,8.022,210,1
923.722,cool,78,8.022,210,1
923.772,cool,78,8.022,210,1
923.823,cool,78,8.022,210,1
923.873,cool,78,8.022,210,1
923.924,cool,78,8.022,210,1
923.974,cool,78,8.022,210,1
924.025,cool,78,8.022,210,1
924.075,cool,78,8.022,210,1
924.126,cool,78,8.022,210,1
924.176,cool,77,8.006,210,1
924.226,cool,77,8.006,210,1
924.277,cool,77,8.006,210,1
924.327,cool,77,8.006,210,1
924.377,cool,77,8.006,210,1
924.428,cool,77,8.006,210,1
924.478,cool,77,8.006,210,1
924.529,cool,77,8.006,210,1
924.579,cool,77,8.006,210,1
924.629,cool,77,8.006,210,1
924.679,cool,77,8.006,210,1
924.73,cool,77,8.006,210,1
924.78,cool,77,8.006,210,1
924.831,cool,77,8.006,210,1
924.881,cool,77,8.006,210,1
924.931,cool,77,8.006,210,1
924.982,cool,77,8.006,210,1
925.032,cool,77,8.006,210,1
925.082,cool,77,8.006,210,1
925.133,cool,77,8.006,210,1
925.183,cool,77,7.982,210,1
925.233,cool,77,7.982,210,1
925.284,cool,77,7.982,210,1
925.334,cool,77,7.982,210,1
925.385,cool,77,7.982,210,1
925.435,cool,77,7.982,210,1
925.485,cool,77,7.982,210,1
925.536,cool,77,7.982,210,1
925.587,cool,77,7.982,210,1
925.637,cool,77,7.982,210,1
925.688,cool,77,7.982,210,1
925.738,cool,77,7.982,210,1
925.789,cool,77,7.982,210,1
925.839,cool,77,7.982,210,1
925.889,cool,77,7.982,210,1
925.94,cool,77,7.982,210,1
925.99,cool,77,7.982,210,1
926.04,cool,77,7.982,210,1
926.091,cool,77,7.982,210,1
926.141,cool,77,7.982,210,1
926.192,cool,77,7.951,210,1
926.242,cool,77,7.951,210,1
926.292,cool,77,7.951,210,1
926.343,cool,77,7.951,210,1
926.393,cool,77,7.951,210,1
926.444,cool,77,7.951,210,1
926.494,cool,77,7.951,210,1
926.544,cool,77,7.951,210,1
926.595,cool,77,7.951,210,1
926.645,cool,77,7.951,210,1
926.695,cool,77,7.951,210,1
926.745,cool,77,7.951,210,1
926.796,cool,77,7.951,210,1
926.846,cool,77,7.951,210,1
926.897,cool,77,7.951,210,1
926.947,cool,77,7.951,210,1
926.998,cool,77,7.951,210,1
927.048,cool,77,7.951,210,1
927.098,cool,77,7.951,210,1
927.149,cool,77,7.951,210,1
927.199,cool,76,7.929,210,1
927.249,cool,76,7.929,210,1
927.3,cool,76,7.929,210,1
927.35,cool,76,7.929,210,1
927.401,cool,76,7.929,210,1
927.451,cool,76,7.929,210,1
927.501,cool,76,7.929,210,1
927.552,cool,76,7.929,210,1
927.602,cool,76,7.929,210,1
927.653,cool,76,7.929,210,1
927.703,cool,76,7.929,210,1
927.753,cool,76,7.929,210,1
927.804,cool,76,7.929,210,1
927.854,cool,76,7.929,210,1
927.904,cool,76,7.929,210,1
927.955,cool,76,7.929,210,1
928.005,cool,76,7.929,210,1
928.056,cool,76,7.929,210,1
928.106,cool,76,7.929,210,1
928.156,cool,76,7.929,210,1
928.206,cool,76,7.924,210,1
928.257,cool,76,7.924,210,1
928.307,cool,76,7.924,210,1
928.358,cool,76,7.924,210,1
928.408,cool,76,7.924,210,1
928.458,cool,76,7.924,210,1
928.508,cool,76,7.924,210,1
928.559,cool,76,7.924,210,1
928.609,cool,76,7.924,210,1
928.659,cool,76,7.924,210,1
928.71,cool,76,7.924,210,1
928.76,cool,76,7.924,210,1
928.811,cool,76,7.924,210,1
928.861,cool,76,7.924,210,1
928.912,cool,76,7.924,210,1
928.962,cool,76,7.924,210,1
929.013,cool,76,7.924,210,1
929.063,cool,76,7.924,210,1
929.113,cool,76,7.924,210,1
929.164,cool,76,7.924,210,1
929.214,cool,76,7.874,210,1
929.264,cool,76,7.874,210,1
929.314,cool,76,7.874,210,1
929.365,cool,76,7.874,210,1
929.415,cool,76,7.874,210,1
929.465,cool,76,7.874,210,1
929.516,cool,76,7.874,210,1
929.566,cool,76,7.874,210,1
929.616,cool,76,7.874,210,1
929.667,cool,76,7.874,210,1
929.717,cool,76,7.874,210,1
929.768,cool,76,7.874,210,1
929.818,cool,76,7.874,210,1
929.868,cool,76,7.874,210,1
929.919,cool,76,7.874,210,1
929.969,cool,76,7.874,210,1
930.02,cool,76,7.874,210,1
930.07,cool,76,7.874,210,1
930.121,cool,76,7.874,210,1
930.171,cool,76,7.874,210,1
930.221,cool,76,7.761,210,1
930.272,cool,76,7.761,210,1
930.322,cool,76,7.761,210,1
930.373,cool,76,7.761,210,1
930.423,cool,76,7.761,210,1
930.474,cool,76,7.761,210,1
930.524,cool,76,7.761,210,1
930.575,cool,76,7.761,210,1
930.625,cool,76,7.761,210,1
930.676,cool,76,7.761,210,1
930.726,cool,76,7.761,210,1
930.776,cool,76,7.761,210,1
930.827,cool,76,7.761,210,1
930.877,cool,76,7.761,210,1
930.927,cool,76,7.761,210,1
930.978,cool,76,7.761,210,1
931.028,cool,76,7.761,210,1
931.079,cool,76,7.761,210,1
931.129,cool,76,7.761,210,1
931.179,cool,76,7.669,210,1
931.229,cool,76,7.669,210,1
931.28,cool,76,7.669,210,1
931.33,cool,76,7.669,210,1
931.38,cool,76,7.669,210,1
931.431,cool,76,7.669,210,1
931.481,cool,76,7.669,210,1
931.532,cool,76,7.669,210,1
931.582,cool,76,7.669,210,1
931.633,cool,76,7.669,210,1
931.683,cool,76,7.669,210,1
931.733,cool,76,7.669,210,1
931.784,cool,76,7.669,210,1
931.834,cool,76,7.669,210,1
931.884,cool,76,7.669,210,1
931.935,cool,76,7.669,210,1
931.985,cool,76,7.669,210,1
932.035,cool,76,7.669,210,1
932.085,cool,76,7.669,210,1
932.136,cool,76,7.669,210,1
932.186,cool,76,7.652,210,1
932.236,cool,76,7.652,210,1
932.287,cool,76,7.652,210,1
932.337,cool,76,7.652,210,1
932.388,cool,76,7.652,210,1
932.438,cool,76,7.652,210,1
932.488,cool,76,7.652,210,1
932.539,cool,76,7.652,210,1
932.589,cool,76,7.652,210,1
932.64,cool,76,7.652,210,1
932.69,cool,76,7.652,210,1
932.74,cool,76,7.652,210,1
932.791,cool,76,7.652,210,1
932.841,cool,76,7.652,210,1
932.891,cool,76,7.652,210,1
932.942,cool,76,7.652,210,1
932.992,cool,76,7.652,210,1
933.042,cool,76,7.652,210,1
933.093,cool,76,7.652,210,1
933.143,cool,76,7.652,210,1
933.194,cool,75,7.607,210,1
933.244,cool,75,7.607,210,1
933.295,cool,75,7.607,210,1
933.345,cool,75,7.607,210,1
933.396,cool,75,7.607,210,1
933.446,cool,75,7.607,210,1
933.497,cool,75,7.607,210,1
933.547,cool,75,7.607,210,1
933.597,cool,75,7.607,210,1
933.648,cool,75,7.607,210,1
933.699,cool,75,7.607,210,1
933.749,cool,75,7.607,210,1
933.8,cool,75,7.607,210,1
933.85,cool,75,7.607,210,1
933.9,cool,75,7.607,210,1
933.951,cool,75,7.607,210,1
934.001,cool,75,7.607,210,1
934.052,cool,75,7.607,210,1
934.102,cool,75,7.607,210,1
934.152,cool,75,7.607,210,1
934.202,cool,75,7.556,210,1
934.253,cool,75,7.556,210,1
934.303,cool,75,7.556,210,1
934.353,cool,75,7.556,210,1
934.404,cool,75,7.556,210,1
934.454,cool,75,7.556,210,1
934.505,cool,75,7.556,210,1
934.555,cool,75,7.556,210,1
934.605,cool,75,7.556,210,1
934.656,cool,75,7.556,210,1
934.706,cool,75,7.556,210,1
934.757,cool,75,7.556,210,1
934.807,cool,75,7.556,210,1
934.858,cool,75,7.556,210,1
934.908,cool,75,7.556,210,1
934.958,cool,75,7.556,210,1
935.009,cool,75,7.556,210,1
935.06,cool,75,7.556,210,1
935.11,cool,75,7.556,210,1
935.16,cool,75,7.556,210,1
935.21,cool,75,7.599,210,1
935.261,cool,75,7.599,210,1
935.311,cool,75,7.599,210,1
935.362,cool,75,7.599,210,1
935.412,cool,75,7.599,210,1
935.463,cool,75,7.599,210,1
935.513,cool,75,7.599,210,1
935.564,cool,75,7.599,210,1
935.614,cool,75,7.599,210,1
935.664,cool,75,7.599,210,1
935.715,cool,75,7.599,210,1
935.765,cool,75,7.599,210,1
935.815,cool,75,7.599,210,1
935.866,cool,75,7.599,210,1
935.916,cool,75,7.599,210,1
935.967,cool,75,7.599,210,1
936.017,cool,75,7.599,210,1
936.067,cool,75,7.599,210,1
936.118,cool,75,7.599,210,1
936.169,cool,75,7.599,210,1
936.219,cool,75,7.613,210,1
936.27,cool,75,7.613,210,1
936.32,cool,75,7.613,210,1
936.37,cool,75,7.613,210,1
936.421,cool,75,7.613,210,1
936.472,cool,75,7.613,210,1
936.522,cool,75,7.613,210,1
936.572,cool,75,7.613,210,1
936.623,cool,75,7.613,210,1
936.674,cool,75,7.613,210,1
936.724,cool,75,7.613,210,1
936.774,cool,75,7.613,210,1
936.825,cool,75,7.613,210,1
936.876,cool,75,7.613,210,1
936.926,cool,75,7.613,210,1
936.976,cool,75,7.613,210,1
937.027,cool,75,7.613,210,1
937.077,cool,75,7.613,210,1
937.128,cool,75,7.613,210,1
937.178,cool,75,7.616,210,1
937.228,cool,75,7.616,210,1
937.279,cool,75,7.616,210,1
937.329,cool,75,7.616,210,1
937.38,cool,75,7.616,210,1
937.43,cool,75,7.616,210,1
937.48,cool,75,7.616,210,1
937.531,cool,75,7.616,210,1
937.581,cool,75,7.616,210,1
937.632,cool,75,7.616,210,1
937.682,cool,75,7.616,210,1
937.733,cool,75,7.616,210,1
937.783,cool,75,7.616,210,1
937.834,cool,75,7.616,210,1
937.885,cool,75,7.616,210,1
937.935,cool,75,7.616,210,1
937.985,cool,75,7.616,210,1
938.036,cool,75,7.616,210,1
938.086,cool,75,7.616,210,1
938.137,cool,75,7.616,210,1
938.187,cool,75,7.593,210,1
938.238,cool,75,7.593,210,1
938.288,cool,75,7.593,210,1
938.339,cool,75,7.593,210,1
938.389,cool,75,7.593,210,1
938.439,cool,75,7.593,210,1
938.49,cool,75,7.593,210,1
938.54,cool,75,7.593,210,1
938.591,cool,75,7.593,210,1
938.641,cool,75,7.593,210,1
938.691,cool,75,7.593,210,1
938.742,cool,75,7.593,210,1
938.792,cool,75,7.593,210,1
938.843,cool,75,7.593,210,1
938.894,cool,75,7.593,210,1
938.944,cool,75,7.593,210,1
938.995,cool,75,7.593,210,1
939.045,cool,75,7.593,210,1
939.096,cool,75,7.593,210,1
939.146,cool,75,7.593,210,1
939.196,cool,75,7.56,210,1
939.247,cool,75,7.56,210,1
939.298,cool,75,7.56,210,1
939.348,cool,75,7.56,210,1
939.398,cool,75,7.56,210,1
939.449,cool,75,7.56,210,1
939.5,cool,75,7.56,210,1
939.55,cool,75,7.56,210,1
939.6,cool,75,7.56,210,1
939.65,cool,75,7.56,210,1
939.701,cool,75,7.56,210,1
939.751,cool,75,7.56,210,1
939.802,cool,75,7.56,210,1
939.853,cool,75,7.56,210,1
939.903,cool,75,7.56,210,1
939.954,cool,75,7.56,210,1
940.004,cool,75,7.56,210,1
940.055,cool,75,7.56,210,1
940.105,cool,75,7.56,210,1
940.155,cool,75,7.56,210,1
940.206,cool,74,7.502,210,1
940.256,cool,74,7.502,210,1
940.307,cool,74,7.502,210,1
940.357,cool,74,7.502,210,1
940.407,cool,74,7.502,210,1
940.458,cool,74,7.502,210,1
940.508,cool,74,7.502,210,1
940.559,cool,74,7.502,210,1
940.609,cool,74,7.502,210,1
940.66,cool,74,7.502,210,1
940.71,cool,74,7.502,210,1
940.761,cool,74,7.502,210,1
940.811,cool,74,7.502,210,1
940.861,cool,74,7.502,210,1
940.912,cool,74,7.502,210,1
940.962,cool,74,7.502,210,1
941.012,cool,74,7.502,210,1
941.062,cool,74,7.502,210,1
941.113,cool,74,7.502,210,1
941.163,cool,74,7.502,210,1
941.214,cool,74,7.45,210,1
941.264,cool,74,7.45,210,1
941.314,cool,74,7.45,210,1
941.365,cool,74,7.45,210,1
941.416,cool,74,7.45,210,1
941.466,cool,74,7.45,210,1
941.517,cool,74,7.45,210,1
941.574,cool,74,7.45,210,1
941.626,cool,74,7.45,210,1
941.677,cool,74,7.45,210,1
941.728,cool,74,7.45,210,1
941.778,cool,74,7.45,210,1
941.828,cool,74,7.45,210,1
941.879,cool,74,7.45,210,1
941.929,cool,74,7.45,210,1
941.98,cool,74,7.45,210,1
942.033,cool,74,7.45,210,1
942.084,cool,74,7.45,210,1
942.135,cool,74,7.45,210,1
942.185,cool,74,7.444,210,1
942.236,cool,74,7.444,210,1
942.286,cool,74,7.444,210,1
942.337,cool,74,7.444,210,1
942.387,cool,74,7.444,210,1
942.437,cool,74,7.444,210,1
942.488,cool,74,7.444,210,1
942.538,cool,74,7.444,210,1
942.589,cool,74,7.444,210,1
942.639,cool,74,7.444,210,1
942.689,cool,74,7.444,210,1
942.74,cool,74,7.444,210,1
942.79,cool,74,7.444,210,1
942.84,cool,74,7.444,210,1
942.891,cool,74,7.444,210,1
942.941,cool,74,7.444,210,1
942.991,cool,74,7.444,210,1
943.042,cool,74,7.444,210,1
943.092,cool,74,7.444,210,1
943.143,cool,74,7.444,210,1
943.194,cool,75,8.3,1500,1
943.244,cool,75,8.3,1500,1
943.294,cool,75,8.3,1500,1
943.345,cool,75,8.3,1500,1
943.395,cool,75,8.3,1500,1
943.445,cool,75,8.3,1500,1
943.496,cool,75,8.3,1500,1
943.546,cool,75,8.3,1500,1
943.597,cool,75,8.3,1500,1
943.648,cool,75,8.3,1500,1
943.698,cool,76,11.453,1500,1
943.748,cool,76,11.453,1500,1
943.799,cool,76,11.453,1500,1
943.849,cool,76,11.453,1500,1
943.9,cool,76,11.453,1500,1
943.95,cool,76,11.453,1500,1
944.001,cool,76,11.453,1500,1
944.051,cool,76,11.453,1500,1
944.102,cool,76,11.453,1500,1
944.152,cool,76,11.453,1500,1
944.203,cool,78,19.166,1500,1
944.253,cool,78,19.166,1500,1
944.304,cool,78,19.166,1500,1
944.354,cool,78,19.166,1500,1
944.405,cool,78,19.166,1500,1
944.455,cool,78,19.166,1500,1
944.506,cool,78,19.166,1500,1
944.556,cool,78,19.166,1500,1
944.607,cool,78,19.166,1500,1
944.657,cool,78,19.166,1500,1
944.708,cool,77,19.302,1500,1
944.758,cool,77,19.302,1500,1
944.808,cool,77,19.302,1500,1
944.859,cool,77,19.302,1500,1
944.909,cool,77,19.302,1500,1
944.96,cool,77,19.302,1500,1
945.01,cool,77,19.302,1500,1
945.061,cool,77,19.302,1500,1
945.111,cool,77,19.302,1500,1
945.161,cool,77,19.302,1500,1
945.211,cool,77,18.809,1500,1
945.262,cool,77,18.809,1500,1
945.312,cool,77,18.809,1500,1
945.363,cool,77,18.809,1500,1
945.413,cool,77,18.809,1500,1
945.463,cool,77,18.809,1500,1
945.514,cool,77,18.809,1500,1
945.564,cool,77,18.809,1500,1
945.615,cool,77,18.809,1500,1
945.665,cool,77,18.809,1500,1
945.715,cool,77,18.809,1500,1
945.766,cool,77,18.809,1500,1
945.816,cool,77,18.809,1500,1
945.866,cool,77,18.809,1500,1
945.917,cool,77,18.809,1500,1
945.967,cool,77,18.809,1500,1
946.018,cool,77,18.809,1500,1
946.068,cool,77,18.809,1500,1
946.119,cool,77,18.809,1500,1
946.169,cool,77,18.809,1500,1
946.22,cool,75,12.764,562,1
946.27,cool,75,12.764,562,1
946.321,cool,75,12.764,562,1
946.371,cool,75,12.764,562,1
946.422,cool,75,12.764,562,1
946.472,cool,75,12.764,562,1
946.523,cool,75,12.764,562,1
946.573,cool,75,12.764,562,1
946.623,cool,75,12.764,562,1
946.674,cool,75,12.764,562,1
946.724,cool,75,12.764,562,1
946.775,cool,75,12.764,562,1
946.825,cool,75,12.764,562,1
946.875,cool,75,12.764,562,1
946.926,cool,75,12.764,562,1
946.976,cool,75,12.764,562,1
947.026,cool,75,12.764,562,1
947.076,cool,75,12.764,562,1
947.127,cool,75,12.764,562,1
947.177,cool,75,12.764,562,1
947.228,cool,74,9.941,352,1
947.278,cool,74,9.941,352,1
947.329,cool,74,9.941,352,1
947.379,cool,74,9.941,352,1
947.429,cool,74,9.941,352,1
947.48,cool,74,9.941,352,1
947.531,cool,74,9.941,352,1
947.581,cool,74,9.941,352,1
947.631,cool,74,9.941,352,1
947.682,cool,74,9.941,352,1
947.732,cool,74,9.941,352,1
947.783,cool,74,9.941,352,1
947.833,cool,74,9.941,352,1
947.883,cool,74,9.941,352,1
947.934,cool,74,9.941,352,1
947.984,cool,74,9.941,352,1
948.034,cool,74,9.941,352,1
948.085,cool,74,9.941,352,1
948.135,cool,74,9.941,352,1
948.185,cool,74,7.582,217,1
948.236,cool,74,7.582,217,1
948.286,cool,74,7.582,217,1
948.337,cool,74,7.582,217,1
948.387,cool,74,7.582,217,1
948.438,cool,74,7.582,217,1
948.489,cool,74,7.582,217,1
948.539,cool,74,7.582,217,1
948.589,cool,74,7.582,217,1
948.64,cool,74,7.582,217,1
948.69,cool,74,7.582,217,1
948.74,cool,74,7.582,217,1
948.791,cool,74,7.582,217,1
948.841,cool,74,7.582,217,1
948.891,cool,74,7.582,217,1
948.942,cool,74,7.582,217,1
948.992,cool,74,7.582,217,1
949.042,cool,74,7.582,217,1
949.092,cool,74,7.582,217,1
949.143,cool,74,7.582,217,1
949.193,cool,73,7.454,210,1
949.243,cool,73,7.454,210,1
949.294,cool,73,7.454,210,1
949.344,cool,73,7.454,210,1
949.395,cool,73,7.454,210,1
949.445,cool,73,7.454,210,1
949.496,cool,73,7.454,210,1
949.549,cool,73,7.454,210,1
949.599,cool,73,7.454,210,1
949.649,cool,73,7.454,210,1
949.7,cool,73,7.454,210,1
949.75,cool,73,7.454,210,1
949.8,cool,73,7.454,210,1
949.85,cool,73,7.454,210,1
949.901,cool,73,7.454,210,1
949.952,cool,73,7.454,210,1
950.002,cool,73,7.454,210,1
950.052,cool,73,7.454,210,1
950.103,cool,73,7.454,210,1
950.153,cool,73,7.454,210,1
950.204,cool,73,7.381,210,1
950.254,cool,73,7.381,210,1
950.304,cool,73,7.381,210,1
950.355,cool,73,7.381,210,1
950.405,cool,73,7.381,210,1
950.456,cool,73,7.381,210,1
950.506,cool,73,7.381,210,1
950.557,cool,73,7.381,210,1
950.607,cool,73,7.381,210,1
950.658,cool,73,7.381,210,1
950.708,cool,73,7.381,210,1
950.759,cool,73,7.381,210,1
950.809,cool,73,7.381,210,1
950.859,cool,73,7.381,210,1
950.909,cool,73,7.381,210,1
950.96,cool,73,7.381,210,1
951.011,cool,73,7.381,210,1
951.061,cool,73,7.381,210,1
951.112,cool,73,7.381,210,1
951.162,cool,73,7.381,210,1
951.213,cool,73,7.328,210,1
951.263,cool,73,7.328,210,1
951.314,cool,73,7.328,210,1
951.364,cool,73,7.328,210,1
951.415,cool,73,7.328,210,1
951.465,cool,73,7.328,210,1
951.516,cool,73,7.328,210,1
951.566,cool,73,7.328,210,1
951.616,cool,73,7.328,210,1
951.667,cool,73,7.328,210,1
951.718,cool,73,7.328,210,1
951.768,cool,73,7.328,210,1
951.818,cool,73,7.328,210,1
951.869,cool,73,7.328,210,1
951.92,cool,73,7.328,210,1
951.97,cool,73,7.328,210,1
952.02,cool,73,7.328,210,1
952.071,cool,73,7.328,210,1
952.122,cool,73,7.328,210,1
952.172,cool,73,7.328,210,1
952.223,cool,73,7.272,210,1
952.273,cool,73,7.272,210,1
952.324,cool,73,7.272,210,1
952.374,cool,73,7.272,210,1
952.425,cool,73,7.272,210,1
952.475,cool,73,7.272,210,1
952.526,cool,73,7.272,210,1
952.576,cool,73,7.272,210,1
952.627,cool,73,7.272,210,1
952.677,cool,73,7.272,210,1
952.728,cool,73,7.272,210,1
952.778,cool,73,7.272,210,1
952.828,cool,73,7.272,210,1
952.879,cool,73,7.272,210,1
952.929,cool,73,7.272,210,1
952.979,cool,73,7.272,210,1
953.03,cool,73,7.272,210,1
953.08,cool,73,7.272,210,1
953.131,cool,73,7.272,210,1
953.182,cool,73,7.245,210,1
953.232,cool,73,7.245,210,1
953.283,cool,73,7.245,210,1
953.333,cool,73,7.245,210,1
953.384,cool,73,7.245,210,1
953.434,cool,73,7.245,210,1
953.484,cool,73,7.245,210,1
953.535,cool,73,7.245,210,1
953.585,cool,73,7.245,210,1
953.636,cool,73,7.245,210,1
953.686,cool,73,7.245,210,1
953.737,cool,73,7.245,210,1
953.787,cool,73,7.245,210,1
953.838,cool,73,7.245,210,1
953.889,cool,73,7.245,210,1
953.939,cool,73,7.245,210,1
953.989,cool,73,7.245,210,1
954.04,cool,73,7.245,210,1
954.09,cool,73,7.245,210,1
954.14,cool,73,7.245,210,1
954.191,cool,73,7.254,210,1
954.241,cool,73,7.254,210,1
954.291,cool,73,7.254,210,1
954.342,cool,73,7.254,210,1
954.392,cool,73,7.254,210,1
954.443,cool,73,7.254,210,1
954.493,cool,73,7.254,210,1
954.544,cool,73,7.254,210,1
954.594,cool,73,7.254,210,1
954.645,cool,73,7.254,210,1
954.695,cool,73,7.254,210,1
954.746,cool,73,7.254,210,1
954.796,cool,73,7.254,210,1
954.846,cool,73,7.254,210,1
954.897,cool,73,7.254,210,1
954.947,cool,73,7.254,210,1
954.997,cool,73,7.254,210,1
955.048,cool,73,7.254,210,1
955.098,cool,73,7.254,210,1
955.149,cool,73,7.254,210,1
955.199,cool,72,7.276,210,1
955.25,cool,72,7.276,210,1
955.3,cool,72,7.276,210,1
955.35,cool,72,7.276,210,1
955.401,cool,72,7.276,210,1
955.451,cool,72,7.276,210,1
955.502,cool,72,7.276,210,1
955.552,cool,72,7.276,210,1
955.602,cool,72,7.276,210,1
955.652,cool,72,7.276,210,1
955.703,cool,72,7.276,210,1
955.753,cool,72,7.276,210,1
955.803,cool,72,7.276,210,1
955.853,cool,72,7.276,210,1
955.904,cool,72,7.276,210,1
955.954,cool,72,7.276,210,1
956.004,cool,72,7.276,210,1
956.055,cool,72,7.276,210,1
956.105,cool,72,7.276,210,1
956.155,cool,72,7.276,210,1
956.206,cool,72,7.251,210,1
956.256,cool,72,7.251,210,1
956.307,cool,72,7.251,210,1
956.357,cool,72,7.251,210,1
956.408,cool,72,7.251,210,1
956.458,cool,72,7.251,210,1
956.508,cool,72,7.251,210,1
956.559,cool,72,7.251,210,1
956.609,cool,72,7.251,210,1
956.659,cool,72,7.251,210,1
956.71,cool,72,7.251,210,1
956.76,cool,72,7.251,210,1
956.81,cool,72,7.251,210,1
956.861,cool,72,7.251,210,1
956.912,cool,72,7.251,210,1
956.962,cool,72,7.251,210,1
957.012,cool,72,7.251,210,1
957.063,cool,72,7.251,210,1
957.113,cool,72,7.251,210,1
957.163,cool,72,7.251,210,1
957.214,cool,72,7.219,210,1
957.264,cool,72,7.219,210,1
957.315,cool,72,7.219,210,1
957.365,cool,72,7.219,210,1
957.416,cool,72,7.219,210,1
957.467,cool,72,7.219,210,1
957.517,cool,72,7.219,210,1
957.568,cool,72,7.219,210,1
957.618,cool,72,7.219,210,1
957.668,cool,72,7.219,210,1
957.719,cool,72,7.219,210,1
957.77,cool,72,7.219,210,1
957.82,cool,72,7.219,210,1
957.87,cool,72,7.219,210,1
957.92,cool,72,7.219,210,1
957.971,cool,72,7.219,210,1
958.021,cool,72,7.219,210,1
958.071,cool,72,7.219,210,1
958.122,cool,72,7.219,210,1
958.172,cool,72,7.219,210,1
958.222,cool,72,7.239,210,1
958.272,cool,72,7.239,210,1
958.323,cool,72,7.239,210,1
958.373,cool,72,7.239,210,1
958.423,cool,72,7.239,210,1
958.474,cool,72,7.239,210,1
958.524,cool,72,7.239,210,1
958.575,cool,72,7.239,210,1
958.625,cool,72,7.239,210,1
958.676,cool,72,7.239,210,1
958.726,cool,72,7.239,210,1
958.776,cool,72,7.239,210,1
958.827,cool,72,7.239,210,1
958.877,cool,72,7.239,210,1
958.928,cool,72,7.239,210,1
958.979,cool,72,7.239,210,1
959.029,cool,72,7.239,210,1
959.08,cool,72,7.239,210,1
959.13,cool,72,7.239,210,1
959.181,cool,72,7.239,210,1
959.231,cool,72,7.246,210,1
959.282,cool,72,7.246,210,1
959.332,cool,72,7.246,210,1
959.382,cool,72,7.246,210,1
959.433,cool,72,7.246,210,1
959.483,cool,72,7.246,210,1
959.534,cool,72,7.246,210,1
959.584,cool,72,7.246,210,1
959.634,cool,72,7.246,210,1
959.685,cool,72,7.246,210,1
959.735,cool,72,7.246,210,1
959.786,cool,72,7.246,210,1
959.836,cool,72,7.246,210,1
959.887,cool,72,7.246,210,1
959.937,cool,72,7.246,210,1
959.988,cool,72,7.246,210,1
960.038,cool,72,7.246,210,1
960.089,cool,72,7.246,210,1
960.139,cool,72,7.246,210,1
960.19,cool,72,7.218,210,1
960.24,cool,72,7.218,210,1
960.291,cool,72,7.218,210,1
960.342,cool,72,7.218,210,1
960.392,cool,72,7.218,210,1
960.443,cool,72,7.218,210,1
960.493,cool,72,7.218,210,1
960.543,cool,72,7.218,210,1
960.594,cool,72,7.218,210,1
960.644,cool,72,7.218,210,1
960.695,cool,72,7.218,210,1
960.745,cool,72,7.218,210,1
960.796,cool,72,7.218,210,1
960.846,cool,72,7.218,210,1
960.897,cool,72,7.218,210,1
960.947,cool,72,7.218,210,1
960.998,cool,72,7.218,210,1
961.048,cool,72,7.218,210,1
961.099,cool,72,7.218,210,1
961.15,cool,72,7.218,210,1
961.2,cool,72,7.199,210,1
961.25,cool,72,7.199,210,1
961.301,cool,72,7.199,210,1
961.351,cool,72,7.199,210,1
961.401,cool,72,7.199,210,1
961.452,cool,72,7.199,210,1
961.502,cool,72,7.199,210,1
961.553,cool,72,7.199,210,1
961.603,cool,72,7.199,210,1
961.654,cool,72,7.199,210,1
961.704,cool,72,7.199,210,1
961.754,cool,72,7.199,210,1
961.804,cool,72,7.199,210,1
961.855,cool,72,7.199,210,1
961.905,cool,72,7.199,210,1
961.956,cool,72,7.199,210,1
962.007,cool,72,7.199,210,1
962.057,cool,72,7.199,210,1
962.108,cool,72,7.199,210,1
962.158,cool,72,7.199,210,1
962.208,cool,72,7.18,210,1
962.259,cool,72,7.18,210,1
962.309,cool,72,7.18,210,1
962.36,cool,72,7.18,210,1
962.41,cool,72,7.18,210,1
962.46,cool,72,7.18,210,1
962.511,cool,72,7.18,210,1
962.561,cool,72,7.18,210,1
962.612,cool,72,7.18,210,1
962.662,cool,72,7.18,210,1
962.712,cool,72,7.18,210,1
962.763,cool,72,7.18,210,1
962.813,cool,72,7.18,210,1
962.864,cool,72,7.18,210,1
962.914,cool,72,7.18,210,1
962.965,cool,72,7.18,210,1
963.015,cool,72,7.18,210,1
963.066,cool,72,7.18,210,1
963.116,cool,72,7.18,210,1
963.167,cool,72,7.18,210,1
963.217,cool,72,7.166,210,1
963.268,cool,72,7.166,210,1
963.319,cool,72,7.166,210,1
963.369,cool,72,7.166,210,1
963.419,cool,72,7.166,210,1
963.47,cool,72,7.166,210,1
963.52,cool,72,7.166,210,1
963.57,cool,72,7.166,210,1
963.621,cool,72,7.166,210,1
963.671,cool,72,7.166,210,1
963.722,cool,72,7.166,210,1
963.772,cool,72,7.166,210,1
963.823,cool,72,7.166,210,1
963.873,cool,72,7.166,210,1
963.924,cool,72,7.166,210,1
963.974,cool,72,7.166,210,1
964.024,cool,72,7.166,210,1
964.075,cool,72,7.166,210,1
964.125,cool,72,7.166,210,1
964.176,cool,72,7.166,210,1
964.226,cool,71,7.193,210,1
964.276,cool,71,7.193,210,1
964.327,cool,71,7.193,210,1
964.377,cool,71,7.193,210,1
964.427,cool,71,7.193,210,1
964.478,cool,71,7.193,210,1
964.528,cool,71,7.193,210,1
964.579,cool,71,7.193,210,1
964.629,cool,71,7.193,210,1
964.679,cool,71,7.193,210,1
964.73,cool,71,7.193,210,1
964.78,cool,71,7.193,210,1
964.83,cool,71,7.193,210,1
964.881,cool,71,7.193,210,1
964.931,cool,71,7.193,210,1
964.981,cool,71,7.193,210,1
965.032,cool,71,7.193,210,1
965.082,cool,71,7.193,210,1
965.133,cool,71,7.193,210,1
965.183,cool,71,7.193,210,1
965.233,cool,71,7.179,210,1
965.284,cool,71,7.179,210,1
965.334,cool,71,7.179,210,1
965.385,cool,71,7.179,210,1
965.435,cool,71,7.179,210,1
965.486,cool,71,7.179,210,1
965.536,cool,71,7.179,210,1
965.587,cool,71,7.179,210,1
965.637,cool,71,7.179,210,1
965.687,cool,71,7.179,210,1
965.738,cool,71,7.179,210,1
965.788,cool,71,7.179,210,1
965.839,cool,71,7.179,210,1
965.889,cool,71,7.179,210,1
965.939,cool,71,7.179,210,1
965.99,cool,71,7.179,210,1
966.041,cool,71,7.179,210,1
966.091,cool,71,7.179,210,1
966.141,cool,71,7.179,210,1
966.192,cool,71,7.139,210,1
966.242,cool,71,7.139,210,1
966.293,cool,71,7.139,210,1
966.343,cool,71,7.139,210,1
966.394,cool,71,7.139,210,1
966.444,cool,71,7.139,210,1
966.494,cool,71,7.139,210,1
966.545,cool,71,7.139,210,1
966.595,cool,71,7.139,210,1
966.645,cool,71,7.139,210,1
966.696,cool,71,7.139,210,1
966.746,cool,71,7.139,210,1
966.796,cool,71,7.139,210,1
966.847,cool,71,7.139,210,1
966.897,cool,71,7.139,210,1
966.947,cool,71,7.139,210,1
966.998,cool,71,7.139,210,1
967.048,cool,71,7.139,210,1
967.099,cool,71,7.139,210,1
967.15,cool,71,7.139,210,1
967.2,cool,71,7.104,210,1
967.251,cool,71,7.104,210,1
967.301,cool,71,7.104,210,1
967.352,cool,71,7.104,210,1
967.402,cool,71,7.104,210,1
967.452,cool,71,7.104,210,1
967.503,cool,71,7.104,210,1
967.554,cool,71,7.104,210,1
967.604,cool,71,7.104,210,1
967.654,cool,71,7.104,210,1
967.705,cool,71,7.104,210,1
967.755,cool,71,7.104,210,1
967.806,cool,71,7.104,210,1
967.856,cool,71,7.104,210,1
967.907,cool,71,7.104,210,1
967.958,cool,71,7.104,210,1
968.008,cool,71,7.104,210,1
968.058,cool,71,7.104,210,1
968.109,cool,71,7.104,210,1
968.159,cool,71,7.104,210,1
968.209,cool,71,7.07,210,1
968.26,cool,71,7.07,210,1
968.311,cool,71,7.07,210,1
968.361,cool,71,7.07,210,1
968.412,cool,71,7.07,210,1
968.462,cool,71,7.07,210,1
968.512,cool,71,7.07,210,1
968.563,cool,71,7.07,210,1
968.613,cool,71,7.07,210,1
968.664,cool,71,7.07,210,1
968.715,cool,71,7.07,210,1
968.765,cool,71,7.07,210,1
968.815,cool,71,7.07,210,1
968.866,cool,71,7.07,210,1
968.916,cool,71,7.07,210,1
968.967,cool,71,7.07,210,1
969.018,cool,71,7.07,210,1
969.068,cool,71,7.07,210,1
969.118,cool,71,7.07,210,1
969.169,cool,71,7.07,210,1
969.219,cool,71,6.996,210,1
969.27,cool,71,6.996,210,1
969.32,cool,71,6.996,210,1
969.371,cool,71,6.996,210,1
969.421,cool,71,6.996,210,1
969.472,cool,71,6.996,210,1
969.522,cool,71,6.996,210,1
969.573,cool,71,6.996,210,1
969.623,cool,71,6.996,210,1
969.673,cool,71,6.996,210,1
969.724,cool,71,6.996,210,1
969.774,cool,71,6.996,210,1
969.825,cool,71,6.996,210,1
969.875,cool,71,6.996,210,1
969.926,cool,71,6.996,210,1
969.976,cool,71,6.996,210,1
970.026,cool,71,6.996,210,1
970.077,cool,71,6.996,210,1
